Timestamp,Fecha,Class,AF3/theta,AF3/alpha,AF3/betaL,AF3/betaH,AF3/gamma,F7/theta,F7/alpha,F7/betaL,F7/betaH,F7/gamma,F3/theta,F3/alpha,F3/betaL,F3/betaH,F3/gamma,FC5/theta,FC5/alpha,FC5/betaL,FC5/betaH,FC5/gamma,T7/theta,T7/alpha,T7/betaL,T7/betaH,T7/gamma,P7/theta,P7/alpha,P7/betaL,P7/betaH,P7/gamma,O1/theta,O1/alpha,O1/betaL,O1/betaH,O1/gamma,O2/theta,O2/alpha,O2/betaL,O2/betaH,O2/gamma,P8/theta,P8/alpha,P8/betaL,P8/betaH,P8/gamma,T8/theta,T8/alpha,T8/betaL,T8/betaH,T8/gamma,FC6/theta,FC6/alpha,FC6/betaL,FC6/betaH,FC6/gamma,F4/theta,F4/alpha,F4/betaL,F4/betaH,F4/gamma,F8/theta,F8/alpha,F8/betaL,F8/betaH,F8/gamma,AF4/theta,AF4/alpha,AF4/betaL,AF4/betaH,AF4/gamma
1761327504,2025-10-24,neutral,13.043,7.14,1.972,1.274,0.542,13.167,7.828,1.963,1.445,0.558,12.657,5.847,2.097,1.211,0.428,24.17,11.381,2.941,2.005,0.614,18.292,7.357,2.181,1.724,0.739,4.952,1.972,0.623,0.472,0.161,18.189,5.562,2.003,1.152,0.628,20.052,8.206,3.238,1.694,0.523,8.132,4.492,1.507,0.656,0.348,15.399,6.547,2.804,1.661,0.524,4.235,2.343,1.115,0.613,0.183,27.016,12.162,4.234,2.338,0.727,27.362,11.4,4.285,2.159,0.716,26.156,12.634,3.974,2.459,0.799
1761327504,2025-10-24,neutral,9.054,6.757,1.46,1.092,0.498,9.456,7.035,1.478,1.301,0.507,8.532,5.883,1.646,1.044,0.379,16.993,10.572,2.091,1.767,0.529,15.159,7.1,1.574,1.443,0.682,3.963,1.936,0.466,0.41,0.143,13.449,5.09,1.404,1.023,0.564,13.412,7.751,2.506,1.574,0.444,6.183,4.256,1.173,0.61,0.305,12.304,6.582,1.973,1.475,0.416,3.035,2.324,0.91,0.54,0.142,19.015,12.054,3.369,2.161,0.606,20.375,11.274,3.262,1.88,0.587,18.39,12.174,2.975,2.077,0.691
1761327505,2025-10-24,neutral,7.791,6.574,1.247,0.98,0.487,8.147,6.45,1.306,1.207,0.487,7.035,6.115,1.455,0.939,0.36,14.089,10.077,1.746,1.641,0.499,16.062,7.113,1.305,1.314,0.64,4.142,1.959,0.384,0.374,0.14,11.978,5.02,1.123,0.99,0.535,9.739,7.435,2.122,1.525,0.405,5.429,4.022,1.08,0.6,0.279,11.545,6.578,1.634,1.412,0.344,2.546,2.334,0.832,0.509,0.12,15.949,12.231,3.022,2.089,0.543,18.109,11.258,2.847,1.785,0.504,15.778,12.154,2.621,1.883,0.643
1761327505,2025-10-24,neutral,9.147,6.676,1.253,0.906,0.489,8.98,6.147,1.361,1.133,0.483,8.273,6.554,1.448,0.877,0.36,15.434,9.996,1.821,1.578,0.498,21.462,7.546,1.339,1.289,0.606,5.68,2.07,0.368,0.354,0.149,14.94,5.493,1.085,1.001,0.524,9.571,7.314,2.024,1.509,0.396,6.052,3.837,1.187,0.609,0.261,12.774,6.611,1.754,1.435,0.302,2.746,2.414,0.833,0.496,0.113,18.193,12.764,3.009,2.046,0.521,20.698,11.45,2.865,1.796,0.451,18.288,12.665,2.75,1.808,0.624
1761327505,2025-10-24,neutral,12.006,6.982,1.397,0.861,0.484,10.938,5.988,1.531,1.074,0.475,11.244,7.062,1.544,0.847,0.362,19.294,10.118,2.152,1.549,0.493,29.518,8.252,1.619,1.324,0.568,8.018,2.219,0.413,0.342,0.159,21.435,6.355,1.201,1.016,0.511,11.931,7.291,2.113,1.493,0.4,7.55,3.69,1.397,0.623,0.241,14.731,6.669,2.199,1.499,0.277,3.38,2.557,0.876,0.48,0.113,23.818,13.46,3.143,1.985,0.518,25.939,11.726,3.1,1.837,0.41,23.738,13.489,3.141,1.787,0.6
1761327505,2025-10-24,neutral,15.045,7.352,1.603,0.839,0.461,13.012,5.794,1.718,1.022,0.448,14.559,7.46,1.676,0.838,0.352,23.556,10.165,2.548,1.525,0.466,37.034,8.895,2.054,1.361,0.52,10.169,2.321,0.504,0.334,0.161,29.277,7.266,1.386,1.006,0.479,15.264,7.238,2.273,1.447,0.4,9.172,3.567,1.583,0.625,0.215,16.281,6.723,2.735,1.549,0.263,4.099,2.72,0.938,0.451,0.111,30.034,14.067,3.285,1.894,0.513,31.122,11.948,3.345,1.859,0.371,29.491,14.306,3.582,1.768,0.555
1761327505,2025-10-24,neutral,17.381,7.694,1.795,0.839,0.422,14.664,5.534,1.852,0.977,0.403,17.207,7.663,1.803,0.848,0.332,26.899,10.067,2.861,1.495,0.418,41.872,9.26,2.552,1.362,0.462,11.627,2.336,0.626,0.326,0.153,36.064,7.955,1.597,0.971,0.429,18.398,7.168,2.44,1.369,0.391,10.363,3.482,1.651,0.609,0.19,17.053,6.81,3.16,1.553,0.262,4.703,2.858,1.017,0.413,0.105,34.789,14.457,3.387,1.798,0.502,34.48,12.103,3.475,1.859,0.34,33.882,14.916,3.907,1.744,0.495
1761327505,2025-10-24,neutral,18.966,7.717,1.941,0.86,0.378,16.109,5.138,1.928,0.943,0.349,18.922,7.481,1.935,0.877,0.308,29.3,9.606,3.06,1.46,0.363,43.27,9.069,3.035,1.313,0.401,12.028,2.218,0.762,0.318,0.136,39.752,8.049,1.831,0.923,0.37,21.032,6.972,2.624,1.279,0.373,11.08,3.386,1.601,0.578,0.172,17.489,6.787,3.366,1.507,0.279,5.23,2.87,1.118,0.38,0.095,37.571,14.221,3.522,1.737,0.49,36.143,11.904,3.496,1.859,0.322,36.843,14.824,4.093,1.733,0.435
1761327505,2025-10-24,neutral,19.601,7.185,2.009,0.889,0.34,17.005,4.56,1.939,0.916,0.297,19.413,6.809,2.053,0.911,0.288,30.337,8.637,3.142,1.417,0.316,41.175,8.192,3.385,1.215,0.342,11.487,1.956,0.878,0.309,0.116,39.318,7.407,2.059,0.875,0.313,22.733,6.55,2.789,1.191,0.353,11.229,3.204,1.464,0.536,0.167,17.647,6.494,3.293,1.414,0.31,5.558,2.685,1.211,0.359,0.085,37.934,13.062,3.695,1.715,0.478,36.208,11.117,3.403,1.862,0.325,38.107,13.704,4.111,1.734,0.393
1761327505,2025-10-24,neutral,19.64,6.13,1.961,0.906,0.323,17.654,3.872,1.874,0.886,0.261,19.051,5.759,2.099,0.934,0.28,30.537,7.3,3.093,1.357,0.292,36.73,6.864,3.512,1.086,0.301,10.229,1.622,0.941,0.297,0.099,35.448,6.267,2.227,0.83,0.274,23.642,5.955,2.87,1.115,0.344,11.049,2.924,1.281,0.492,0.176,17.758,5.932,2.953,1.278,0.356,5.818,2.318,1.251,0.351,0.082,36.711,11.127,3.815,1.708,0.478,35.421,9.789,3.177,1.851,0.353,38.238,11.675,3.92,1.73,0.386
1761327506,2025-10-24,neutral,19.791,4.889,1.775,0.904,0.336,18.245,3.244,1.718,0.858,0.251,18.468,4.666,2.014,0.936,0.29,30.686,6.012,2.905,1.287,0.302,32.321,5.579,3.375,0.96,0.294,9.043,1.336,0.926,0.283,0.09,30.126,5.118,2.278,0.8,0.265,24.21,5.415,2.811,1.077,0.361,10.833,2.626,1.077,0.464,0.201,18.35,5.281,2.426,1.117,0.413,6.018,1.886,1.196,0.352,0.091,35.496,9.055,3.754,1.701,0.502,35.117,8.347,2.79,1.815,0.412,38.273,9.365,3.49,1.715,0.429
1761327506,2025-10-24,neutral,20.746,3.865,1.494,0.899,0.379,19.279,2.817,1.506,0.853,0.27,18.376,3.857,1.806,0.926,0.319,31.792,5.159,2.622,1.236,0.345,29.704,4.737,3.026,0.876,0.329,8.318,1.176,0.834,0.274,0.092,25.617,4.353,2.209,0.8,0.29,25.052,5.089,2.629,1.102,0.413,10.93,2.404,0.875,0.473,0.243,19.661,4.742,1.852,0.958,0.476,6.342,1.53,1.046,0.364,0.119,35.966,7.516,3.483,1.705,0.556,36.329,7.257,2.301,1.763,0.501,39.276,7.473,2.9,1.711,0.521
1761327506,2025-10-24,neutral,22.748,3.395,1.213,0.923,0.438,20.884,2.712,1.304,0.897,0.308,19.05,3.561,1.544,0.923,0.358,34.222,5.011,2.325,1.242,0.405,29.779,4.571,2.595,0.86,0.397,8.387,1.179,0.695,0.276,0.103,23.379,4.208,2.059,0.843,0.341,26.383,5.117,2.401,1.202,0.493,11.367,2.333,0.708,0.528,0.295,21.554,4.509,1.392,0.83,0.537,6.74,1.347,0.847,0.386,0.16,38.677,6.981,3.095,1.749,0.631,39.127,6.872,1.882,1.732,0.609,41.625,6.55,2.339,1.766,0.647
1761327506,2025-10-24,neutral,24.442,3.588,1.032,1.005,0.491,22.225,2.962,1.177,1.004,0.354,19.519,3.807,1.317,0.95,0.397,36.259,5.56,2.081,1.333,0.464,30.707,5.038,2.212,0.92,0.475,8.644,1.325,0.552,0.291,0.118,22.757,4.661,1.88,0.932,0.398,26.949,5.539,2.199,1.36,0.58,11.507,2.417,0.609,0.625,0.346,22.681,4.665,1.163,0.77,0.584,6.876,1.365,0.666,0.42,0.206,41.298,7.557,2.72,1.856,0.707,40.855,7.285,1.726,1.755,0.715,43.016,6.732,2.009,1.918,0.778
1761327506,2025-10-24,neutral,24.866,4.305,1.026,1.139,0.521,22.634,3.552,1.186,1.162,0.392,19.1,4.442,1.208,1.01,0.424,36.599,6.638,1.96,1.499,0.505,30.826,5.903,1.977,1.037,0.538,8.678,1.562,0.447,0.319,0.133,22.421,5.466,1.726,1.049,0.444,26.078,6.283,2.071,1.529,0.645,10.993,2.583,0.599,0.736,0.383,22.27,5.156,1.205,0.793,0.609,6.624,1.543,0.566,0.46,0.244,42.047,8.983,2.495,2.011,0.758,40.316,8.279,1.968,1.832,0.798,42.066,7.698,2.076,2.147,0.886
1761327506,2025-10-24,neutral,23.496,5.277,1.209,1.29,0.52,21.674,4.394,1.361,1.336,0.414,17.452,5.253,1.255,1.085,0.434,34.413,8.003,2.016,1.697,0.52,29.249,6.884,1.943,1.176,0.568,8.197,1.836,0.41,0.354,0.145,20.927,6.294,1.637,1.164,0.469,23.548,7.188,2.045,1.654,0.668,9.741,2.739,0.679,0.825,0.397,20.173,5.838,1.491,0.89,0.608,5.992,1.817,0.584,0.496,0.266,39.879,10.816,2.496,2.167,0.772,37.3,9.603,2.613,1.929,0.848,38.411,8.958,2.584,2.382,0.955
1761327506,2025-10-24,neutral,20.74,6.272,1.514,1.407,0.495,19.449,5.381,1.664,1.482,0.414,14.973,6.104,1.424,1.145,0.43,30.092,9.513,2.24,1.866,0.513,25.976,7.935,2.103,1.298,0.565,7.215,2.159,0.452,0.389,0.154,18.192,6.984,1.619,1.243,0.47,20.009,8.18,2.14,1.693,0.645,8.068,2.886,0.827,0.862,0.384,17.023,6.62,1.928,1.028,0.585,5.177,2.151,0.706,0.516,0.269,35.464,12.75,2.704,2.266,0.751,32.916,11.131,3.491,2,0.863,33.09,10.178,3.389,2.536,0.98
1761327506,2025-10-24,neutral,17.264,7.04,1.817,1.443,0.456,16.033,6.28,1.998,1.562,0.394,12.171,6.805,1.614,1.156,0.414,24.229,10.874,2.529,1.945,0.491,21.223,8.867,2.355,1.368,0.538,5.816,2.483,0.547,0.412,0.158,14.84,7.386,1.644,1.257,0.449,16.135,9.017,2.328,1.63,0.584,6.265,3.016,0.998,0.836,0.352,13.605,7.298,2.368,1.153,0.551,4.338,2.486,0.871,0.512,0.259,29.913,14.334,2.974,2.25,0.711,28.428,12.51,4.298,1.994,0.852,27.364,11.01,4.202,2.542,0.967
1761327507,2025-10-24,neutral,13.766,7.333,1.981,1.38,0.415,12.15,6.822,2.233,1.556,0.362,9.472,7.117,1.709,1.105,0.395,17.912,11.654,2.728,1.905,0.463,15.89,9.372,2.536,1.361,0.503,4.261,2.708,0.644,0.416,0.156,11.712,7.383,1.663,1.196,0.416,12.421,9.381,2.517,1.481,0.505,4.518,3.089,1.136,0.759,0.315,10.481,7.589,2.636,1.214,0.512,3.574,2.73,0.996,0.483,0.242,24.186,15.042,3.109,2.1,0.67,24.344,13.285,4.714,1.889,0.821,22.019,11.149,4.683,2.383,0.928
1761327507,2025-10-24,neutral,11.128,6.995,1.93,1.243,0.38,8.971,6.831,2.283,1.477,0.33,7.504,6.853,1.644,1.006,0.375,12.813,11.497,2.735,1.771,0.437,11.324,9.187,2.528,1.285,0.472,2.984,2.737,0.698,0.402,0.149,10.006,6.926,1.643,1.082,0.379,9.645,9.051,2.607,1.297,0.427,3.167,3.049,1.2,0.667,0.286,8.342,7.292,2.633,1.197,0.474,3.025,2.794,1.021,0.441,0.227,19.601,14.497,2.976,1.857,0.637,21.239,13.128,4.563,1.718,0.776,18.036,10.447,4.624,2.117,0.869
1761327507,2025-10-24,neutral,9.317,6.066,1.67,1.081,0.354,6.957,6.319,2.125,1.353,0.306,6.205,6.001,1.425,0.888,0.358,9.486,10.335,2.532,1.593,0.418,8.344,8.277,2.298,1.168,0.451,2.186,2.537,0.686,0.375,0.139,9.864,6.121,1.564,0.949,0.347,7.834,8.076,2.524,1.134,0.366,2.267,2.865,1.176,0.601,0.272,7.301,6.482,2.374,1.123,0.439,2.65,2.647,0.928,0.402,0.216,16.186,12.717,2.567,1.588,0.615,18.97,12.057,3.889,1.547,0.719,15.245,9.036,4.017,1.833,0.797
1761327507,2025-10-24,neutral,8.204,4.777,1.301,0.94,0.333,6.389,5.46,1.816,1.213,0.296,5.492,4.74,1.117,0.776,0.341,8.125,8.407,2.192,1.421,0.403,7.113,6.813,1.905,1.044,0.433,1.934,2.144,0.612,0.347,0.128,11.372,5.143,1.433,0.826,0.323,7.001,6.699,2.262,1.02,0.327,1.866,2.544,1.083,0.587,0.275,7.292,5.408,1.992,1.034,0.406,2.42,2.322,0.747,0.376,0.208,13.813,10.091,1.996,1.354,0.594,17.139,10.389,2.963,1.432,0.652,13.342,7.266,3.07,1.608,0.716
1761327507,2025-10-24,neutral,7.098,3.495,0.957,0.846,0.317,6.543,4.573,1.481,1.086,0.299,4.805,3.401,0.817,0.685,0.326,7.694,6.265,1.846,1.289,0.39,7.149,5.189,1.471,0.945,0.411,2.059,1.673,0.505,0.322,0.118,13.273,4.22,1.275,0.735,0.307,6.5,5.316,1.864,0.956,0.304,1.78,2.152,0.944,0.622,0.285,7.658,4.44,1.64,0.967,0.37,2.197,1.92,0.538,0.366,0.198,11.526,7.337,1.427,1.189,0.565,15.076,8.66,2.125,1.392,0.581,11.35,5.627,2.092,1.476,0.634
1761327507,2025-10-24,neutral,5.838,2.559,0.759,0.8,0.309,6.941,3.962,1.284,0.989,0.312,4.15,2.318,0.612,0.62,0.317,7.626,4.523,1.647,1.202,0.38,7.635,3.832,1.141,0.883,0.381,2.336,1.261,0.41,0.305,0.113,15.06,3.522,1.145,0.681,0.3,6.36,4.273,1.433,0.922,0.293,1.967,1.789,0.788,0.68,0.296,8.259,3.867,1.428,0.934,0.334,1.972,1.56,0.364,0.367,0.186,9.479,5.157,1.022,1.094,0.53,12.939,7.335,1.631,1.407,0.523,9.248,4.517,1.37,1.431,0.572
1761327507,2025-10-24,neutral,4.569,2.208,0.765,0.794,0.316,7.074,3.872,1.35,0.933,0.335,3.552,1.755,0.56,0.586,0.323,7.452,3.721,1.708,1.151,0.381,8.125,3.142,1.039,0.857,0.35,2.606,1.031,0.367,0.293,0.114,16.01,3.163,1.111,0.66,0.302,6.512,3.789,1.071,0.905,0.296,2.315,1.558,0.631,0.729,0.304,9.016,3.782,1.354,0.929,0.307,1.707,1.334,0.26,0.369,0.173,7.847,4.073,0.882,1.063,0.502,11.216,6.69,1.541,1.443,0.497,7.381,4.205,1.06,1.446,0.556
1761327507,2025-10-24,neutral,3.663,2.409,0.949,0.816,0.338,6.908,4.314,1.678,0.912,0.36,3.318,1.747,0.662,0.582,0.347,7.298,4.01,2.029,1.121,0.395,8.219,3.264,1.201,0.851,0.328,2.732,1.031,0.391,0.282,0.119,15.951,3.084,1.215,0.664,0.311,7.105,3.804,0.856,0.902,0.311,2.816,1.519,0.488,0.753,0.306,9.747,4.045,1.343,0.934,0.298,1.681,1.243,0.229,0.369,0.165,7.167,4.1,1.022,1.085,0.499,10.288,6.657,1.754,1.477,0.506,6.237,4.611,1.152,1.496,0.596
1761327508,2025-10-24,neutral,3.276,2.986,1.219,0.852,0.37,6.444,5.17,2.141,0.909,0.379,3.477,2.164,0.864,0.603,0.381,7.211,5.236,2.49,1.094,0.418,8.003,4.122,1.561,0.844,0.32,2.71,1.238,0.468,0.268,0.125,14.859,3.197,1.452,0.681,0.319,7.844,4.143,0.807,0.92,0.334,3.356,1.677,0.367,0.745,0.301,10.121,4.444,1.307,0.934,0.309,1.752,1.24,0.244,0.367,0.164,7.37,4.953,1.354,1.139,0.522,10.073,6.992,2.055,1.498,0.536,5.841,5.506,1.489,1.556,0.673
1761327508,2025-10-24,neutral,3.388,3.687,1.468,0.883,0.396,5.873,6.194,2.541,0.895,0.383,3.977,2.784,1.09,0.635,0.41,7.326,6.981,2.909,1.053,0.434,7.471,5.444,1.983,0.822,0.321,2.526,1.567,0.562,0.251,0.129,12.988,3.431,1.746,0.703,0.322,8.434,4.59,0.888,0.955,0.352,3.902,1.965,0.292,0.713,0.287,9.852,4.762,1.223,0.921,0.334,2.048,1.26,0.271,0.362,0.169,8.236,6.166,1.739,1.2,0.559,10.245,7.366,2.264,1.496,0.561,6.075,6.57,1.874,1.597,0.748
1761327508,2025-10-24,neutral,3.786,4.265,1.608,0.892,0.403,5.385,7.078,2.704,0.852,0.368,4.594,3.374,1.256,0.661,0.418,7.657,8.704,3.107,0.993,0.432,6.957,6.818,2.292,0.784,0.321,2.304,1.899,0.628,0.233,0.128,10.87,3.698,1.971,0.727,0.315,8.573,4.956,1.016,1.007,0.356,4.327,2.28,0.284,0.672,0.262,8.779,4.873,1.133,0.906,0.362,2.376,1.259,0.289,0.356,0.175,9.205,7.251,2.019,1.248,0.589,10.378,7.554,2.307,1.471,0.557,6.578,7.458,2.146,1.596,0.783
1761327508,2025-10-24,neutral,4.143,4.558,1.608,0.872,0.386,4.99,7.531,2.571,0.783,0.338,4.999,3.758,1.32,0.673,0.398,7.934,9.902,3.019,0.929,0.406,6.388,7.82,2.38,0.748,0.315,2.037,2.123,0.642,0.219,0.121,8.606,3.875,2.027,0.757,0.301,8.027,5.092,1.113,1.07,0.339,4.47,2.519,0.343,0.638,0.229,7.064,4.82,1.125,0.912,0.381,2.646,1.225,0.296,0.349,0.177,9.606,7.861,2.111,1.279,0.592,9.926,7.503,2.212,1.434,0.515,6.901,7.908,2.246,1.552,0.758
1761327508,2025-10-24,neutral,4.339,4.559,1.495,0.832,0.346,4.628,7.449,2.198,0.715,0.302,5.137,3.871,1.287,0.675,0.355,7.995,10.31,2.694,0.891,0.363,5.922,8.195,2.239,0.74,0.301,1.811,2.187,0.607,0.215,0.109,6.695,3.871,1.91,0.804,0.285,7.107,4.951,1.144,1.139,0.303,4.298,2.629,0.458,0.628,0.191,5.275,4.729,1.264,0.953,0.382,2.755,1.156,0.303,0.345,0.172,9.51,7.87,2.018,1.302,0.563,9.143,7.241,2.058,1.406,0.445,6.935,7.849,2.201,1.482,0.676
1761327508,2025-10-24,neutral,4.328,4.426,1.341,0.788,0.296,4.23,6.952,1.728,0.682,0.272,5.03,3.797,1.199,0.679,0.301,7.73,10.014,2.265,0.909,0.319,5.542,7.989,1.964,0.78,0.287,1.623,2.128,0.556,0.221,0.097,5.241,3.716,1.71,0.878,0.275,6.121,4.682,1.139,1.206,0.261,3.79,2.643,0.621,0.657,0.161,3.935,4.794,1.547,1.025,0.367,2.625,1.075,0.323,0.348,0.16,9.058,7.495,1.837,1.33,0.512,8.014,6.97,1.931,1.405,0.371,6.726,7.498,2.08,1.418,0.564
1761327508,2025-10-24,neutral,4.192,4.371,1.203,0.757,0.25,3.861,6.293,1.303,0.699,0.257,4.807,3.693,1.097,0.693,0.257,7.231,9.327,1.865,0.995,0.288,5.461,7.447,1.663,0.863,0.281,1.572,2.019,0.517,0.234,0.086,4.418,3.523,1.536,0.975,0.276,5.426,4.51,1.115,1.259,0.225,3.129,2.629,0.824,0.737,0.147,3.309,5.14,1.863,1.105,0.341,2.356,1.013,0.351,0.359,0.145,8.593,7.158,1.654,1.365,0.457,6.894,6.945,1.849,1.437,0.317,6.395,7.224,1.933,1.379,0.457
1761327508,2025-10-24,neutral,4.264,4.559,1.106,0.74,0.22,3.632,5.731,1.001,0.754,0.26,4.599,3.704,1.001,0.716,0.235,6.696,8.628,1.565,1.126,0.279,6.613,6.877,1.438,0.955,0.287,1.876,1.926,0.512,0.246,0.079,4.037,3.418,1.45,1.075,0.288,5.165,4.601,1.074,1.288,0.206,2.592,2.638,1.04,0.861,0.153,3.375,5.765,2.058,1.16,0.314,2.002,0.999,0.374,0.376,0.131,8.404,7.248,1.507,1.399,0.413,6.167,7.335,1.768,1.486,0.296,6.194,7.348,1.766,1.361,0.383
1761327509,2025-10-24,neutral,5.051,5.084,1.075,0.733,0.21,3.559,5.382,0.832,0.808,0.272,4.433,3.876,0.911,0.732,0.236,6.265,8.139,1.372,1.249,0.287,9.175,6.518,1.359,1.016,0.301,2.574,1.88,0.544,0.25,0.077,4.004,3.448,1.446,1.145,0.302,5.224,4.963,1.008,1.283,0.205,2.391,2.664,1.229,1.001,0.175,3.8,6.522,2.025,1.165,0.289,1.773,1.037,0.375,0.393,0.119,8.541,7.889,1.398,1.412,0.386,5.738,8.112,1.641,1.518,0.304,6.187,7.928,1.582,1.343,0.349
1761327509,2025-10-24,left,22.59,10.283,2.503,0.734,0.238,4.413,3.849,0.655,0.466,0.222,4.384,3.662,0.467,0.452,0.223,6.925,5.726,0.801,0.877,0.238,42.737,6.943,1.769,0.641,0.239,11.439,1.844,0.616,0.15,0.081,5.057,2.969,1.026,0.697,0.222,6.046,5.069,0.599,0.813,0.189,5.107,2.085,1.093,0.908,0.206,4.814,6.316,0.749,0.66,0.234,2.303,0.947,0.144,0.277,0.084,11.18,9.113,0.965,0.884,0.274,7.218,8.697,0.87,0.866,0.29,9.738,8.822,1.175,0.738,0.327
1761327509,2025-10-24,left,26.479,11.571,2.99,0.747,0.238,4.482,3.084,0.673,0.316,0.194,4.133,3.033,0.403,0.34,0.191,6.875,4.396,0.667,0.657,0.203,53.728,6.518,1.699,0.515,0.193,14.256,1.689,0.552,0.123,0.083,4.886,2.412,0.773,0.508,0.177,5.718,4.19,0.525,0.656,0.159,5.422,1.749,0.855,0.699,0.176,4.655,5.161,0.625,0.524,0.22,2.387,0.765,0.094,0.219,0.074,10.975,7.877,0.88,0.692,0.234,7.783,7.472,0.741,0.609,0.257,10.744,7.87,1.348,0.528,0.298
1761327509,2025-10-24,left,27.365,12.197,3.212,0.755,0.231,4.354,2.415,0.718,0.216,0.174,3.763,2.436,0.405,0.268,0.158,6.501,3.193,0.621,0.518,0.179,61.984,5.871,1.545,0.458,0.154,16.449,1.511,0.477,0.112,0.086,4.472,1.916,0.588,0.39,0.14,5.202,3.276,0.49,0.547,0.129,5.172,1.473,0.629,0.502,0.143,4.277,3.952,0.618,0.441,0.203,2.231,0.585,0.076,0.18,0.067,10.148,6.548,0.862,0.572,0.202,8.074,6.252,0.675,0.441,0.229,11.276,6.84,1.574,0.386,0.262
1761327509,2025-10-24,left,24.965,11.793,3.068,0.739,0.218,4.036,1.961,0.758,0.177,0.162,3.314,2.011,0.451,0.247,0.132,5.822,2.372,0.646,0.491,0.171,64.28,5.184,1.317,0.473,0.128,17.03,1.354,0.401,0.117,0.089,3.876,1.61,0.497,0.36,0.117,4.607,2.565,0.486,0.499,0.107,4.423,1.311,0.454,0.361,0.117,3.628,2.921,0.679,0.406,0.182,2.093,0.446,0.082,0.168,0.062,8.835,5.474,0.88,0.546,0.184,8.076,5.293,0.65,0.391,0.212,11.284,5.873,1.721,0.332,0.226
1761327510,2025-10-24,left,20.317,10.278,2.619,0.692,0.201,3.666,1.704,0.765,0.184,0.156,2.88,1.777,0.513,0.268,0.115,5.032,1.958,0.706,0.56,0.178,59.963,4.535,1.042,0.535,0.119,16.003,1.218,0.328,0.133,0.091,3.265,1.503,0.49,0.399,0.107,4.071,2.14,0.506,0.501,0.095,3.488,1.254,0.35,0.285,0.108,2.921,2.193,0.767,0.405,0.159,1.774,0.367,0.104,0.179,0.06,7.397,4.75,0.899,0.6,0.176,8.35,4.687,0.67,0.445,0.206,11.576,5.063,1.733,0.361,0.197
1761327510,2025-10-24,neutral,15.533,8.101,2.027,0.625,0.181,3.377,1.569,0.728,0.212,0.154,2.461,1.672,0.565,0.315,0.107,4.25,1.824,0.763,0.675,0.193,50.217,3.949,0.771,0.606,0.124,13.503,1.087,0.263,0.154,0.092,2.67,1.515,0.541,0.462,0.104,3.612,1.924,0.541,0.53,0.092,2.658,1.255,0.31,0.259,0.118,2.252,1.788,0.84,0.423,0.139,1.639,0.35,0.131,0.202,0.06,6.029,4.28,0.907,0.7,0.172,9.728,4.537,0.744,0.56,0.208,13.501,4.664,1.638,0.447,0.181
1761327510,2025-10-24,neutral,12.87,5.931,1.471,0.558,0.165,3.338,1.481,0.651,0.24,0.154,2.132,1.596,0.592,0.364,0.104,3.617,1.801,0.785,0.775,0.209,36.892,3.441,0.566,0.657,0.139,10.131,0.955,0.214,0.173,0.093,2.185,1.545,0.61,0.506,0.105,3.224,1.801,0.593,0.555,0.095,2.144,1.27,0.305,0.254,0.142,1.668,1.694,0.882,0.449,0.127,1.542,0.382,0.16,0.225,0.062,4.99,3.878,0.908,0.802,0.169,13.322,4.865,0.876,0.682,0.214,18.593,4.885,1.511,0.556,0.177
1761327510,2025-10-24,neutral,13.378,4.364,1.091,0.509,0.154,3.615,1.394,0.564,0.26,0.156,1.966,1.483,0.6,0.396,0.104,3.262,1.772,0.778,0.819,0.221,24.349,2.959,0.458,0.672,0.16,6.894,0.817,0.188,0.187,0.093,1.856,1.517,0.675,0.505,0.107,2.955,1.673,0.661,0.552,0.099,1.951,1.261,0.3,0.251,0.173,1.326,1.858,0.896,0.471,0.127,1.653,0.44,0.185,0.237,0.065,4.521,3.407,0.913,0.868,0.167,19.407,5.573,1.064,0.767,0.224,27.274,5.754,1.451,0.651,0.183
1761327510,2025-10-24,neutral,16.263,3.668,0.928,0.484,0.15,3.982,1.309,0.498,0.27,0.157,1.87,1.351,0.609,0.403,0.106,3.001,1.729,0.77,0.792,0.226,13.759,2.503,0.459,0.652,0.183,4.123,0.687,0.19,0.195,0.093,1.593,1.419,0.722,0.459,0.11,2.64,1.544,0.72,0.509,0.102,1.857,1.218,0.283,0.243,0.203,1.171,2.179,0.888,0.483,0.136,1.76,0.505,0.198,0.236,0.068,4.368,2.919,0.933,0.873,0.169,26.538,6.468,1.29,0.789,0.236,37.386,7.07,1.517,0.708,0.194
1761327510,2025-10-24,neutral,19.625,3.629,0.9,0.476,0.15,4.228,1.24,0.465,0.275,0.157,1.789,1.25,0.621,0.387,0.107,2.749,1.717,0.773,0.711,0.223,7.078,2.138,0.538,0.614,0.202,2.335,0.597,0.216,0.196,0.094,1.345,1.294,0.736,0.384,0.114,2.243,1.48,0.747,0.432,0.103,1.727,1.165,0.256,0.232,0.223,1.178,2.517,0.86,0.484,0.15,1.857,0.558,0.195,0.224,0.069,4.317,2.542,0.954,0.817,0.175,32.512,7.205,1.501,0.747,0.247,45.891,8.336,1.67,0.713,0.204
1761327510,2025-10-24,neutral,21.252,3.741,0.897,0.474,0.149,4.157,1.179,0.455,0.281,0.156,1.663,1.202,0.629,0.359,0.108,2.469,1.757,0.781,0.61,0.212,3.945,1.935,0.64,0.577,0.214,1.456,0.569,0.254,0.191,0.093,1.131,1.19,0.712,0.303,0.117,1.825,1.516,0.735,0.34,0.102,1.531,1.111,0.244,0.224,0.228,1.337,2.729,0.821,0.474,0.165,1.862,0.579,0.179,0.204,0.069,4.144,2.335,0.959,0.718,0.181,34.997,7.397,1.647,0.661,0.256,49.226,8.935,1.815,0.676,0.211
1761327510,2025-10-24,neutral,20.24,3.588,0.88,0.477,0.145,3.748,1.1,0.452,0.301,0.156,1.545,1.194,0.629,0.334,0.108,2.232,1.818,0.782,0.533,0.196,3.241,1.87,0.713,0.557,0.217,1.206,0.589,0.286,0.184,0.09,0.985,1.129,0.665,0.237,0.119,1.538,1.631,0.704,0.265,0.101,1.311,1.062,0.289,0.226,0.218,1.597,2.723,0.788,0.463,0.179,1.801,0.566,0.162,0.186,0.068,3.909,2.263,0.948,0.614,0.185,33.175,6.842,1.7,0.575,0.267,46.435,8.478,1.864,0.626,0.216
1761327511,2025-10-24,neutral,16.564,3.059,0.817,0.498,0.143,3.025,0.984,0.436,0.345,0.162,1.389,1.182,0.609,0.329,0.109,2.004,1.836,0.759,0.509,0.177,3.703,1.888,0.728,0.561,0.211,1.27,0.623,0.298,0.178,0.085,0.921,1.105,0.615,0.199,0.118,1.42,1.76,0.682,0.24,0.104,1.102,1.017,0.425,0.246,0.197,1.872,2.494,0.763,0.464,0.191,1.635,0.526,0.155,0.179,0.068,3.569,2.239,0.915,0.551,0.185,27.196,5.641,1.626,0.543,0.28,37.748,7.021,1.759,0.609,0.226
1761327511,2025-10-24,neutral,11.768,2.325,0.715,0.545,0.148,2.207,0.837,0.403,0.412,0.18,1.256,1.129,0.57,0.348,0.112,1.82,1.758,0.708,0.542,0.161,4.536,1.888,0.681,0.582,0.198,1.445,0.632,0.286,0.176,0.079,0.917,1.089,0.579,0.192,0.116,1.445,1.82,0.704,0.282,0.113,0.962,0.972,0.651,0.282,0.172,2.036,2.108,0.742,0.488,0.204,1.409,0.485,0.17,0.188,0.071,3.213,2.175,0.877,0.561,0.185,19.193,4.165,1.444,0.599,0.298,26.384,5.092,1.532,0.652,0.244
1761327511,2025-10-24,neutral,7.064,1.581,0.596,0.613,0.161,1.471,0.675,0.356,0.487,0.209,1.104,1.009,0.527,0.385,0.117,1.641,1.566,0.645,0.606,0.149,5.852,1.79,0.607,0.601,0.184,1.851,0.589,0.255,0.176,0.074,0.951,1.048,0.568,0.207,0.116,1.505,1.738,0.787,0.381,0.129,0.889,0.927,0.935,0.324,0.15,2.04,1.663,0.726,0.531,0.216,1.094,0.463,0.208,0.211,0.078,2.856,2.002,0.862,0.642,0.189,11.285,2.785,1.206,0.734,0.32,15.304,3.259,1.26,0.758,0.273
1761327511,2025-10-24,neutral,3.636,0.976,0.499,0.68,0.184,0.965,0.52,0.313,0.55,0.244,0.977,0.828,0.497,0.422,0.124,1.482,1.296,0.603,0.666,0.144,6.294,1.579,0.547,0.604,0.174,1.948,0.497,0.218,0.175,0.071,1.001,0.964,0.587,0.233,0.119,1.524,1.504,0.926,0.505,0.149,0.886,0.895,1.217,0.361,0.134,1.941,1.258,0.709,0.581,0.226,0.812,0.467,0.259,0.239,0.09,2.558,1.719,0.892,0.758,0.202,5.413,1.759,0.974,0.903,0.344,7.277,1.909,1.025,0.895,0.312
1761327511,2025-10-24,neutral,1.784,0.607,0.462,0.723,0.216,0.717,0.415,0.298,0.579,0.28,0.875,0.655,0.492,0.441,0.135,1.388,1.064,0.612,0.699,0.149,6.949,1.325,0.548,0.587,0.173,2.194,0.39,0.195,0.172,0.069,1.073,0.873,0.63,0.258,0.13,1.498,1.205,1.087,0.611,0.173,0.923,0.897,1.439,0.383,0.124,1.845,0.988,0.694,0.621,0.236,0.598,0.505,0.308,0.261,0.105,2.34,1.452,0.964,0.859,0.227,2.139,1.203,0.809,1.042,0.372,2.929,1.189,0.893,1.019,0.36
1761327511,2025-10-24,neutral,1.144,0.514,0.49,0.728,0.256,0.704,0.423,0.313,0.568,0.313,0.834,0.617,0.498,0.434,0.157,1.465,1.04,0.665,0.703,0.172,6.837,1.152,0.617,0.56,0.191,2.111,0.315,0.196,0.168,0.07,1.19,0.839,0.683,0.28,0.151,1.5,1.022,1.213,0.667,0.204,1.021,0.982,1.574,0.391,0.125,1.799,0.91,0.689,0.636,0.251,0.503,0.585,0.343,0.264,0.125,2.221,1.438,1.033,0.907,0.27,1.044,1.127,0.744,1.1,0.408,1.466,1.057,0.873,1.095,0.417
1761327511,2025-10-24,left,1.069,0.693,0.572,0.701,0.305,0.888,0.585,0.347,0.53,0.344,0.851,0.824,0.493,0.405,0.197,1.8,1.346,0.733,0.694,0.219,7.545,1.154,0.742,0.541,0.23,2.351,0.304,0.224,0.167,0.074,1.37,0.919,0.734,0.304,0.182,1.597,1.119,1.264,0.657,0.246,1.217,1.179,1.634,0.396,0.144,1.918,1.051,0.711,0.623,0.276,0.484,0.705,0.362,0.247,0.149,2.186,1.864,1.051,0.887,0.334,0.974,1.487,0.803,1.067,0.458,1.255,1.392,0.944,1.115,0.486
1761327511,2025-10-24,left,1.168,1.111,0.679,0.657,0.356,1.223,0.896,0.382,0.484,0.375,0.943,1.299,0.469,0.367,0.256,2.423,1.987,0.789,0.692,0.285,7.983,1.355,0.883,0.544,0.287,2.36,0.364,0.267,0.172,0.081,1.614,1.134,0.786,0.336,0.222,1.836,1.533,1.24,0.595,0.301,1.535,1.468,1.641,0.41,0.189,2.155,1.42,0.78,0.589,0.314,0.527,0.85,0.369,0.215,0.174,2.238,2.749,1.006,0.822,0.411,1.293,2.231,0.972,0.971,0.522,1.407,2.109,1.08,1.094,0.562
1761327512,2025-10-24,left,1.4,1.693,0.794,0.619,0.399,1.698,1.306,0.415,0.448,0.402,1.158,1.955,0.439,0.335,0.322,3.284,2.852,0.828,0.708,0.358,9.126,1.676,1,0.572,0.351,2.654,0.465,0.309,0.183,0.091,1.864,1.436,0.846,0.374,0.263,2.197,2.159,1.181,0.506,0.359,1.968,1.803,1.614,0.434,0.258,2.451,1.951,0.918,0.552,0.358,0.653,0.994,0.376,0.182,0.197,2.445,3.905,0.929,0.748,0.486,1.833,3.242,1.224,0.857,0.591,1.828,3.107,1.284,1.053,0.631
1761327512,2025-10-24,left,1.797,2.276,0.895,0.596,0.42,2.286,1.724,0.443,0.429,0.419,1.551,2.614,0.419,0.32,0.378,4.29,3.729,0.854,0.737,0.415,10.733,1.97,1.052,0.612,0.402,3.013,0.565,0.332,0.196,0.1,2.069,1.72,0.906,0.412,0.293,2.611,2.785,1.129,0.421,0.404,2.423,2.117,1.548,0.468,0.34,2.714,2.503,1.126,0.526,0.4,0.849,1.092,0.386,0.162,0.212,2.876,4.979,0.861,0.7,0.536,2.594,4.221,1.51,0.762,0.644,2.62,4.119,1.542,1.007,0.675
1761327512,2025-10-24,left,2.301,2.69,0.952,0.582,0.411,2.895,2.043,0.462,0.42,0.419,2.117,3.07,0.418,0.322,0.404,5.285,4.377,0.869,0.759,0.44,12.472,2.107,1.019,0.637,0.425,3.387,0.624,0.323,0.205,0.107,2.179,1.871,0.94,0.435,0.303,2.997,3.18,1.089,0.359,0.422,2.764,2.356,1.43,0.501,0.415,2.875,2.904,1.36,0.514,0.426,1.156,1.109,0.397,0.158,0.216,3.526,5.608,0.817,0.691,0.545,3.484,4.854,1.759,0.7,0.66,3.753,4.841,1.795,0.953,0.676
1761327512,2025-10-24,neutral,3.484,2.427,0.792,0.467,0.231,3.682,1.932,0.522,0.351,0.325,3.917,2.482,0.403,0.327,0.277,6.464,3.933,0.876,0.605,0.302,13.027,1.515,0.586,0.497,0.305,3.242,0.537,0.158,0.163,0.089,2.079,1.371,0.741,0.343,0.218,3.465,2.288,0.847,0.302,0.295,3.193,2.64,1.016,0.52,0.426,2.964,2.463,1.476,0.465,0.371,2.172,0.759,0.322,0.181,0.158,5.786,4.07,0.675,0.737,0.347,6.15,3.971,1.669,0.623,0.455,7.399,4.199,1.866,0.684,0.452
1761327512,2025-10-24,neutral,3.506,2.053,0.691,0.411,0.172,3.35,1.636,0.551,0.328,0.287,4.098,1.905,0.351,0.307,0.213,5.975,3.219,0.845,0.503,0.234,13.342,1.397,0.469,0.411,0.241,3.274,0.51,0.115,0.135,0.076,2.073,1.158,0.624,0.299,0.178,3.353,1.695,0.712,0.308,0.239,3.388,2.615,1.018,0.498,0.36,2.878,1.989,1.239,0.449,0.333,2.378,0.657,0.257,0.176,0.132,6.2,3.131,0.597,0.728,0.271,6.71,3.371,1.373,0.609,0.365,7.934,3.473,1.618,0.606,0.373
1761327512,2025-10-24,neutral,3.371,1.695,0.628,0.374,0.137,2.834,1.311,0.6,0.32,0.257,3.983,1.385,0.292,0.286,0.167,5.221,2.474,0.79,0.419,0.183,12.143,1.541,0.437,0.349,0.19,2.851,0.529,0.112,0.113,0.064,2.165,1.066,0.534,0.297,0.149,3.183,1.261,0.59,0.335,0.204,3.614,2.493,1.114,0.473,0.287,2.744,1.609,0.98,0.458,0.304,2.413,0.614,0.198,0.167,0.112,6.317,2.443,0.541,0.72,0.226,6.889,2.956,1.079,0.616,0.298,7.959,2.838,1.354,0.582,0.325
1761327513,2025-10-24,neutral,3.185,1.402,0.632,0.359,0.127,2.341,1.005,0.685,0.327,0.238,3.665,1.009,0.258,0.27,0.143,4.46,1.825,0.727,0.366,0.153,13.442,1.912,0.485,0.328,0.16,3.216,0.584,0.141,0.101,0.056,2.368,1.097,0.479,0.35,0.136,3.039,1.074,0.506,0.382,0.192,3.737,2.25,1.253,0.45,0.225,2.575,1.422,0.8,0.488,0.288,2.304,0.614,0.168,0.162,0.101,6.18,2.099,0.542,0.722,0.212,6.626,2.741,0.87,0.647,0.261,7.636,2.394,1.169,0.614,0.305
1761327513,2025-10-24,neutral,3.019,1.18,0.702,0.356,0.134,2.044,0.755,0.803,0.343,0.224,3.274,0.792,0.27,0.261,0.137,3.908,1.337,0.676,0.343,0.139,12.69,2.347,0.559,0.342,0.147,2.869,0.643,0.184,0.099,0.054,2.6,1.189,0.44,0.443,0.137,2.97,1.107,0.451,0.444,0.195,3.651,1.895,1.347,0.432,0.182,2.459,1.426,0.746,0.521,0.281,2.113,0.625,0.175,0.164,0.095,5.868,2.033,0.599,0.732,0.22,6.05,2.626,0.788,0.691,0.247,7.178,2.118,1.096,0.678,0.299
1761327513,2025-10-24,neutral,2.904,1.029,0.81,0.356,0.149,2.036,0.593,0.93,0.361,0.214,2.9,0.705,0.326,0.259,0.139,3.644,1.03,0.649,0.343,0.133,13.722,2.651,0.611,0.373,0.148,3.237,0.669,0.223,0.103,0.055,2.771,1.263,0.392,0.543,0.146,2.962,1.263,0.402,0.512,0.198,3.339,1.48,1.327,0.419,0.155,2.435,1.541,0.794,0.538,0.275,1.916,0.619,0.213,0.172,0.093,5.421,2.111,0.683,0.748,0.231,5.425,2.525,0.824,0.741,0.246,6.746,1.95,1.112,0.751,0.293
1761327513,2025-10-24,neutral,2.843,0.964,0.914,0.361,0.165,2.297,0.556,1.047,0.383,0.207,2.591,0.717,0.403,0.266,0.141,3.627,0.907,0.652,0.361,0.13,13.035,2.697,0.6,0.404,0.157,2.943,0.643,0.24,0.111,0.06,2.809,1.267,0.326,0.619,0.156,2.978,1.439,0.348,0.576,0.194,2.886,1.072,1.185,0.411,0.138,2.5,1.662,0.883,0.524,0.262,1.781,0.592,0.265,0.184,0.091,4.893,2.237,0.754,0.765,0.234,5.049,2.445,0.937,0.796,0.253,6.426,1.866,1.166,0.823,0.281
1761327513,2025-10-24,neutral,2.78,0.981,0.976,0.379,0.18,2.674,0.646,1.144,0.413,0.203,2.345,0.793,0.465,0.283,0.141,3.685,0.932,0.683,0.394,0.131,12.649,2.481,0.542,0.423,0.171,3.03,0.57,0.244,0.119,0.067,2.712,1.197,0.259,0.649,0.164,2.954,1.554,0.293,0.624,0.184,2.423,0.738,0.962,0.413,0.127,2.616,1.713,0.943,0.487,0.239,1.675,0.558,0.307,0.194,0.089,4.324,2.339,0.773,0.775,0.225,4.964,2.451,1.06,0.861,0.267,6.101,1.855,1.209,0.895,0.265
1761327513,2025-10-24,neutral,2.685,1.042,0.973,0.41,0.195,2.969,0.815,1.214,0.447,0.202,2.149,0.884,0.484,0.303,0.139,3.618,1.022,0.729,0.435,0.135,10.731,2.092,0.478,0.427,0.187,2.504,0.47,0.243,0.126,0.073,2.479,1.072,0.21,0.628,0.167,2.855,1.569,0.254,0.645,0.174,2.056,0.516,0.717,0.428,0.123,2.813,1.682,0.932,0.443,0.207,1.584,0.534,0.322,0.199,0.088,3.775,2.367,0.732,0.768,0.207,5.16,2.59,1.139,0.934,0.289,5.674,1.894,1.218,0.964,0.254
1761327513,2025-10-24,neutral,2.539,1.126,0.925,0.449,0.209,3.033,1.015,1.26,0.475,0.201,1.983,0.965,0.463,0.32,0.134,3.306,1.138,0.78,0.476,0.14,8.331,1.704,0.446,0.421,0.199,2.129,0.385,0.251,0.131,0.078,2.144,0.939,0.197,0.566,0.165,2.674,1.495,0.246,0.629,0.168,1.808,0.415,0.513,0.456,0.127,3.032,1.614,0.858,0.411,0.171,1.432,0.537,0.315,0.197,0.092,3.273,2.312,0.677,0.737,0.187,5.279,2.855,1.175,1.001,0.32,5.022,1.972,1.232,1.017,0.251
1761327513,2025-10-24,neutral,2.412,1.225,0.871,0.482,0.224,2.855,1.211,1.282,0.488,0.197,1.89,1.036,0.435,0.327,0.129,2.854,1.288,0.836,0.508,0.146,6.219,1.466,0.479,0.412,0.206,1.636,0.35,0.276,0.134,0.082,1.8,0.846,0.247,0.487,0.158,2.528,1.38,0.299,0.581,0.169,1.686,0.422,0.41,0.492,0.143,3.255,1.554,0.76,0.401,0.139,1.246,0.576,0.31,0.189,0.102,2.941,2.207,0.693,0.684,0.173,5.236,3.181,1.221,1.04,0.362,4.308,2.098,1.304,1.038,0.263
1761327514,2025-10-24,neutral,2.316,1.333,0.846,0.493,0.237,2.5,1.373,1.266,0.48,0.188,1.883,1.098,0.432,0.319,0.127,2.386,1.468,0.889,0.525,0.154,3.818,1.451,0.582,0.404,0.208,1.155,0.381,0.311,0.139,0.085,1.561,0.828,0.392,0.417,0.148,2.491,1.274,0.433,0.508,0.176,1.613,0.519,0.428,0.524,0.171,3.41,1.509,0.682,0.408,0.119,1.035,0.645,0.339,0.179,0.117,2.831,2.1,0.84,0.617,0.174,4.915,3.47,1.328,1.029,0.411,3.629,2.277,1.458,1.007,0.287
1761327514,2025-10-24,neutral,2.243,1.445,0.868,0.473,0.247,2.067,1.473,1.197,0.453,0.176,1.932,1.145,0.472,0.296,0.132,1.985,1.649,0.934,0.525,0.166,2.833,1.606,0.711,0.402,0.207,0.949,0.46,0.345,0.145,0.088,1.589,0.883,0.634,0.37,0.141,2.545,1.208,0.645,0.425,0.185,1.568,0.702,0.552,0.538,0.206,3.452,1.466,0.656,0.416,0.114,0.837,0.73,0.415,0.168,0.133,2.901,2.027,1.127,0.549,0.192,4.338,3.634,1.528,0.96,0.459,3.101,2.512,1.685,0.918,0.319
1761327514,2025-10-24,neutral,2.259,1.562,0.93,0.427,0.252,1.684,1.498,1.062,0.422,0.165,2.033,1.172,0.547,0.264,0.147,1.758,1.795,0.956,0.514,0.184,2.12,1.808,0.82,0.412,0.209,0.769,0.555,0.364,0.155,0.092,2.154,0.993,0.938,0.345,0.137,2.651,1.191,0.902,0.344,0.192,1.708,0.942,0.733,0.524,0.238,3.45,1.422,0.694,0.421,0.124,0.69,0.82,0.529,0.16,0.144,3.2,2.015,1.483,0.494,0.222,3.794,3.702,1.791,0.846,0.5,2.963,2.817,1.931,0.786,0.355
1761327514,2025-10-24,neutral,2.487,1.688,1.015,0.376,0.251,1.496,1.456,0.875,0.401,0.159,2.211,1.167,0.625,0.23,0.167,1.82,1.88,0.946,0.5,0.207,2.436,1.961,0.852,0.436,0.215,0.86,0.636,0.358,0.169,0.099,3.337,1.115,1.238,0.33,0.139,2.775,1.197,1.135,0.275,0.192,2.187,1.195,0.909,0.486,0.257,3.426,1.368,0.786,0.426,0.146,0.652,0.9,0.646,0.157,0.147,3.836,2.051,1.79,0.458,0.256,3.579,3.736,2.036,0.721,0.526,3.518,3.189,2.127,0.648,0.388
1761327514,2025-10-24,neutral,3.027,1.809,1.093,0.342,0.245,1.614,1.359,0.682,0.405,0.16,2.489,1.118,0.667,0.204,0.185,2.266,1.882,0.906,0.491,0.232,2.908,2.063,0.811,0.477,0.226,0.981,0.695,0.332,0.186,0.108,5.081,1.207,1.456,0.311,0.142,2.933,1.196,1.281,0.223,0.187,3.065,1.401,1.025,0.435,0.258,3.439,1.303,0.898,0.441,0.174,0.73,0.942,0.721,0.159,0.144,4.868,2.077,1.93,0.439,0.284,3.898,3.731,2.163,0.617,0.534,4.89,3.551,2.208,0.553,0.416
1761327514,2025-10-24,neutral,3.85,1.885,1.13,0.343,0.238,2.03,1.218,0.534,0.442,0.166,2.86,1.018,0.647,0.191,0.193,3.071,1.786,0.841,0.491,0.254,4.491,2.137,0.715,0.531,0.238,1.442,0.734,0.292,0.207,0.117,6.952,1.256,1.537,0.284,0.144,3.154,1.178,1.302,0.189,0.177,4.243,1.516,1.041,0.386,0.24,3.581,1.229,0.992,0.466,0.204,0.952,0.919,0.722,0.164,0.136,6.209,2.038,1.844,0.43,0.297,4.714,3.626,2.104,0.558,0.528,6.916,3.782,2.132,0.535,0.434
1761327514,2025-10-24,neutral,4.753,1.867,1.116,0.381,0.233,2.617,1.043,0.473,0.51,0.175,3.242,0.872,0.572,0.193,0.189,4.049,1.593,0.77,0.497,0.269,5.966,2.188,0.593,0.587,0.248,1.847,0.752,0.245,0.228,0.125,8.447,1.268,1.461,0.247,0.143,3.439,1.15,1.196,0.172,0.165,5.463,1.513,0.954,0.354,0.212,3.862,1.137,1.033,0.495,0.233,1.273,0.821,0.651,0.173,0.13,7.593,1.909,1.57,0.422,0.297,5.805,3.338,1.873,0.553,0.51,9.052,3.75,1.93,0.598,0.442
1761327514,2025-10-24,neutral,5.434,1.727,1.06,0.44,0.234,3.173,0.863,0.498,0.594,0.185,3.517,0.708,0.478,0.206,0.175,4.938,1.349,0.707,0.501,0.276,8.596,2.225,0.484,0.626,0.251,2.616,0.757,0.2,0.246,0.129,9.024,1.259,1.262,0.205,0.138,3.698,1.119,1,0.174,0.152,6.407,1.419,0.798,0.351,0.185,4.128,1.027,1.003,0.517,0.26,1.636,0.67,0.541,0.187,0.126,8.629,1.72,1.209,0.412,0.287,6.814,2.83,1.54,0.595,0.49,10.616,3.399,1.663,0.715,0.441
1761327515,2025-10-24,neutral,5.691,1.492,0.975,0.501,0.24,3.554,0.717,0.571,0.669,0.196,3.619,0.571,0.405,0.229,0.156,5.536,1.128,0.661,0.499,0.278,10.024,2.23,0.407,0.63,0.25,2.948,0.746,0.161,0.256,0.128,8.564,1.247,1.025,0.171,0.131,3.864,1.094,0.779,0.201,0.142,6.82,1.292,0.633,0.38,0.166,4.279,0.909,0.913,0.53,0.285,1.979,0.503,0.428,0.206,0.125,9.084,1.544,0.878,0.409,0.274,7.529,2.183,1.177,0.673,0.473,11.131,2.801,1.391,0.844,0.434
1761327515,2025-10-24,neutral,5.543,1.22,0.882,0.548,0.248,3.75,0.636,0.648,0.714,0.206,3.599,0.49,0.379,0.261,0.141,5.812,0.988,0.643,0.491,0.278,11.811,2.17,0.387,0.595,0.246,3.456,0.71,0.136,0.254,0.123,7.273,1.232,0.839,0.155,0.124,3.875,1.07,0.602,0.258,0.135,6.613,1.18,0.515,0.436,0.159,4.196,0.811,0.794,0.542,0.305,2.261,0.357,0.34,0.231,0.124,8.978,1.443,0.666,0.43,0.264,7.773,1.557,0.86,0.767,0.465,10.595,2.129,1.168,0.952,0.424
1761327515,2025-10-24,neutral,5.158,0.98,0.799,0.575,0.252,3.804,0.625,0.693,0.714,0.214,3.55,0.471,0.402,0.299,0.133,5.82,0.943,0.656,0.479,0.281,11.231,2.009,0.406,0.531,0.243,3.146,0.638,0.122,0.24,0.114,5.576,1.203,0.764,0.165,0.12,3.711,1.032,0.513,0.34,0.133,5.893,1.1,0.477,0.505,0.159,3.949,0.759,0.696,0.562,0.32,2.422,0.255,0.291,0.257,0.122,8.529,1.434,0.602,0.486,0.261,7.582,1.086,0.641,0.86,0.463,9.372,1.575,1.026,1.022,0.41
1761327515,2025-10-24,neutral,4.691,0.808,0.737,0.577,0.246,3.786,0.658,0.693,0.667,0.216,3.508,0.493,0.451,0.334,0.132,5.63,0.964,0.701,0.462,0.287,10.348,1.742,0.462,0.454,0.241,2.902,0.527,0.122,0.217,0.105,3.983,1.143,0.799,0.196,0.121,3.398,0.972,0.51,0.426,0.137,4.9,1.053,0.508,0.566,0.162,3.667,0.772,0.666,0.594,0.329,2.429,0.206,0.273,0.279,0.116,7.931,1.481,0.65,0.567,0.262,7.067,0.837,0.532,0.933,0.467,7.908,1.256,0.974,1.05,0.396
1761327515,2025-10-24,neutral,4.225,0.713,0.703,0.552,0.232,3.693,0.699,0.646,0.581,0.211,3.433,0.524,0.495,0.357,0.133,5.24,0.999,0.761,0.435,0.294,7.855,1.416,0.523,0.381,0.239,2.084,0.397,0.128,0.191,0.095,2.759,1.048,0.896,0.235,0.124,2.989,0.883,0.561,0.488,0.143,3.892,1.006,0.566,0.6,0.161,3.459,0.848,0.717,0.629,0.329,2.264,0.204,0.27,0.288,0.108,7.284,1.523,0.744,0.646,0.263,6.348,0.799,0.531,0.958,0.477,6.549,1.184,1.013,1.036,0.388
1761327515,2025-10-24,neutral,3.844,0.683,0.702,0.501,0.217,3.571,0.709,0.559,0.479,0.201,3.291,0.556,0.505,0.359,0.135,4.724,1.005,0.8,0.395,0.297,5.852,1.105,0.574,0.321,0.234,1.562,0.276,0.134,0.165,0.088,2.058,0.926,0.98,0.264,0.128,2.591,0.779,0.611,0.505,0.151,3.044,0.933,0.598,0.592,0.155,3.44,0.972,0.819,0.649,0.318,1.967,0.232,0.267,0.278,0.1,6.637,1.525,0.807,0.69,0.26,5.63,0.897,0.611,0.918,0.492,5.595,1.299,1.128,0.982,0.398
1761327515,2025-10-24,neutral,3.854,0.724,0.749,0.435,0.208,3.589,0.695,0.469,0.384,0.189,3.119,0.603,0.468,0.339,0.136,4.3,0.977,0.8,0.345,0.291,3.776,0.865,0.598,0.279,0.222,0.933,0.19,0.133,0.144,0.082,1.669,0.799,0.997,0.275,0.131,2.23,0.67,0.626,0.469,0.157,2.402,0.837,0.576,0.542,0.146,3.56,1.095,0.911,0.64,0.299,1.661,0.265,0.255,0.248,0.092,6.02,1.493,0.797,0.676,0.25,5.448,1.033,0.741,0.818,0.518,5.877,1.533,1.324,0.902,0.432
1761327515,2025-10-24,neutral,5.092,0.945,0.867,0.371,0.21,4.236,0.748,0.436,0.315,0.178,3.133,0.699,0.398,0.301,0.139,4.377,0.969,0.766,0.295,0.274,2.748,0.722,0.595,0.254,0.202,0.667,0.151,0.125,0.127,0.078,1.405,0.688,0.922,0.268,0.131,1.902,0.563,0.598,0.394,0.16,1.941,0.749,0.507,0.466,0.136,3.646,1.166,0.935,0.599,0.274,1.5,0.289,0.233,0.206,0.086,5.629,1.487,0.716,0.604,0.238,6.645,1.219,0.889,0.689,0.554,9.191,2.052,1.623,0.812,0.49
1761327516,2025-10-24,neutral,8.407,1.423,1.076,0.323,0.223,5.976,0.943,0.506,0.277,0.173,3.624,0.862,0.326,0.256,0.144,5.35,1.037,0.722,0.26,0.25,2.453,0.672,0.564,0.245,0.179,0.568,0.152,0.112,0.114,0.075,1.189,0.601,0.77,0.253,0.129,1.676,0.463,0.537,0.31,0.159,1.696,0.703,0.421,0.391,0.129,3.571,1.17,0.864,0.54,0.252,1.63,0.304,0.204,0.163,0.082,5.861,1.557,0.606,0.501,0.227,9.97,1.515,1.033,0.58,0.601,17.22,3.03,2.027,0.736,0.56
1761327516,2025-10-24,neutral,13.941,2.138,1.352,0.3,0.243,8.94,1.312,0.686,0.261,0.175,4.774,1.076,0.283,0.218,0.152,7.417,1.212,0.695,0.255,0.226,2.865,0.69,0.516,0.251,0.157,0.647,0.177,0.102,0.105,0.076,1.107,0.548,0.584,0.241,0.126,1.664,0.395,0.466,0.252,0.157,1.7,0.714,0.349,0.35,0.125,3.305,1.152,0.723,0.489,0.239,2.098,0.314,0.175,0.129,0.083,7.045,1.712,0.518,0.408,0.225,15.522,1.965,1.146,0.542,0.65,30.077,4.487,2.479,0.692,0.626
1761327516,2025-10-24,neutral,20.681,2.922,1.627,0.302,0.261,12.69,1.779,0.938,0.254,0.184,6.473,1.279,0.285,0.196,0.163,10.309,1.458,0.695,0.286,0.21,4.179,0.759,0.462,0.27,0.141,1.03,0.215,0.101,0.097,0.08,1.316,0.52,0.417,0.238,0.125,1.982,0.374,0.407,0.237,0.156,1.945,0.757,0.308,0.359,0.124,2.898,1.175,0.565,0.465,0.239,2.806,0.323,0.15,0.113,0.092,9.103,1.888,0.479,0.36,0.238,22.119,2.498,1.195,0.601,0.69,45.057,6.133,2.859,0.698,0.672
1761327516,2025-10-24,neutral,26.69,3.542,1.812,0.322,0.272,16.236,2.204,1.195,0.254,0.197,8.28,1.401,0.33,0.192,0.173,13.235,1.69,0.72,0.349,0.206,5.727,0.867,0.42,0.292,0.134,1.426,0.257,0.113,0.091,0.087,1.874,0.508,0.299,0.244,0.125,2.712,0.418,0.366,0.263,0.158,2.333,0.798,0.287,0.414,0.124,2.435,1.3,0.439,0.473,0.249,3.53,0.336,0.131,0.115,0.106,11.596,2.017,0.492,0.37,0.263,27.906,2.99,1.166,0.745,0.707,57.982,7.493,3.035,0.754,0.684
1761327516,2025-10-24,neutral,30.034,3.81,1.835,0.354,0.27,18.549,2.446,1.379,0.261,0.212,9.63,1.405,0.394,0.202,0.177,15.372,1.822,0.745,0.434,0.213,7.885,0.996,0.401,0.31,0.138,2.088,0.295,0.135,0.086,0.095,2.804,0.521,0.233,0.252,0.126,3.692,0.539,0.337,0.308,0.162,2.719,0.809,0.27,0.489,0.124,2.146,1.572,0.364,0.508,0.265,4.062,0.356,0.117,0.133,0.123,13.607,2.068,0.532,0.424,0.291,31.005,3.293,1.065,0.933,0.692,64.373,8.099,2.921,0.841,0.656
1761327516,2025-10-24,neutral,29.451,3.666,1.676,0.387,0.259,18.844,2.432,1.433,0.279,0.227,10.013,1.301,0.445,0.216,0.175,15.949,1.814,0.744,0.524,0.226,9.674,1.118,0.412,0.323,0.152,2.58,0.321,0.163,0.085,0.104,3.738,0.581,0.207,0.257,0.128,4.623,0.729,0.306,0.343,0.167,2.919,0.781,0.239,0.557,0.128,2.039,1.979,0.334,0.555,0.278,4.238,0.389,0.105,0.16,0.138,14.445,2.059,0.561,0.492,0.314,30.31,3.32,0.939,1.107,0.647,62.06,7.734,2.529,0.923,0.597
1761327516,2025-10-24,neutral,25.394,3.188,1.38,0.419,0.244,17.211,2.167,1.355,0.311,0.24,9.379,1.13,0.46,0.229,0.169,14.978,1.669,0.718,0.61,0.24,12.613,1.327,0.494,0.35,0.175,3.479,0.354,0.201,0.095,0.109,5.419,0.765,0.225,0.258,0.127,5.243,0.958,0.283,0.358,0.174,2.886,0.741,0.2,0.595,0.138,2.214,2.452,0.328,0.599,0.285,4.041,0.435,0.096,0.192,0.149,13.895,2.032,0.57,0.552,0.323,26.392,3.207,0.854,1.225,0.585,52.142,6.547,1.974,0.973,0.52
1761327516,2025-10-24,neutral,19.222,2.549,1.04,0.448,0.233,14.299,1.75,1.184,0.357,0.248,7.93,0.955,0.433,0.24,0.162,12.862,1.449,0.7,0.687,0.252,20.561,2.025,0.768,0.436,0.201,5.727,0.495,0.281,0.127,0.111,8.521,1.164,0.3,0.26,0.125,5.308,1.184,0.287,0.355,0.184,2.612,0.739,0.177,0.592,0.159,2.422,2.884,0.324,0.636,0.285,3.524,0.502,0.099,0.225,0.155,12.174,2.018,0.582,0.598,0.318,20.357,3.272,0.873,1.268,0.526,37.905,4.987,1.422,0.984,0.443
1761327517,2025-10-24,neutral,12.778,1.955,0.741,0.478,0.23,10.889,1.324,0.976,0.418,0.25,6.055,0.827,0.379,0.256,0.157,10.068,1.223,0.717,0.76,0.263,38.622,3.777,1.415,0.624,0.228,10.406,0.883,0.45,0.186,0.108,13.883,1.829,0.433,0.266,0.123,4.776,1.358,0.325,0.345,0.198,2.22,0.808,0.197,0.553,0.187,2.549,3.17,0.309,0.663,0.283,2.853,0.591,0.12,0.255,0.158,9.749,2.024,0.618,0.641,0.303,14.368,3.786,1.036,1.244,0.489,23.669,3.586,1.002,0.974,0.381
1761327517,2025-10-24,neutral,8.021,1.542,0.545,0.513,0.235,8.125,1.002,0.781,0.496,0.25,4.446,0.758,0.325,0.285,0.158,7.657,1.049,0.78,0.831,0.278,82.448,6.947,2.761,0.971,0.253,22.294,1.631,0.793,0.284,0.103,20.925,2.705,0.603,0.278,0.125,3.979,1.449,0.405,0.34,0.218,1.903,0.943,0.276,0.49,0.218,2.696,3.252,0.288,0.681,0.287,2.316,0.696,0.164,0.278,0.161,7.59,2.038,0.697,0.692,0.29,10.351,4.795,1.346,1.179,0.485,13.29,2.71,0.783,0.963,0.345
1761327517,2025-10-24,neutral,5,1.316,0.471,0.55,0.247,6.083,0.814,0.637,0.581,0.252,3.149,0.741,0.304,0.333,0.164,5.631,0.948,0.873,0.898,0.298,156.98,13.979,5.402,1.784,0.289,41.447,3.411,1.468,0.497,0.103,28.53,3.607,0.778,0.299,0.136,3.053,1.453,0.535,0.35,0.247,1.68,1.129,0.399,0.421,0.244,2.744,3.169,0.28,0.693,0.303,1.879,0.804,0.236,0.291,0.167,5.778,2.053,0.825,0.757,0.289,8.404,6.07,1.758,1.098,0.51,7.215,2.419,0.761,0.962,0.338
1761327517,2025-10-24,neutral,3.872,1.216,0.511,0.588,0.264,5.005,0.74,0.561,0.66,0.261,2.484,0.76,0.341,0.397,0.178,4.557,0.928,0.975,0.959,0.323,262.165,29.81,10.27,3.615,0.377,69.212,7.53,2.713,0.965,0.122,34.269,4.275,0.921,0.337,0.159,2.484,1.398,0.738,0.385,0.284,1.669,1.344,0.539,0.361,0.256,2.83,3.029,0.32,0.7,0.333,1.745,0.901,0.341,0.292,0.173,4.879,2.079,1.005,0.835,0.312,8.515,7.2,2.216,1.019,0.555,5.122,2.521,0.907,0.969,0.362
1761327517,2025-10-24,neutral,3.406,1.167,0.638,0.624,0.284,4.278,0.738,0.557,0.718,0.277,2.156,0.8,0.443,0.473,0.198,4.019,0.983,1.079,1.013,0.354,389.128,57.714,17.849,6.819,0.557,101.843,14.837,4.665,1.777,0.171,36.285,4.468,1.007,0.395,0.195,2.302,1.319,1.026,0.448,0.331,1.758,1.563,0.663,0.317,0.254,2.966,2.938,0.437,0.704,0.372,1.679,0.964,0.47,0.282,0.179,4.44,2.132,1.236,0.923,0.361,9.174,7.774,2.657,0.955,0.603,4.643,2.721,1.182,0.973,0.412
1761327517,2025-10-24,neutral,3.449,1.174,0.814,0.656,0.307,3.923,0.793,0.617,0.747,0.3,2.178,0.863,0.603,0.549,0.223,4.144,1.123,1.204,1.058,0.392,501.234,95.486,27.39,11.163,0.834,130.937,24.709,7.139,2.873,0.248,33.576,4.129,1.042,0.47,0.242,2.611,1.267,1.403,0.54,0.384,1.922,1.768,0.759,0.291,0.242,3.071,2.973,0.644,0.703,0.409,1.741,0.982,0.605,0.266,0.182,4.611,2.264,1.522,1.024,0.428,9.891,7.662,3.044,0.909,0.64,5.078,2.892,1.537,0.971,0.473
1761327517,2025-10-24,neutral,3.718,1.25,0.984,0.687,0.333,3.791,0.925,0.708,0.747,0.329,2.424,0.957,0.792,0.614,0.249,4.657,1.381,1.351,1.094,0.439,578.951,134.615,36.647,15.707,1.165,150.772,34.886,9.558,4.013,0.339,27.336,3.404,1.05,0.551,0.293,3.21,1.291,1.833,0.651,0.432,2.021,1.933,0.82,0.284,0.225,3.251,3.169,0.917,0.697,0.433,1.74,0.947,0.71,0.248,0.18,5.121,2.527,1.854,1.133,0.498,10.195,6.989,3.32,0.893,0.658,5.898,3.001,1.885,0.966,0.536
1761327517,2025-10-24,neutral,4.097,1.416,1.116,0.719,0.361,3.827,1.171,0.803,0.727,0.363,2.758,1.102,0.977,0.653,0.273,5.315,1.787,1.511,1.12,0.495,587,163.456,42.935,19.113,1.469,152.534,42.323,11.219,4.864,0.419,19.231,2.574,1.056,0.615,0.34,3.82,1.414,2.245,0.759,0.465,1.994,2.022,0.848,0.3,0.212,3.405,3.513,1.201,0.682,0.437,1.681,0.872,0.761,0.233,0.173,5.674,2.935,2.222,1.239,0.553,10.003,6.09,3.459,0.914,0.657,6.725,3.088,2.173,0.973,0.589
1761327518,2025-10-24,neutral,4.441,1.643,1.175,0.75,0.388,3.965,1.507,0.861,0.701,0.399,3.074,1.3,1.112,0.658,0.288,5.905,2.291,1.642,1.135,0.556,531.572,172.092,43.913,20.228,1.656,137.972,44.466,11.507,5.134,0.466,12.318,1.927,1.06,0.644,0.373,4.283,1.612,2.549,0.838,0.472,1.865,2.017,0.852,0.342,0.204,3.533,3.939,1.418,0.658,0.417,1.558,0.77,0.74,0.224,0.164,6.207,3.432,2.565,1.329,0.579,9.478,5.286,3.438,0.98,0.639,7.445,3.181,2.341,1.005,0.625
1761327518,2025-10-24,neutral,4.811,1.904,1.163,0.783,0.403,4.306,1.861,0.863,0.684,0.428,3.516,1.544,1.177,0.631,0.291,6.611,2.8,1.698,1.148,0.608,421.169,156.919,39.249,18.641,1.668,109.098,40.426,10.326,4.72,0.466,7.856,1.586,1.043,0.635,0.386,4.71,1.851,2.655,0.868,0.453,1.859,1.942,0.83,0.404,0.199,3.932,4.358,1.507,0.624,0.383,1.549,0.664,0.66,0.224,0.154,6.828,3.958,2.81,1.401,0.569,9.17,4.743,3.267,1.09,0.606,8.135,3.331,2.367,1.075,0.636
1761327518,2025-10-24,neutral,5.879,2.171,1.099,0.827,0.399,5.448,2.148,0.803,0.693,0.439,4.705,1.83,1.17,0.589,0.279,8.551,3.245,1.648,1.17,0.634,293.038,122.864,30.299,14.902,1.504,75.884,31.535,8.009,3.766,0.421,6.357,1.509,0.978,0.607,0.377,5.887,2.093,2.528,0.855,0.413,2.453,1.836,0.782,0.477,0.193,5.352,4.676,1.454,0.588,0.348,2.035,0.574,0.545,0.234,0.144,8.812,4.462,2.898,1.459,0.528,10.611,4.427,2.982,1.242,0.565,10.086,3.565,2.267,1.184,0.618
1761327518,2025-10-24,right,8.183,2.449,1.017,0.882,0.376,7.834,2.312,0.705,0.73,0.426,7.131,2.164,1.108,0.551,0.255,12.617,3.597,1.5,1.202,0.625,175.696,80.931,19.877,10.238,1.221,45.456,20.688,5.292,2.582,0.349,7.519,1.577,0.852,0.586,0.35,8.548,2.307,2.204,0.818,0.368,3.99,1.729,0.712,0.543,0.185,8.457,4.835,1.301,0.557,0.325,3.3,0.522,0.431,0.251,0.137,13.152,4.915,2.804,1.507,0.47,15.029,4.218,2.651,1.418,0.521,14.377,3.923,2.085,1.315,0.576
1761327518,2025-10-24,right,11.588,2.799,0.944,0.938,0.338,11.154,2.353,0.598,0.777,0.39,10.616,2.544,1.017,0.529,0.226,18.495,3.856,1.298,1.228,0.581,90.997,43.12,10.677,5.985,0.909,23.548,10.979,2.867,1.508,0.271,10.316,1.668,0.687,0.588,0.313,12.688,2.469,1.773,0.776,0.331,6.404,1.652,0.634,0.585,0.177,13.079,4.79,1.104,0.534,0.322,5.238,0.528,0.341,0.271,0.133,19.636,5.306,2.541,1.535,0.416,22.156,4.082,2.32,1.585,0.483,20.931,4.542,1.878,1.433,0.516
1761327518,2025-10-24,right,15.838,3.372,0.895,0.978,0.296,14.819,2.371,0.505,0.808,0.337,14.43,2.966,0.927,0.521,0.197,24.944,4.078,1.088,1.225,0.513,43.58,17.398,4.49,3.028,0.647,11.399,4.43,1.221,0.765,0.205,13.651,1.758,0.538,0.606,0.274,17.528,2.587,1.353,0.741,0.308,9.08,1.625,0.565,0.589,0.173,18.295,4.562,0.908,0.517,0.336,7.39,0.626,0.286,0.288,0.131,26.927,5.686,2.166,1.525,0.378,30.688,4.257,2.009,1.702,0.452,29.212,5.714,1.685,1.503,0.451
1761327518,2025-10-24,right,20.464,4.287,0.868,0.982,0.258,17.83,2.513,0.439,0.803,0.281,17.554,3.405,0.855,0.519,0.172,29.953,4.341,0.907,1.173,0.442,24.169,5.18,1.448,1.513,0.475,6.455,1.35,0.404,0.387,0.159,16.731,1.841,0.468,0.621,0.239,21.607,2.677,1.049,0.714,0.296,11.224,1.664,0.519,0.552,0.171,22.462,4.32,0.893,0.531,0.362,9.076,0.835,0.26,0.299,0.128,32.963,6.106,1.762,1.463,0.358,38.783,5.045,1.713,1.739,0.428,38.355,7.661,1.521,1.508,0.39
1761327518,2025-10-24,neutral,24.662,5.526,0.84,0.938,0.231,19.373,2.866,0.398,0.756,0.235,19.043,3.808,0.797,0.506,0.154,31.821,4.665,0.757,1.064,0.389,19.99,1.726,0.568,0.978,0.388,5.485,0.5,0.172,0.254,0.133,19.119,1.975,0.507,0.608,0.212,23.549,2.742,0.93,0.69,0.288,12.509,1.809,0.505,0.495,0.174,38.599,8.493,3.07,1.178,0.538,9.768,1.133,0.25,0.302,0.122,35.802,6.569,1.407,1.346,0.351,44.819,6.51,1.444,1.677,0.405,46.967,10.301,1.375,1.444,0.341
1761327519,2025-10-24,neutral,27.653,6.861,0.816,0.85,0.221,19.086,3.417,0.397,0.683,0.213,18.507,4.08,0.758,0.476,0.147,29.97,5.003,0.644,0.923,0.374,16.519,1.428,0.502,0.818,0.361,4.617,0.444,0.172,0.213,0.121,21.457,2.15,0.671,0.562,0.2,22.656,2.732,1.036,0.661,0.284,13.328,2.161,0.542,0.46,0.184,112.362,29.363,12.911,4.02,1.271,9.275,1.44,0.252,0.298,0.114,34.55,6.96,1.19,1.194,0.364,47.61,8.367,1.261,1.531,0.388,53.402,13.127,1.281,1.332,0.317
1761327519,2025-10-24,neutral,28.217,8.042,0.892,0.75,0.236,17.082,4.109,0.506,0.618,0.221,16.066,4.24,0.814,0.447,0.156,25.01,5.409,0.708,0.806,0.412,13.78,1.708,0.642,0.747,0.374,3.987,0.536,0.235,0.194,0.121,24.278,2.392,1.034,0.507,0.214,19.344,2.696,1.467,0.635,0.294,14.437,2.927,0.667,0.498,0.208,305.976,82.574,35.74,10.455,2.967,7.77,1.696,0.29,0.291,0.108,29.525,7.339,1.316,1.064,0.413,46.251,10.252,1.335,1.358,0.388,55.397,15.579,1.411,1.221,0.338
1761327519,2025-10-24,neutral,26.992,8.91,1.163,0.674,0.277,14.62,4.886,0.774,0.594,0.258,12.998,4.401,1.036,0.442,0.186,19.257,6.036,1.088,0.77,0.502,11.831,2.399,1.012,0.735,0.417,3.64,0.741,0.362,0.19,0.133,28.463,2.756,1.645,0.477,0.26,15.02,2.765,2.264,0.638,0.328,17.03,4.175,0.891,0.631,0.248,645.779,177.669,72.404,20.711,5.685,5.959,1.874,0.39,0.289,0.108,23.123,7.949,1.924,1.018,0.512,42.445,11.794,1.803,1.227,0.415,53.373,17.211,1.924,1.167,0.411
1761327520,2025-10-24,neutral,9.778,5.641,2.871,0.746,0.354,8.94,4.756,2.413,0.583,0.465,6.349,4.553,2.036,0.605,0.266,10.6,6.609,3.506,0.944,0.461,70.383,29.353,11.813,1.806,0.503,18.294,7.928,3.091,0.519,0.182,9.98,3.557,2.145,0.454,0.304,6.666,4.519,2.97,0.713,0.377,11.781,4.25,1.014,0.534,0.177,680.554,241.434,69.532,19.282,6.486,3.587,1.719,0.697,0.376,0.174,14.244,10.161,4.414,1.308,0.615,15.915,7.117,4.623,1.133,0.519,16.272,8.852,3.819,1.09,0.512
1761327520,2025-10-24,neutral,13.992,6.136,2.74,0.742,0.435,12.15,4.911,2.495,0.634,0.514,7.584,4.729,1.895,0.638,0.337,12.939,6.57,3.348,1.015,0.509,137.332,59.099,24.308,3.446,0.64,35.847,15.615,6.257,0.957,0.22,8.093,3.892,1.955,0.522,0.349,8.1,4.888,2.563,0.705,0.474,8.038,3.622,1.007,0.407,0.183,401.08,146.46,47.65,13.658,5.197,4.309,1.908,0.661,0.325,0.216,17.517,10.28,4.164,1.269,0.722,19.318,7.611,4.191,1.07,0.642,24.583,9.804,3.319,1.092,0.618
1761327520,2025-10-24,neutral,20.685,6.851,2.729,0.759,0.538,17.238,5.166,2.624,0.729,0.565,9.494,4.984,1.848,0.693,0.431,16.916,6.87,3.37,1.15,0.604,235.525,97.894,41.194,5.762,0.827,61.633,25.601,10.539,1.565,0.269,8.15,4.294,2,0.635,0.424,9.887,5.244,2.494,0.742,0.605,6.733,3.242,1.104,0.346,0.22,232.731,85.244,35.082,10.55,4.421,5.243,2.1,0.682,0.284,0.267,21.631,10.525,4.196,1.28,0.893,25.22,8.419,3.936,1.045,0.812,37.737,11.22,3.152,1.14,0.775
1761327520,2025-10-24,left,28.028,7.302,2.707,0.782,0.618,22.451,5.181,2.676,0.827,0.591,11.27,5.021,1.799,0.744,0.511,20.942,7.004,3.37,1.285,0.698,340.315,135.777,58.256,8.21,1.006,89.077,35.33,14.86,2.196,0.314,8.965,4.465,2.082,0.746,0.492,11.184,5.296,2.551,0.795,0.712,6.729,2.847,1.216,0.324,0.265,140.818,51.103,27.666,8.735,3.809,6.012,2.177,0.716,0.264,0.309,24.897,10.324,4.247,1.31,1.039,31.395,8.942,3.71,1.044,0.958,52.414,12.26,3.123,1.193,0.907
1761327520,2025-10-24,left,33.553,7.093,2.543,0.791,0.638,25.735,4.732,2.55,0.884,0.575,12.108,4.611,1.655,0.765,0.541,23.274,6.542,3.155,1.358,0.744,418.644,160.389,69.945,10.027,1.113,109.674,41.615,17.792,2.651,0.34,9.357,4.201,2.016,0.808,0.518,11.329,4.853,2.489,0.827,0.743,6.974,2.292,1.275,0.315,0.297,90.603,32.828,22.319,7.344,3.164,6.194,2.049,0.711,0.262,0.327,25.779,9.25,4.048,1.31,1.081,35.313,8.684,3.345,1.04,1.015,63.723,12.193,2.985,1.213,0.949
1761327520,2025-10-24,left,35.244,6.191,2.213,0.773,0.589,25.829,3.889,2.23,0.88,0.52,11.667,3.789,1.404,0.739,0.51,23.031,5.468,2.683,1.332,0.725,440.637,163.033,72.129,10.582,1.108,115.209,42.235,18.3,2.77,0.338,8.588,3.508,1.738,0.792,0.489,10.285,3.967,2.209,0.806,0.684,7.393,1.679,1.263,0.31,0.304,64.872,23.35,18.106,6.078,2.52,5.763,1.722,0.648,0.267,0.311,23.86,7.379,3.522,1.246,0.995,35.497,7.595,2.808,1.011,0.956,67.736,10.881,2.642,1.178,0.876
1761327521,2025-10-24,left,32.485,4.811,1.789,0.722,0.489,22.806,2.859,1.786,0.816,0.447,10.089,2.768,1.101,0.669,0.429,20.378,4.056,2.064,1.208,0.653,400.342,142.426,63.856,9.664,0.993,104.845,36.859,16.155,2.508,0.309,7.335,2.574,1.33,0.703,0.416,8.488,2.875,1.766,0.722,0.556,8.182,1.121,1.196,0.307,0.286,59.33,19.244,15,4.953,1.974,4.703,1.268,0.54,0.266,0.265,19.924,5.162,2.786,1.113,0.812,31.909,5.899,2.181,0.944,0.802,63.09,8.622,2.158,1.089,0.716
1761327521,2025-10-24,left,26.002,3.316,1.357,0.649,0.372,17.406,1.913,1.304,0.715,0.378,7.837,1.842,0.806,0.572,0.328,16.127,2.724,1.435,1.025,0.556,306.466,105.966,48.13,7.594,0.803,79.959,27.408,12.151,1.954,0.261,6.082,1.68,0.912,0.574,0.325,6.567,1.897,1.272,0.599,0.404,9.277,0.693,1.098,0.314,0.254,67.105,18.56,13.359,4.175,1.597,3.413,0.808,0.416,0.255,0.206,15.116,3.191,2.008,0.939,0.598,25.648,4.048,1.569,0.853,0.612,51,6.021,1.64,0.973,0.527
1761327521,2025-10-24,left,18.261,2.074,1.005,0.571,0.275,11.687,1.243,0.883,0.61,0.329,5.722,1.226,0.574,0.476,0.238,11.821,1.784,0.92,0.838,0.464,198.616,65.619,30.176,5.078,0.596,52.109,16.956,7.609,1.295,0.208,5.179,1.067,0.583,0.448,0.242,5.181,1.295,0.847,0.473,0.275,10.599,0.449,0.991,0.336,0.221,84.966,20.414,13.404,3.85,1.417,2.231,0.455,0.311,0.236,0.15,11.247,1.908,1.356,0.767,0.419,19.039,2.512,1.088,0.759,0.448,36.189,3.745,1.205,0.86,0.368
1761327521,2025-10-24,left,11.164,1.28,0.781,0.499,0.217,6.699,0.891,0.586,0.52,0.304,4.088,0.991,0.437,0.4,0.179,8.259,1.331,0.587,0.688,0.399,101.798,32.626,15.125,2.852,0.426,26.567,8.408,3.828,0.72,0.164,4.743,0.84,0.394,0.356,0.187,4.492,1.192,0.56,0.375,0.198,11.675,0.379,0.888,0.371,0.197,105.964,23.18,14.615,3.81,1.402,1.419,0.261,0.244,0.215,0.111,8.833,1.434,0.931,0.632,0.313,13.476,1.581,0.812,0.675,0.349,22.457,2.226,0.922,0.767,0.274
1761327521,2025-10-24,left,6.392,0.917,0.673,0.44,0.201,3.603,0.759,0.429,0.449,0.297,3.168,1.075,0.378,0.357,0.153,6.044,1.24,0.435,0.591,0.363,39.779,12.642,5.706,1.366,0.324,10.689,3.23,1.472,0.345,0.134,4.61,0.959,0.323,0.31,0.166,4.342,1.54,0.412,0.322,0.174,12.007,0.436,0.796,0.409,0.185,119.412,25.032,15.909,3.81,1.461,1.057,0.217,0.213,0.2,0.094,7.922,1.597,0.715,0.547,0.278,9.967,1.266,0.747,0.606,0.315,13.142,1.515,0.788,0.704,0.246
1761327521,2025-10-24,left,4.052,0.869,0.621,0.4,0.213,2.164,0.737,0.39,0.394,0.293,2.809,1.359,0.356,0.351,0.148,4.977,1.316,0.417,0.545,0.347,10.635,4.6,1.761,0.664,0.289,2.946,1.178,0.493,0.178,0.118,4.488,1.286,0.312,0.307,0.168,4.468,2.153,0.35,0.31,0.181,11.276,0.567,0.711,0.432,0.179,116.792,24.591,16.145,3.641,1.472,1.013,0.285,0.203,0.19,0.093,7.851,2.12,0.618,0.51,0.285,8.306,1.416,0.821,0.551,0.318,8.502,1.434,0.736,0.671,0.256
1761327521,2025-10-24,left,3.608,0.977,0.588,0.384,0.236,2.1,0.756,0.448,0.349,0.286,2.779,1.705,0.354,0.374,0.151,4.702,1.422,0.494,0.543,0.339,3.523,3.163,1.047,0.477,0.3,1.147,0.872,0.311,0.143,0.11,4.409,1.665,0.318,0.335,0.179,4.51,2.79,0.336,0.322,0.198,9.511,0.715,0.637,0.428,0.175,99.176,21.596,14.864,3.286,1.358,1.125,0.417,0.206,0.184,0.099,7.772,2.733,0.582,0.506,0.299,7.764,1.79,0.951,0.513,0.325,7.426,1.674,0.727,0.667,0.273
1761327521,2025-10-24,left,4.379,1.197,0.604,0.394,0.263,3.142,0.891,0.609,0.32,0.277,3.179,2.092,0.402,0.419,0.156,5.667,1.678,0.688,0.584,0.335,4.415,3.606,1.28,0.482,0.335,1.351,1.08,0.351,0.157,0.107,4.889,2.127,0.362,0.388,0.195,5.075,3.391,0.389,0.346,0.213,7.311,0.912,0.59,0.398,0.172,74.773,16.97,12.469,2.88,1.134,1.491,0.611,0.248,0.181,0.107,8.223,3.417,0.641,0.53,0.311,8.412,2.362,1.136,0.504,0.323,8.525,2.109,0.795,0.699,0.287
1761327522,2025-10-24,left,6.631,1.563,0.724,0.436,0.288,5.706,1.243,0.893,0.318,0.271,4.517,2.536,0.557,0.482,0.166,9.162,2.28,1.042,0.665,0.341,8.557,4.353,1.656,0.535,0.386,2.427,1.363,0.427,0.183,0.106,7.091,2.802,0.511,0.468,0.215,7.294,4.018,0.58,0.381,0.231,5.791,1.202,0.595,0.36,0.174,53.449,12.505,9.754,2.546,0.878,2.602,0.868,0.378,0.185,0.117,10.705,4.241,0.887,0.594,0.328,11.578,3.223,1.434,0.546,0.321,12.251,2.792,1.026,0.781,0.302
1761327522,2025-10-24,left,10.692,2.126,0.981,0.501,0.309,9.977,1.868,1.277,0.345,0.274,7.121,3.044,0.842,0.552,0.183,15.805,3.337,1.546,0.776,0.36,16.056,5.372,2.116,0.618,0.446,4.285,1.686,0.54,0.214,0.108,11.384,3.795,0.8,0.569,0.244,11.787,4.755,0.929,0.429,0.255,5.596,1.589,0.651,0.332,0.186,40.206,9.761,7.428,2.349,0.688,4.795,1.173,0.614,0.2,0.132,16.26,5.265,1.349,0.698,0.356,18.176,4.439,1.873,0.634,0.329,19.348,3.833,1.469,0.908,0.328
1761327522,2025-10-24,left,15.936,2.807,1.336,0.571,0.323,15.271,2.689,1.693,0.392,0.282,10.587,3.553,1.219,0.617,0.204,24.384,4.726,2.123,0.894,0.387,24.823,6.618,2.634,0.719,0.502,6.41,2.011,0.687,0.245,0.113,17.159,5.076,1.208,0.673,0.279,17.858,5.586,1.373,0.485,0.287,6.605,2.028,0.729,0.323,0.206,36.078,9.498,5.898,2.308,0.63,8.039,1.475,0.922,0.226,0.149,24.032,6.392,1.951,0.827,0.396,27.052,5.878,2.42,0.745,0.352,28.633,5.122,2.079,1.057,0.364
1761327522,2025-10-24,left,20.866,3.42,1.689,0.62,0.327,20.072,3.501,2.04,0.435,0.29,13.894,3.942,1.597,0.654,0.222,32.353,6.113,2.639,0.992,0.412,32.916,7.837,3.093,0.813,0.536,8.565,2.266,0.827,0.268,0.12,23.648,6.511,1.643,0.75,0.313,23.734,6.357,1.786,0.541,0.319,8.076,2.438,0.788,0.33,0.229,37.949,11.321,5.161,2.382,0.716,11.61,1.703,1.215,0.253,0.168,31.724,7.368,2.531,0.946,0.435,35.466,7.213,2.978,0.84,0.382,37.324,6.341,2.721,1.185,0.401
1761327522,2025-10-24,left,23.717,3.751,1.927,0.627,0.319,22.749,4.039,2.225,0.451,0.29,15.844,4.074,1.865,0.649,0.229,36.901,7.093,2.957,1.044,0.428,40.732,8.716,3.391,0.868,0.538,10.458,2.373,0.922,0.276,0.125,31.617,7.819,2.004,0.776,0.332,27.323,6.826,2.034,0.579,0.34,9.127,2.718,0.8,0.346,0.244,41.19,14.032,4.848,2.503,0.91,14.586,1.794,1.395,0.268,0.183,36.492,7.881,2.916,1.016,0.457,40.351,8.034,3.432,0.887,0.405,42.232,7.082,3.232,1.248,0.424
1761327522,2025-10-24,left,23.385,3.659,1.978,0.591,0.299,22.331,4.115,2.199,0.43,0.276,15.661,3.87,1.943,0.597,0.22,36.36,7.369,3.007,1.036,0.427,42.925,8.942,3.395,0.86,0.505,11.129,2.281,0.925,0.265,0.13,41.425,8.686,2.217,0.74,0.328,27.264,6.76,2.043,0.585,0.339,9.174,2.764,0.756,0.371,0.245,43.365,16.458,4.565,2.621,1.151,15.947,1.732,1.402,0.263,0.189,36.386,7.708,3.002,1.013,0.454,39.777,8.039,3.697,0.869,0.405,41.413,7.048,3.483,1.22,0.421
1761327522,2025-10-24,left,19.908,3.153,1.835,0.518,0.27,18.937,3.708,1.981,0.376,0.246,13.364,3.355,1.818,0.507,0.196,30.996,6.872,2.804,0.966,0.408,45.179,8.449,3.124,0.783,0.445,11.503,1.996,0.842,0.236,0.131,53.172,8.896,2.257,0.648,0.298,23.489,6.083,1.823,0.551,0.313,8.123,2.577,0.677,0.406,0.229,43.034,17.776,4.112,2.701,1.378,15.027,1.554,1.241,0.234,0.183,31.28,6.853,2.793,0.935,0.42,33.907,7.231,3.731,0.79,0.376,35.092,6.228,3.439,1.099,0.389
1761327522,2025-10-24,left,14.505,2.387,1.567,0.433,0.238,13.782,2.966,1.643,0.311,0.204,9.779,2.645,1.549,0.402,0.164,22.777,5.782,2.442,0.848,0.375,40.417,7.311,2.621,0.658,0.371,10.174,1.578,0.691,0.199,0.13,64.385,8.401,2.146,0.527,0.249,17.323,4.931,1.476,0.486,0.269,6.311,2.214,0.598,0.453,0.201,39.577,17.613,3.501,2.703,1.533,12.492,1.339,0.98,0.19,0.167,22.962,5.543,2.396,0.806,0.367,24.729,5.914,3.571,0.674,0.324,25.455,4.883,3.162,0.916,0.335
1761327523,2025-10-24,left,8.912,1.601,1.283,0.361,0.208,8.539,2.134,1.288,0.264,0.158,6.081,1.927,1.244,0.307,0.133,14.53,4.442,2.048,0.713,0.337,36.466,5.834,2.042,0.531,0.301,8.892,1.126,0.522,0.163,0.125,72.134,7.357,1.948,0.41,0.197,10.852,3.635,1.166,0.417,0.218,4.319,1.802,0.561,0.503,0.168,34.153,15.995,2.858,2.59,1.578,8.764,1.16,0.722,0.142,0.146,14.308,4.168,1.982,0.667,0.309,15.374,4.535,3.322,0.556,0.264,15.838,3.438,2.789,0.723,0.274
1761327523,2025-10-24,left,4.537,1.018,1.077,0.324,0.186,4.513,1.438,1.003,0.26,0.117,3.177,1.376,1,0.242,0.112,8.259,3.215,1.733,0.596,0.303,29.251,4.357,1.511,0.445,0.246,6.939,0.743,0.38,0.14,0.117,73.344,6.043,1.738,0.325,0.155,5.695,2.571,1.032,0.373,0.175,2.629,1.469,0.588,0.542,0.138,28.709,13.408,2.332,2.351,1.506,5.382,1.065,0.55,0.107,0.126,7.429,3.1,1.695,0.559,0.262,8.141,3.488,3.095,0.464,0.211,8.493,2.295,2.455,0.571,0.222
1761327523,2025-10-24,left,2.11,0.745,0.978,0.329,0.176,2.319,0.989,0.831,0.303,0.091,1.571,1.082,0.855,0.215,0.107,4.984,2.323,1.534,0.521,0.28,23.15,3.152,1.122,0.422,0.211,5.293,0.496,0.287,0.133,0.108,66.874,4.688,1.556,0.284,0.132,2.844,1.951,1.107,0.371,0.149,1.563,1.276,0.66,0.549,0.117,24.562,10.57,2.042,2.03,1.344,2.888,1.047,0.491,0.091,0.112,3.71,2.518,1.575,0.507,0.234,4.391,2.921,2.932,0.416,0.175,4.76,1.637,2.226,0.493,0.189
1761327523,2025-10-24,left,1.253,0.759,0.949,0.364,0.176,1.516,0.78,0.754,0.373,0.084,0.99,1.018,0.788,0.218,0.115,3.816,1.8,1.418,0.488,0.271,17.704,2.291,0.874,0.447,0.192,4.04,0.384,0.237,0.137,0.099,54.284,3.449,1.397,0.278,0.126,1.89,1.741,1.307,0.407,0.14,1.038,1.194,0.733,0.517,0.104,21.909,8.11,2.027,1.705,1.137,1.55,1.056,0.508,0.097,0.104,2.427,2.37,1.561,0.504,0.223,3.265,2.715,2.792,0.41,0.158,3.59,1.402,2.081,0.487,0.174
1761327523,2025-10-24,left,1.292,0.939,0.919,0.404,0.182,1.453,0.728,0.719,0.442,0.093,0.993,1.077,0.743,0.232,0.13,3.598,1.541,1.301,0.482,0.269,12.863,1.699,0.714,0.489,0.181,3.022,0.359,0.206,0.145,0.094,37.914,2.436,1.225,0.287,0.126,1.987,1.76,1.486,0.456,0.144,0.863,1.15,0.753,0.449,0.099,20.476,6.413,2.17,1.458,0.936,1.13,1.043,0.535,0.118,0.099,2.522,2.462,1.536,0.529,0.221,3.511,2.635,2.59,0.434,0.155,3.687,1.386,1.95,0.526,0.171
1761327523,2025-10-24,left,1.362,1.144,0.834,0.429,0.189,1.364,0.73,0.671,0.484,0.112,1.014,1.137,0.668,0.241,0.145,3.159,1.397,1.124,0.483,0.27,9.311,1.276,0.573,0.515,0.174,2.438,0.363,0.175,0.148,0.092,22.696,1.679,1.022,0.288,0.126,2.182,1.814,1.524,0.489,0.154,0.784,1.074,0.692,0.367,0.099,19.448,5.53,2.317,1.319,0.777,1.029,0.982,0.532,0.145,0.094,2.62,2.571,1.417,0.553,0.218,3.679,2.492,2.271,0.471,0.163,3.57,1.398,1.77,0.57,0.171
1761327523,2025-10-24,left,1.315,1.298,0.687,0.43,0.193,1.211,0.744,0.589,0.484,0.133,0.969,1.146,0.555,0.24,0.156,2.521,1.313,0.903,0.473,0.269,7.053,1.009,0.436,0.507,0.17,1.967,0.369,0.14,0.143,0.093,11.049,1.185,0.823,0.27,0.121,2.21,1.84,1.405,0.486,0.165,0.74,0.964,0.57,0.293,0.103,18.674,5.231,2.383,1.278,0.678,1.034,0.881,0.499,0.173,0.088,2.538,2.635,1.214,0.561,0.213,3.544,2.277,1.86,0.504,0.179,3.172,1.397,1.533,0.589,0.173
1761327523,2025-10-24,left,1.242,1.374,0.51,0.407,0.191,1.084,0.767,0.481,0.443,0.15,0.967,1.119,0.426,0.232,0.162,1.95,1.279,0.68,0.447,0.264,5.813,0.879,0.319,0.461,0.172,1.676,0.372,0.108,0.13,0.095,4.901,0.971,0.656,0.237,0.113,2.229,1.871,1.179,0.443,0.176,0.815,0.883,0.445,0.242,0.112,18.283,5.258,2.293,1.306,0.635,1.044,0.78,0.45,0.196,0.082,2.557,2.719,0.983,0.549,0.206,3.299,2.065,1.42,0.523,0.201,2.841,1.423,1.267,0.571,0.178
1761327524,2025-10-24,left,1.153,1.373,0.348,0.373,0.185,1.002,0.8,0.367,0.374,0.159,0.973,1.091,0.309,0.223,0.161,1.484,1.273,0.494,0.407,0.254,4.913,0.846,0.233,0.391,0.177,1.365,0.377,0.084,0.113,0.095,2.241,0.969,0.528,0.197,0.103,2.105,1.95,0.934,0.374,0.182,0.936,0.894,0.388,0.216,0.125,18.367,5.41,2.059,1.385,0.631,1.049,0.711,0.403,0.215,0.077,2.597,2.886,0.784,0.527,0.204,2.944,1.93,1.029,0.526,0.223,2.55,1.517,1.013,0.525,0.185
1761327524,2025-10-24,left,1.12,1.332,0.235,0.345,0.173,0.992,0.854,0.27,0.298,0.16,1.062,1.108,0.228,0.22,0.156,1.191,1.311,0.369,0.368,0.24,4.167,0.866,0.19,0.319,0.185,1.094,0.387,0.073,0.096,0.093,1.442,1.066,0.439,0.162,0.095,1.953,2.101,0.757,0.307,0.183,1.103,1.037,0.457,0.214,0.141,18.679,5.481,1.749,1.512,0.647,1.062,0.688,0.371,0.23,0.077,2.772,3.176,0.657,0.511,0.208,2.655,1.94,0.756,0.526,0.241,2.44,1.728,0.815,0.474,0.195
1761327524,2025-10-24,left,1.17,1.303,0.187,0.335,0.158,1.018,0.944,0.209,0.237,0.155,1.226,1.199,0.195,0.224,0.147,1.082,1.44,0.309,0.342,0.223,3.58,0.971,0.178,0.266,0.194,0.908,0.413,0.07,0.085,0.089,1.22,1.195,0.388,0.142,0.09,1.847,2.288,0.697,0.265,0.178,1.296,1.308,0.668,0.232,0.155,19.017,5.314,1.474,1.673,0.665,1.106,0.699,0.354,0.244,0.082,3.08,3.57,0.622,0.515,0.22,2.499,2.125,0.659,0.535,0.251,2.495,2.082,0.719,0.445,0.207
1761327524,2025-10-24,left,1.269,1.323,0.196,0.348,0.139,1.049,1.069,0.187,0.2,0.148,1.434,1.353,0.204,0.232,0.136,1.101,1.679,0.304,0.331,0.206,6.611,2.159,0.291,0.253,0.202,1.725,0.703,0.108,0.085,0.085,0.981,1.296,0.366,0.137,0.087,1.802,2.438,0.742,0.256,0.169,1.486,1.642,0.977,0.266,0.163,19.25,4.884,1.317,1.824,0.675,1.17,0.721,0.343,0.256,0.093,3.44,3.987,0.658,0.538,0.235,2.453,2.462,0.737,0.557,0.253,2.567,2.547,0.738,0.447,0.217
1761327524,2025-10-24,left,1.503,1.381,0.236,0.374,0.12,1.081,1.194,0.195,0.187,0.142,1.739,1.512,0.235,0.237,0.124,1.333,1.963,0.327,0.325,0.192,31.298,7.382,0.868,0.306,0.211,8.262,1.981,0.279,0.102,0.084,0.843,1.318,0.354,0.139,0.085,2.042,2.455,0.839,0.276,0.158,1.733,1.929,1.3,0.31,0.163,19.376,4.293,1.293,1.904,0.668,1.245,0.725,0.332,0.265,0.104,4.092,4.286,0.726,0.571,0.248,2.7,2.839,0.929,0.585,0.245,2.857,3.003,0.845,0.474,0.222
1761327524,2025-10-24,left,1.814,1.429,0.28,0.399,0.103,1.127,1.274,0.217,0.192,0.142,2.071,1.598,0.261,0.234,0.113,1.718,2.189,0.345,0.314,0.18,86.29,19.91,2.306,0.454,0.227,22.467,5.068,0.687,0.14,0.085,0.839,1.224,0.336,0.142,0.084,2.554,2.275,0.924,0.309,0.147,2.039,2.061,1.538,0.351,0.156,18.735,3.714,1.365,1.864,0.637,1.341,0.688,0.316,0.267,0.111,4.949,4.317,0.784,0.603,0.251,3.166,3.088,1.143,0.604,0.228,3.287,3.288,0.976,0.505,0.222
1761327524,2025-10-24,left,2.176,1.4,0.31,0.412,0.089,1.215,1.258,0.238,0.206,0.145,2.404,1.547,0.267,0.225,0.105,2.231,2.247,0.34,0.297,0.172,184.08,40.346,4.75,0.697,0.252,48.18,10.116,1.359,0.2,0.089,0.978,1.029,0.311,0.149,0.085,3.365,1.915,0.96,0.343,0.136,2.422,1.976,1.622,0.373,0.145,18.122,3.284,1.443,1.697,0.589,1.463,0.609,0.295,0.261,0.114,5.99,3.994,0.809,0.628,0.246,3.859,3.07,1.298,0.602,0.205,3.913,3.256,1.068,0.523,0.216
1761327524,2025-10-24,left,2.495,1.251,0.329,0.412,0.08,1.379,1.134,0.258,0.222,0.149,2.66,1.344,0.26,0.213,0.101,2.751,2.09,0.323,0.278,0.166,296.324,64.876,7.843,1.001,0.286,77.064,16.195,2.191,0.273,0.095,1.279,0.795,0.296,0.163,0.09,4.295,1.474,0.959,0.369,0.125,2.798,1.685,1.536,0.366,0.135,17.238,3.046,1.468,1.453,0.538,1.603,0.514,0.281,0.249,0.115,6.964,3.344,0.812,0.645,0.236,4.607,2.739,1.367,0.575,0.18,4.578,2.874,1.095,0.517,0.208
1761327525,2025-10-24,left,2.804,1.033,0.353,0.403,0.077,1.661,0.96,0.283,0.233,0.152,2.873,1.073,0.261,0.203,0.1,3.221,1.803,0.34,0.264,0.161,400.104,86.59,10.737,1.298,0.319,104.493,21.587,2.946,0.342,0.1,1.718,0.602,0.317,0.186,0.098,5.123,1.092,0.956,0.381,0.113,3.125,1.297,1.326,0.326,0.125,16.013,3.068,1.443,1.209,0.498,1.748,0.442,0.281,0.233,0.116,7.719,2.581,0.83,0.652,0.228,5.31,2.237,1.377,0.533,0.156,5.219,2.301,1.077,0.488,0.2
1761327525,2025-10-24,left,3.176,0.854,0.404,0.385,0.078,2.065,0.818,0.328,0.233,0.15,3.081,0.843,0.298,0.196,0.102,3.603,1.533,0.44,0.257,0.155,453.028,98.388,12.553,1.516,0.343,117.943,24.535,3.399,0.39,0.103,2.222,0.507,0.379,0.214,0.107,5.604,0.878,0.985,0.377,0.101,3.345,0.947,1.073,0.266,0.116,14.111,3.362,1.409,1.027,0.469,1.847,0.423,0.297,0.215,0.119,8.152,1.984,0.903,0.645,0.222,5.802,1.804,1.382,0.489,0.137,5.675,1.791,1.07,0.444,0.19
1761327525,2025-10-24,left,3.648,0.8,0.496,0.361,0.08,2.533,0.764,0.398,0.219,0.145,3.295,0.735,0.387,0.189,0.103,3.867,1.396,0.639,0.255,0.145,441.014,96.001,12.643,1.605,0.348,115.073,23.954,3.383,0.404,0.103,2.658,0.529,0.468,0.238,0.114,5.586,0.871,1.062,0.357,0.09,3.411,0.734,0.857,0.205,0.107,12.172,3.834,1.424,0.929,0.445,1.874,0.458,0.328,0.197,0.124,8.25,1.755,1.047,0.616,0.219,5.987,1.632,1.438,0.453,0.125,5.841,1.548,1.13,0.4,0.18
1761327525,2025-10-24,left,4.147,0.887,0.62,0.333,0.084,2.937,0.796,0.481,0.192,0.137,3.46,0.766,0.514,0.181,0.101,3.961,1.424,0.897,0.255,0.131,370.398,80.334,11.002,1.559,0.332,96.543,20.068,2.922,0.384,0.1,2.904,0.627,0.552,0.25,0.116,5.067,1.001,1.163,0.327,0.085,3.308,0.668,0.717,0.16,0.096,9.806,4.297,1.524,0.898,0.417,1.814,0.522,0.363,0.179,0.128,8.035,1.894,1.237,0.567,0.214,5.804,1.755,1.554,0.43,0.118,5.649,1.611,1.267,0.367,0.169
1761327525,2025-10-24,left,4.503,1.059,0.744,0.308,0.087,3.152,0.859,0.552,0.16,0.127,3.472,0.891,0.644,0.172,0.096,3.844,1.553,1.133,0.262,0.117,263.386,56.898,8.229,1.414,0.297,68.555,14.237,2.175,0.339,0.094,2.856,0.735,0.597,0.247,0.113,4.2,1.154,1.234,0.294,0.086,3.059,0.689,0.639,0.138,0.085,7.624,4.63,1.696,0.897,0.381,1.66,0.577,0.388,0.164,0.127,7.511,2.233,1.413,0.51,0.206,5.273,2.046,1.677,0.418,0.113,5.114,1.859,1.431,0.354,0.156
1761327525,2025-10-24,left,4.555,1.21,0.833,0.293,0.091,3.114,0.89,0.591,0.134,0.119,3.261,1.018,0.738,0.168,0.089,3.538,1.674,1.272,0.284,0.107,156.803,33.111,5.25,1.222,0.251,40.78,8.312,1.392,0.285,0.086,2.551,0.793,0.587,0.23,0.105,3.206,1.221,1.225,0.266,0.095,2.701,0.716,0.588,0.14,0.077,5.989,4.797,1.861,0.901,0.344,1.443,0.589,0.39,0.157,0.119,6.705,2.509,1.516,0.467,0.196,4.489,2.286,1.735,0.416,0.108,4.348,2.084,1.556,0.368,0.143
1761327525,2025-10-24,left,4.276,1.282,0.868,0.293,0.096,2.887,0.868,0.593,0.121,0.113,2.863,1.107,0.787,0.171,0.084,3.175,1.733,1.284,0.322,0.105,76.822,15.043,2.911,1.025,0.206,19.728,3.801,0.781,0.236,0.077,2.091,0.785,0.533,0.204,0.095,2.324,1.186,1.133,0.249,0.108,2.317,0.731,0.534,0.159,0.076,4.947,4.785,1.938,0.901,0.318,1.242,0.554,0.368,0.16,0.107,5.755,2.586,1.523,0.452,0.19,3.664,2.354,1.68,0.42,0.103,3.571,2.188,1.61,0.404,0.134
1761327525,2025-10-24,left,3.776,1.285,0.853,0.308,0.104,2.626,0.83,0.569,0.126,0.112,2.409,1.168,0.805,0.184,0.081,2.92,1.74,1.198,0.374,0.112,31.397,5.013,1.525,0.847,0.17,7.945,1.286,0.418,0.2,0.07,1.659,0.745,0.455,0.177,0.085,1.72,1.111,0.99,0.251,0.123,2.056,0.807,0.464,0.188,0.085,4.675,4.572,1.893,0.892,0.31,1.098,0.486,0.339,0.172,0.094,4.898,2.489,1.449,0.475,0.194,3.064,2.279,1.519,0.426,0.103,3.1,2.223,1.611,0.453,0.132
1761327526,2025-10-24,left,3.344,1.293,0.833,0.34,0.118,2.584,0.853,0.568,0.159,0.119,2.093,1.246,0.831,0.211,0.084,3.012,1.783,1.105,0.445,0.128,15.238,1.511,0.991,0.708,0.145,3.712,0.402,0.27,0.183,0.067,1.507,0.746,0.392,0.171,0.079,1.523,1.115,0.859,0.284,0.137,2.114,1.117,0.382,0.225,0.105,5.003,4.203,1.765,0.88,0.321,1.137,0.414,0.339,0.194,0.086,4.514,2.398,1.363,0.546,0.208,3.001,2.253,1.327,0.45,0.113,3.291,2.384,1.631,0.52,0.141
1761327526,2025-10-24,left,3.617,1.43,0.896,0.426,0.137,3.334,1.012,0.68,0.257,0.135,2.461,1.428,0.927,0.287,0.093,4.293,1.998,1.155,0.588,0.153,10.192,1.307,0.947,0.667,0.134,2.521,0.365,0.244,0.197,0.069,2.227,0.879,0.4,0.242,0.08,2.175,1.322,0.823,0.395,0.152,2.943,1.857,0.31,0.278,0.136,5.592,3.912,1.759,0.925,0.347,1.491,0.376,0.411,0.235,0.086,5.558,2.608,1.416,0.723,0.232,4.2,2.534,1.247,0.555,0.139,4.892,2.895,1.806,0.668,0.16
1761327526,2025-10-24,left,5.105,1.733,1.128,0.61,0.163,5.342,1.299,0.986,0.46,0.165,4.023,1.741,1.137,0.449,0.106,7.565,2.421,1.486,0.872,0.187,9.133,1.839,1.218,0.79,0.138,2.376,0.544,0.295,0.253,0.075,4.24,1.181,0.536,0.451,0.093,4.135,1.735,0.945,0.63,0.169,4.915,3.037,0.274,0.363,0.177,6.019,3.99,2.137,1.092,0.379,2.325,0.392,0.586,0.306,0.092,8.862,3.237,1.75,1.069,0.26,7.217,3.2,1.417,0.814,0.183,8.593,3.766,2.254,0.978,0.189
1761327526,2025-10-24,left,7.772,2.124,1.541,0.902,0.194,8.529,1.62,1.494,0.77,0.204,6.784,2.116,1.447,0.707,0.124,12.816,2.95,2.123,1.314,0.23,10.508,2.623,1.733,1.098,0.156,2.793,0.803,0.401,0.35,0.085,7.436,1.602,0.806,0.819,0.119,7.383,2.236,1.212,0.993,0.19,7.941,4.429,0.286,0.48,0.224,6.139,4.611,3.015,1.398,0.404,3.546,0.484,0.853,0.407,0.101,14.281,4.146,2.387,1.587,0.287,11.867,4.083,1.865,1.245,0.239,14.164,4.759,2.967,1.47,0.221
1761327527,2025-10-24,neutral,12.541,1.819,2.369,1.575,0.207,13.891,1.262,2.598,1.514,0.243,12.737,1.898,1.686,1.308,0.17,23.242,2.521,3.549,2.313,0.276,17.537,3.634,3.035,2.002,0.241,4.646,1.183,0.689,0.563,0.111,13.193,1.904,1.538,1.889,0.198,14.351,1.912,1.769,1.744,0.257,12.874,4.314,0.521,0.828,0.294,2.414,6.554,5.354,2.134,0.343,11.148,3.958,2.627,0.951,0.102,23.345,3.957,3.657,2.744,0.269,19.229,3.632,3.054,2.258,0.316,23.718,3.704,3.946,2.653,0.265
1761327527,2025-10-24,neutral,10.319,2.014,2.263,1.278,0.18,11.421,1.536,2.322,1.237,0.224,10.676,2.048,1.707,1.058,0.181,19.124,2.756,3.305,1.909,0.262,14.795,3.396,2.667,1.661,0.253,3.894,1.072,0.671,0.47,0.111,11.097,2.111,1.62,1.552,0.188,12.081,2.284,1.963,1.426,0.256,9.945,3.388,0.63,0.761,0.254,3.057,5.579,4.53,1.852,0.338,11.467,4.827,2.844,0.928,0.103,19.159,4.077,3.461,2.292,0.255,15.736,3.657,3.037,1.856,0.283,19.265,3.8,3.665,2.187,0.25
1761327527,2025-10-24,neutral,8.944,2.922,2.447,0.998,0.164,9.882,2.468,2.258,0.955,0.222,9.41,2.813,2.052,0.814,0.207,16.31,3.972,3.437,1.539,0.272,13.792,3.832,2.541,1.35,0.283,3.645,1.13,0.736,0.39,0.113,10.081,2.952,1.986,1.211,0.191,10.791,3.531,2.496,1.147,0.262,7.224,3.011,0.857,0.688,0.213,4.576,4.932,4.035,1.615,0.346,10.999,5.419,2.938,0.841,0.107,16.651,5.503,3.716,1.849,0.259,13.639,4.82,3.438,1.492,0.263,16.255,5.228,3.866,1.742,0.243
1761327527,2025-10-24,neutral,9.217,4.503,2.918,0.832,0.164,10.099,3.996,2.472,0.749,0.24,9.724,4.168,2.655,0.658,0.245,16.208,6.152,3.959,1.319,0.31,14.519,5.053,2.768,1.171,0.33,3.778,1.403,0.888,0.349,0.117,10.722,4.407,2.6,0.979,0.214,11.296,5.551,3.262,0.995,0.279,5.434,3.251,1.189,0.631,0.18,6.687,5.021,4.061,1.505,0.365,10.178,5.654,2.87,0.709,0.113,17.287,8.245,4.419,1.553,0.284,13.968,7.068,4.221,1.285,0.266,16.355,7.921,4.546,1.462,0.249
1761327527,2025-10-24,neutral,10.808,6.348,3.484,0.808,0.178,11.629,5.731,2.842,0.649,0.269,11.278,5.779,3.287,0.617,0.288,18.241,8.763,4.615,1.261,0.361,16.85,6.721,3.218,1.136,0.382,4.394,1.808,1.064,0.348,0.12,12.469,6.124,3.256,0.887,0.254,13.136,7.838,3.986,0.976,0.306,4.636,3.84,1.543,0.593,0.16,8.871,5.827,4.436,1.519,0.392,8.757,5.536,2.637,0.562,0.117,20.399,11.613,5.262,1.443,0.327,16.102,9.769,5.082,1.258,0.292,19.04,11.145,5.393,1.388,0.266
1761327527,2025-10-24,neutral,12.811,7.869,3.88,0.877,0.198,13.439,7.132,3.158,0.632,0.293,13.145,7.162,3.687,0.663,0.321,20.842,10.999,5.054,1.291,0.405,18.763,8.219,3.633,1.174,0.422,4.875,2.186,1.185,0.364,0.12,14.157,7.566,3.681,0.885,0.296,15.229,9.715,4.373,1.027,0.335,4.486,4.377,1.809,0.561,0.149,10.524,6.926,4.761,1.581,0.423,7.45,5.134,2.269,0.426,0.119,24.285,14.566,5.822,1.464,0.376,18.606,12.048,5.622,1.343,0.33,22.747,13.871,5.987,1.454,0.285
1761327527,2025-10-24,neutral,13.974,8.529,3.882,0.959,0.215,14.217,7.719,3.21,0.645,0.301,14.161,7.862,3.661,0.736,0.333,22.035,12.094,4.971,1.307,0.419,19.037,8.941,3.72,1.19,0.431,4.988,2.37,1.175,0.37,0.118,14.609,8.246,3.67,0.884,0.323,16.223,10.599,4.236,1.066,0.353,4.4,4.531,1.883,0.523,0.142,11.206,7.74,4.631,1.594,0.451,6.025,4.546,1.824,0.324,0.119,26.651,16.112,5.748,1.513,0.414,19.789,13.141,5.521,1.439,0.362,25.117,15.152,5.964,1.547,0.297
1761327527,2025-10-24,neutral,13.699,8.092,3.449,0.993,0.224,13.412,7.294,2.921,0.651,0.292,13.744,7.632,3.191,0.784,0.32,20.819,11.662,4.312,1.255,0.397,17.046,8.574,3.398,1.122,0.405,4.488,2.27,1.031,0.351,0.111,13.393,7.91,3.204,0.823,0.325,15.537,10.231,3.616,1.045,0.353,4.096,4.178,1.739,0.476,0.135,10.838,7.932,3.956,1.5,0.466,4.944,3.835,1.366,0.266,0.117,26.531,15.719,4.992,1.507,0.428,19.119,12.691,4.757,1.478,0.377,24.971,14.535,5.244,1.584,0.296
1761327528,2025-10-24,neutral,12.13,6.762,2.751,0.97,0.221,11.409,6.068,2.395,0.645,0.274,11.995,6.579,2.466,0.789,0.285,17.589,9.923,3.31,1.15,0.347,22.63,8.006,2.958,0.988,0.352,6.008,2.115,0.866,0.32,0.105,10.896,6.69,2.47,0.7,0.305,13.419,8.801,2.786,0.973,0.332,3.676,3.402,1.435,0.431,0.127,9.806,7.46,3.001,1.305,0.461,4.046,3.073,0.974,0.249,0.115,24.035,13.605,3.877,1.432,0.415,16.959,10.892,3.675,1.458,0.373,22.208,12.337,4.098,1.553,0.281
1761327528,2025-10-24,neutral,10.17,5.104,1.999,0.914,0.21,9.542,4.566,1.796,0.634,0.258,9.424,5.073,1.707,0.759,0.238,13.528,7.543,2.267,1.032,0.286,153.084,9.796,3.24,1.023,0.316,46.429,4.142,1.492,0.515,0.138,7.857,5.007,1.706,0.551,0.27,10.475,6.841,2.035,0.883,0.293,3.315,2.465,1.068,0.398,0.122,8.541,6.576,2.1,1.06,0.431,3.343,2.345,0.677,0.256,0.112,20.004,10.552,2.763,1.308,0.376,14.022,8.445,2.685,1.403,0.354,18.47,9.527,2.872,1.473,0.256
1761327528,2025-10-24,neutral,8.53,3.771,1.379,0.851,0.194,8.57,3.372,1.299,0.62,0.25,6.534,3.583,1.095,0.703,0.191,9.454,5.341,1.453,0.933,0.231,696.444,28.996,6.238,1.888,0.399,220.923,18.051,5.472,1.7,0.348,4.943,3.419,1.114,0.421,0.231,7.309,5.022,1.556,0.801,0.248,3.049,1.655,0.742,0.377,0.123,6.928,5.749,1.502,0.819,0.384,2.525,1.745,0.484,0.265,0.109,14.947,7.595,1.93,1.164,0.321,10.891,6.27,2.111,1.332,0.334,15.095,7.219,1.895,1.368,0.226
1761327528,2025-10-24,neutral,9.315,3.202,0.969,0.803,0.179,10.582,2.885,0.996,0.606,0.252,4.624,2.463,0.7,0.641,0.154,7.541,3.943,0.985,0.868,0.195,1934.914,83.32,14.18,4.285,0.708,628.548,54.882,15.663,4.704,0.889,3.073,2.324,0.767,0.338,0.197,5.082,3.789,1.355,0.744,0.209,2.981,1.13,0.521,0.365,0.13,5.941,5.31,1.282,0.619,0.336,2.034,1.336,0.379,0.27,0.105,11.33,5.495,1.452,1.034,0.268,9.476,4.974,2.021,1.279,0.324,16.093,6.129,1.297,1.263,0.203
1761327530,2025-10-24,right,11.825,7.119,2.318,0.832,0.316,9.485,6.269,1.501,0.749,0.373,10.894,5.709,2.055,0.967,0.3,17.654,10.423,2.762,1.773,0.543,990.949,249.672,51.485,4.232,1.017,254.97,66.568,13.58,1.117,0.27,9.523,6.687,2.568,1.141,0.442,14.622,6.769,3.065,1.591,0.411,7.223,2.376,1.221,0.623,0.232,28.853,7.127,3.33,2.363,0.646,10.914,2.692,1.139,0.469,0.147,21.759,11.244,4.334,1.767,0.564,26.311,10.034,3.755,2.063,0.467,24.641,10.686,3.742,1.915,0.538
1761327530,2025-10-24,right,11.238,7.209,2.466,0.967,0.306,9.154,6.198,1.592,0.869,0.367,10.764,5.603,2.133,1.076,0.296,16.627,10.57,3.132,1.887,0.539,331.38,91.306,17.494,3.019,0.653,84.881,24.844,4.817,0.818,0.185,9.446,7.109,2.697,1.245,0.438,14.591,6.694,2.944,1.736,0.416,6.871,2.478,1.236,0.668,0.228,29.544,6.452,3.045,2.711,0.692,13.012,3.151,1.109,0.519,0.155,21.826,11.124,4.333,2.007,0.583,24.659,10.198,3.746,2.326,0.463,23.14,11.243,3.89,2.201,0.535
1761327530,2025-10-24,right,9.313,6.844,2.395,1.056,0.288,7.551,5.725,1.58,0.944,0.348,9.095,5.172,2.031,1.125,0.275,13.461,10.042,3.281,1.888,0.501,76.763,36.295,4.466,2.693,0.513,19.482,10.336,1.422,0.753,0.155,8.035,7.063,2.671,1.28,0.406,12.526,6.216,2.647,1.778,0.399,5.43,2.406,1.18,0.682,0.225,26.76,5.868,2.532,2.962,0.703,13.207,3.403,0.992,0.547,0.16,19.216,10.269,3.942,2.132,0.573,19.608,9.798,3.433,2.453,0.456,18.716,11.084,3.687,2.354,0.507
1761327530,2025-10-24,right,8.212,6.192,2.114,1.075,0.27,6.571,5.098,1.468,0.951,0.324,8.011,4.579,1.766,1.1,0.249,11.274,9.169,3.161,1.783,0.452,27.762,30.043,2.238,2.702,0.494,6.908,8.649,0.8,0.767,0.152,7.023,6.634,2.498,1.241,0.362,10.889,5.548,2.256,1.71,0.373,4.477,2.185,1.077,0.655,0.227,22.887,5.732,1.969,3.031,0.686,12.819,3.372,0.805,0.545,0.164,17.311,9.029,3.279,2.104,0.549,15.899,9.051,2.893,2.406,0.454,15.619,10.373,3.181,2.326,0.475
1761327531,2025-10-24,right,7.88,5.512,1.728,1.013,0.262,6.123,4.598,1.318,0.887,0.306,7.372,4.045,1.42,0.999,0.234,10.507,8.356,2.828,1.594,0.418,25.632,29.85,2.337,2.601,0.505,6.42,8.487,0.785,0.742,0.157,6.427,5.988,2.212,1.135,0.324,9.715,4.953,1.865,1.545,0.355,3.774,1.91,0.959,0.59,0.241,18.438,6.136,1.531,2.869,0.659,10.722,3.123,0.606,0.51,0.17,16.171,7.925,2.573,1.922,0.54,13.597,8.407,2.314,2.186,0.468,13.955,9.545,2.556,2.115,0.467
1761327531,2025-10-24,right,8.743,4.993,1.36,0.886,0.27,6.658,4.391,1.208,0.771,0.301,7.937,3.716,1.091,0.843,0.241,11.834,7.874,2.417,1.356,0.421,24.128,26.92,2.615,2.285,0.521,6.101,7.546,0.841,0.657,0.163,6.811,5.318,1.872,0.986,0.303,9.995,4.608,1.544,1.322,0.357,3.923,1.681,0.849,0.5,0.267,15.027,6.914,1.318,2.506,0.643,8.699,2.789,0.44,0.447,0.18,17.01,7.342,2.037,1.634,0.568,14.08,8.202,1.877,1.845,0.508,14.751,8.986,2.011,1.774,0.499
1761327531,2025-10-24,right,10.351,4.663,1.105,0.729,0.293,7.788,4.448,1.201,0.636,0.311,9.385,3.596,0.863,0.669,0.268,14.608,7.729,2.081,1.109,0.46,22.334,21.974,2.764,1.805,0.538,5.757,6.069,0.869,0.529,0.171,7.985,4.735,1.532,0.822,0.301,11.539,4.515,1.324,1.092,0.378,4.594,1.558,0.745,0.408,0.303,12.962,7.676,1.353,2.029,0.645,6.458,2.502,0.338,0.372,0.193,19.475,7.313,1.781,1.319,0.635,16.409,8.473,1.675,1.469,0.57,17.133,8.819,1.683,1.391,0.568
1761327531,2025-10-24,right,11.762,4.417,1.005,0.593,0.321,8.735,4.571,1.315,0.526,0.328,10.941,3.571,0.783,0.526,0.302,17.309,7.686,1.927,0.898,0.515,19.453,16.448,2.726,1.287,0.548,5.063,4.474,0.846,0.391,0.175,9.293,4.252,1.255,0.675,0.311,13.502,4.527,1.217,0.91,0.406,5.306,1.534,0.649,0.338,0.338,12.074,8.034,1.589,1.561,0.659,5.124,2.315,0.309,0.304,0.205,22.252,7.559,1.814,1.069,0.719,18.862,8.919,1.715,1.149,0.636,19.417,8.848,1.631,1.066,0.65
1761327531,2025-10-24,neutral,12.787,4.128,1.059,0.516,0.342,9.386,4.538,1.534,0.469,0.341,12.408,3.5,0.858,0.454,0.325,19.338,7.456,2.01,0.758,0.556,16.949,11.728,2.541,0.862,0.538,4.502,3.143,0.775,0.277,0.174,10.539,3.837,1.098,0.572,0.321,15.457,4.472,1.231,0.82,0.424,5.899,1.579,0.575,0.305,0.36,12.195,7.729,1.942,1.211,0.666,4.507,2.2,0.335,0.261,0.209,24.861,7.72,2.075,0.945,0.783,20.688,9.16,1.93,0.95,0.68,21.121,8.757,1.845,0.875,0.709
1761327531,2025-10-24,neutral,13.81,3.733,1.221,0.517,0.345,10.058,4.238,1.813,0.472,0.341,13.861,3.305,1.055,0.468,0.325,21.338,6.847,2.289,0.707,0.561,15.751,8.624,2.353,0.614,0.504,4.258,2.278,0.7,0.206,0.166,11.981,3.463,1.082,0.525,0.323,17.512,4.254,1.334,0.836,0.421,6.344,1.629,0.532,0.311,0.36,13.842,6.83,2.352,1.042,0.649,4.696,2.075,0.397,0.251,0.204,27.835,7.554,2.459,0.965,0.795,22.433,8.847,2.208,0.889,0.681,22.848,8.313,2.255,0.845,0.717
1761327531,2025-10-24,neutral,15.373,3.219,1.473,0.595,0.33,11.345,3.663,2.134,0.536,0.325,15.735,2.956,1.352,0.561,0.3,23.937,5.822,2.742,0.764,0.524,17.326,7.036,2.328,0.578,0.453,4.833,1.822,0.675,0.186,0.15,13.901,3.089,1.25,0.552,0.32,19.93,3.846,1.52,0.954,0.396,7.068,1.641,0.533,0.349,0.339,17.122,5.559,2.853,1.072,0.6,5.465,1.854,0.487,0.272,0.189,31.657,6.955,2.949,1.114,0.745,25.052,7.886,2.522,0.952,0.632,25.493,7.449,2.842,0.97,0.667
1761327531,2025-10-24,neutral,17.76,2.669,1.806,0.749,0.306,13.459,2.933,2.488,0.661,0.299,18.129,2.5,1.718,0.72,0.26,27.826,4.538,3.331,0.943,0.461,21.008,6.361,2.575,0.738,0.404,5.955,1.598,0.745,0.216,0.132,16.386,2.71,1.622,0.671,0.318,22.817,3.294,1.78,1.149,0.361,8.167,1.618,0.584,0.409,0.304,22.17,4.185,3.479,1.297,0.524,6.289,1.519,0.6,0.314,0.17,36.637,6.037,3.534,1.375,0.654,29.117,6.466,2.876,1.123,0.548,29.485,6.33,3.576,1.231,0.577
1761327532,2025-10-24,neutral,20.51,2.28,2.205,0.97,0.285,16.05,2.29,2.858,0.835,0.273,20.703,2.109,2.115,0.926,0.221,32.135,3.373,3.991,1.241,0.395,26.157,6.094,3.092,1.033,0.373,7.548,1.472,0.919,0.288,0.116,19.135,2.405,2.169,0.88,0.324,25.613,2.782,2.106,1.388,0.331,9.741,1.658,0.683,0.483,0.265,27.475,3.05,4.21,1.701,0.437,7.089,1.17,0.732,0.369,0.153,41.613,5.205,4.216,1.718,0.557,33.744,5.086,3.294,1.389,0.457,34.006,5.381,4.396,1.591,0.481
1761327532,2025-10-24,neutral,23.348,2.244,2.601,1.244,0.278,18.656,1.951,3.181,1.04,0.257,23.1,1.965,2.477,1.159,0.198,36.507,2.707,4.583,1.632,0.347,30.855,6.155,3.713,1.38,0.365,8.889,1.455,1.16,0.388,0.106,21.584,2.299,2.78,1.155,0.336,28.137,2.516,2.442,1.63,0.318,11.582,1.861,0.799,0.561,0.235,32.273,2.406,4.91,2.231,0.361,7.728,0.93,0.856,0.423,0.142,46.198,4.856,4.887,2.105,0.488,38.452,4.245,3.708,1.727,0.387,38.487,4.999,5.136,2.001,0.409
1761327532,2025-10-24,neutral,25.236,2.694,2.897,1.516,0.287,20.24,2.018,3.371,1.231,0.254,24.365,2.164,2.717,1.369,0.195,38.902,2.739,4.949,2.02,0.324,32.591,6.415,4.211,1.689,0.373,9.436,1.537,1.389,0.493,0.101,22.995,2.423,3.292,1.424,0.35,29.168,2.589,2.706,1.813,0.321,13.126,2.249,0.896,0.624,0.218,34.599,2.343,5.352,2.766,0.315,8.029,0.875,0.936,0.462,0.139,48.253,5.185,5.379,2.448,0.462,41.608,4.315,4.021,2.061,0.357,41.49,5.45,5.611,2.362,0.373
1761327532,2025-10-24,neutral,26.482,3.52,2.97,1.712,0.302,20.587,2.376,3.324,1.351,0.26,24.28,2.587,2.743,1.496,0.208,39.065,3.284,4.915,2.283,0.319,32.026,6.609,4.372,1.858,0.382,9.183,1.647,1.518,0.568,0.101,22.874,2.646,3.528,1.589,0.354,28.6,2.894,2.793,1.869,0.329,13.903,2.711,0.932,0.652,0.21,33.846,2.74,5.291,3.159,0.305,7.915,0.979,0.943,0.474,0.141,47.87,5.945,5.49,2.639,0.468,43.644,5.197,4.083,2.288,0.363,43.893,6.541,5.623,2.559,0.365
1761327532,2025-10-24,neutral,27.118,4.466,2.751,1.77,0.31,19.362,2.801,2.99,1.36,0.273,22.316,3.007,2.523,1.495,0.225,35.822,3.937,4.418,2.332,0.32,29.715,6.423,4.089,1.837,0.379,8.475,1.679,1.481,0.588,0.1,20.656,2.787,3.404,1.581,0.344,25.466,3.219,2.642,1.766,0.329,13.393,3.074,0.889,0.63,0.206,29.661,3.298,4.672,3.308,0.326,7.395,1.144,0.866,0.457,0.145,43.923,6.676,5.109,2.608,0.48,44.507,6.507,3.805,2.328,0.389,46.405,7.847,5.109,2.521,0.367
1761327532,2025-10-24,neutral,29.093,5.254,2.264,1.67,0.306,17.826,3.101,2.415,1.253,0.289,19.678,3.22,2.104,1.36,0.238,31.255,4.342,3.544,2.16,0.324,24.204,5.808,3.416,1.64,0.36,6.711,1.586,1.274,0.548,0.099,17.208,2.747,2.971,1.399,0.322,21.003,3.387,2.269,1.526,0.316,11.919,3.193,0.775,0.563,0.201,23.188,3.678,3.68,3.179,0.369,6.847,1.27,0.723,0.415,0.146,39.055,6.997,4.282,2.359,0.478,47.284,7.795,3.219,2.162,0.418,52.469,8.941,4.178,2.26,0.367
1761327532,2025-10-24,neutral,32.082,5.678,1.649,1.441,0.293,16.311,3.195,1.743,1.065,0.309,16.711,3.16,1.616,1.126,0.245,26.024,4.363,2.534,1.833,0.337,20.501,4.981,2.609,1.336,0.338,5.608,1.411,0.98,0.462,0.098,13.01,2.561,2.401,1.098,0.297,15.679,3.334,1.815,1.209,0.298,9.674,3.031,0.636,0.47,0.198,16.188,3.685,2.691,2.824,0.429,6.437,1.312,0.566,0.359,0.145,33.651,6.783,3.262,1.958,0.46,51.291,8.735,2.512,1.838,0.448,61.029,9.556,3.11,1.853,0.368
1761327532,2025-10-24,neutral,35.921,5.726,1.106,1.156,0.284,15.524,3.153,1.169,0.857,0.335,14.345,2.934,1.221,0.858,0.249,21.814,4.151,1.681,1.466,0.368,20.583,4.397,2.096,1.035,0.328,5.327,1.267,0.738,0.363,0.102,9.271,2.382,1.9,0.78,0.28,11.028,3.132,1.461,0.902,0.288,7.428,2.678,0.535,0.374,0.205,10.16,3.369,2.077,2.356,0.503,6.359,1.312,0.458,0.301,0.144,29.617,6.221,2.375,1.518,0.437,56.344,9.241,1.938,1.46,0.483,70.763,9.707,2.245,1.426,0.381
1761327533,2025-10-24,neutral,39.191,5.529,0.809,0.9,0.289,15.581,3.118,0.852,0.689,0.364,12.919,2.745,1.04,0.626,0.256,19.442,4.017,1.21,1.161,0.419,37.924,4.611,2.267,0.819,0.342,9.668,1.307,0.689,0.282,0.112,6.955,2.38,1.595,0.534,0.278,7.99,2.929,1.337,0.672,0.3,5.808,2.286,0.518,0.296,0.223,6.304,2.962,2.033,1.884,0.582,6.411,1.342,0.441,0.252,0.143,27.061,5.65,1.873,1.144,0.425,60.353,9.382,1.686,1.128,0.526,78.1,9.521,1.832,1.088,0.414
1761327533,2025-10-24,neutral,39.711,5.236,0.823,0.73,0.307,15.656,3.188,0.833,0.596,0.392,11.906,2.73,1.096,0.47,0.267,17.953,4.181,1.177,0.964,0.479,77.276,5.8,3.226,0.716,0.381,19.88,1.588,0.875,0.234,0.126,5.967,2.634,1.493,0.404,0.29,6.56,2.841,1.465,0.543,0.333,4.871,1.979,0.596,0.24,0.248,4.371,2.718,2.508,1.477,0.658,6.673,1.442,0.516,0.216,0.146,25.077,5.332,1.816,0.893,0.43,60.352,9.258,1.793,0.898,0.576,79.542,9.113,1.909,0.89,0.465
1761327533,2025-10-24,neutral,38.239,5.061,1.074,0.652,0.329,15.601,3.411,1.033,0.57,0.411,11.076,2.933,1.308,0.389,0.28,16.946,4.708,1.461,0.852,0.53,132.571,7.712,4.695,0.693,0.43,33.796,2.057,1.231,0.217,0.141,6.144,3.098,1.497,0.371,0.304,6.346,2.926,1.752,0.494,0.378,4.613,1.816,0.743,0.204,0.272,3.885,2.776,3.24,1.158,0.72,6.837,1.624,0.639,0.195,0.153,22.968,5.395,2.071,0.755,0.447,56.86,9.013,2.118,0.776,0.631,75.639,8.727,2.307,0.812,0.519
1761327533,2025-10-24,neutral,35.795,5.113,1.398,0.632,0.341,15.159,3.708,1.296,0.578,0.413,10.1,3.252,1.526,0.349,0.284,15.7,5.417,1.839,0.762,0.553,188.659,9.638,6.142,0.687,0.467,48.406,2.529,1.608,0.213,0.149,6.643,3.591,1.473,0.378,0.307,6.611,3.115,2.021,0.476,0.414,4.646,1.782,0.897,0.181,0.283,4.169,3.07,3.889,0.92,0.756,6.996,1.836,0.742,0.182,0.164,20.429,5.706,2.382,0.679,0.463,50.611,8.741,2.438,0.732,0.681,69.057,8.509,2.744,0.786,0.552
1761327533,2025-10-24,neutral,34.439,5.359,1.641,0.627,0.333,14.723,3.922,1.481,0.591,0.4,9.257,3.5,1.625,0.319,0.276,14.472,5.962,2.12,0.657,0.539,231.225,10.835,7.035,0.653,0.471,58.977,2.81,1.853,0.207,0.147,7.143,3.873,1.348,0.376,0.292,6.976,3.241,2.122,0.453,0.426,4.774,1.818,0.998,0.177,0.276,4.826,3.367,4.215,0.773,0.756,7.249,1.997,0.774,0.177,0.177,18.13,5.956,2.533,0.62,0.464,45.426,8.517,2.579,0.756,0.713,63.944,8.49,2.982,0.763,0.552
1761327533,2025-10-24,neutral,34.613,5.539,1.713,0.616,0.303,14.318,3.832,1.509,0.601,0.38,8.538,3.457,1.552,0.289,0.254,13.231,5.933,2.194,0.545,0.495,240.739,10.712,7.043,0.587,0.438,61.594,2.744,1.864,0.193,0.134,6.953,3.739,1.132,0.349,0.259,6.962,3.109,1.997,0.42,0.408,4.68,1.821,1.006,0.201,0.251,5.557,3.413,4.146,0.729,0.718,7.431,2.028,0.718,0.179,0.188,16.409,5.785,2.427,0.571,0.441,42.332,8.153,2.489,0.857,0.718,62.176,8.364,2.915,0.737,0.516
1761327533,2025-10-24,neutral,35.081,5.431,1.601,0.594,0.264,13.604,3.389,1.37,0.6,0.365,7.778,3.05,1.326,0.263,0.224,11.751,5.256,2.034,0.452,0.439,222.372,9.303,6.128,0.503,0.376,56.78,2.323,1.623,0.17,0.115,5.934,3.188,0.873,0.307,0.216,6.324,2.656,1.682,0.381,0.366,4.242,1.736,0.914,0.255,0.217,6.351,3.101,3.705,0.781,0.648,7.409,1.908,0.594,0.188,0.194,14.935,5.049,2.089,0.537,0.399,40.467,7.531,2.21,1.029,0.694,61.789,7.904,2.547,0.722,0.46
1761327533,2025-10-24,neutral,33.924,5.004,1.372,0.564,0.235,12.27,2.791,1.14,0.592,0.365,6.91,2.416,1.029,0.249,0.195,10.202,4.394,1.73,0.395,0.395,174.264,7.297,4.622,0.423,0.309,44.461,1.693,1.214,0.146,0.098,4.48,2.454,0.64,0.264,0.174,5.296,2.038,1.291,0.35,0.315,3.565,1.568,0.756,0.325,0.185,7.205,2.578,3.041,0.885,0.568,6.947,1.675,0.442,0.2,0.191,13.551,3.998,1.65,0.524,0.353,37.991,6.811,1.873,1.229,0.654,59.391,7.226,2.013,0.723,0.415
1761327534,2025-10-24,neutral,29.933,4.326,1.12,0.531,0.237,10.362,2.341,0.927,0.584,0.39,6.004,1.781,0.754,0.251,0.178,9.081,4.031,1.443,0.381,0.384,120.677,5.656,3.022,0.376,0.268,30.74,1.058,0.767,0.131,0.09,3.155,1.867,0.486,0.235,0.144,4.413,1.544,0.951,0.332,0.272,2.922,1.372,0.583,0.393,0.165,8.353,2.2,2.351,0.986,0.504,6.069,1.388,0.305,0.209,0.183,12.269,3.094,1.279,0.538,0.329,33.433,6.315,1.612,1.393,0.629,52.513,6.592,1.5,0.74,0.415
1761327534,2025-10-24,neutral,24.724,3.606,0.924,0.505,0.278,8.963,2.298,0.829,0.589,0.437,5.597,1.399,0.575,0.271,0.178,9.61,4.695,1.32,0.407,0.415,70.412,5.115,1.793,0.4,0.277,17.775,0.599,0.406,0.136,0.096,2.802,1.709,0.435,0.231,0.135,4.384,1.502,0.761,0.342,0.251,2.66,1.257,0.448,0.45,0.163,10.286,2.418,1.829,1.036,0.475,5.169,1.139,0.209,0.213,0.173,11.962,2.829,1.096,0.586,0.347,28.199,6.369,1.524,1.482,0.644,43.435,6.276,1.184,0.768,0.481
1761327534,2025-10-24,neutral,21.451,3.069,0.814,0.496,0.353,9.498,2.684,0.865,0.616,0.495,6.258,1.361,0.508,0.309,0.197,12.735,6.32,1.402,0.465,0.482,39.653,5.759,1.106,0.532,0.344,10.103,0.396,0.191,0.169,0.114,3.807,2.022,0.471,0.257,0.149,5.624,2.013,0.733,0.392,0.26,3.099,1.274,0.379,0.5,0.179,13.331,3.439,1.58,1.017,0.488,4.819,0.976,0.161,0.216,0.17,13.601,3.332,1.113,0.673,0.412,25.65,7.068,1.614,1.493,0.711,38.094,6.458,1.136,0.808,0.603
1761327534,2025-10-24,neutral,22.962,2.768,0.836,0.527,0.44,12.725,3.291,1.037,0.679,0.547,8.227,1.631,0.573,0.373,0.229,18.358,8.312,1.721,0.572,0.567,22.29,7.144,1.007,0.796,0.452,5.8,0.425,0.145,0.237,0.14,5.97,2.631,0.6,0.323,0.182,8.02,2.969,0.863,0.498,0.291,4.378,1.423,0.404,0.566,0.206,17.336,5.196,1.642,0.947,0.53,5.441,0.904,0.187,0.232,0.176,17.309,4.37,1.355,0.817,0.506,28.135,8.07,1.886,1.473,0.811,41.096,6.928,1.409,0.887,0.751
1761327534,2025-10-24,neutral,29.77,2.587,1.086,0.624,0.514,18.338,3.746,1.372,0.788,0.576,11.466,2.026,0.837,0.474,0.263,25.722,9.777,2.351,0.76,0.65,22.193,8.478,1.396,1.178,0.571,6.234,0.596,0.255,0.337,0.165,8.979,3.212,0.874,0.442,0.222,11.32,4.006,1.181,0.674,0.333,6.405,1.614,0.556,0.663,0.237,22.01,7.252,2.028,0.87,0.582,6.924,0.88,0.343,0.271,0.191,22.94,5.377,1.902,1.047,0.6,36.614,8.743,2.398,1.493,0.906,54.005,7.245,2.095,1.046,0.877
1761327534,2025-10-24,neutral,39.074,2.407,1.629,0.789,0.551,24.438,3.771,1.89,0.931,0.572,15.014,2.345,1.345,0.608,0.29,32.644,10.054,3.315,1.043,0.711,23.743,9.114,2.252,1.607,0.668,6.977,0.801,0.507,0.455,0.183,12.096,3.518,1.332,0.618,0.26,14.816,4.72,1.701,0.907,0.368,8.783,1.74,0.84,0.791,0.262,26.191,8.993,2.718,0.826,0.621,8.666,0.877,0.659,0.338,0.209,28.809,5.858,2.799,1.363,0.664,47.802,8.616,3.214,1.605,0.953,71.526,7.089,3.232,1.301,0.943
1761327534,2025-10-24,neutral,47.216,2.207,2.436,0.992,0.541,29.281,3.343,2.551,1.077,0.537,18.256,2.483,2.069,0.756,0.302,37.891,9.072,4.513,1.386,0.736,27.306,8.774,3.398,1.982,0.72,8.175,0.976,0.849,0.568,0.19,15.292,3.477,1.929,0.836,0.284,18.082,4.896,2.384,1.157,0.387,11.055,1.742,1.231,0.924,0.273,29.039,9.965,3.611,0.84,0.633,9.962,0.912,1.122,0.422,0.224,33.934,5.658,3.983,1.727,0.682,58.079,7.64,4.298,1.806,0.928,87.179,6.436,4.705,1.626,0.931
1761327534,2025-10-24,neutral,49.598,1.972,3.345,1.18,0.492,30.511,2.638,3.251,1.185,0.481,19.883,2.409,2.877,0.89,0.298,39.241,7.242,5.717,1.718,0.722,30.089,7.674,4.72,2.203,0.723,9.153,1.088,1.229,0.651,0.187,18.865,3.395,2.635,1.082,0.289,20.201,4.519,3.119,1.365,0.385,12.658,1.601,1.661,1.018,0.266,29.665,10.007,4.561,0.903,0.619,10.064,0.982,1.649,0.505,0.228,36.207,4.9,5.238,2.061,0.652,62.42,6.069,5.486,2.028,0.84,92.18,5.396,6.226,1.947,0.855
1761327535,2025-10-24,neutral,46.753,1.819,4.078,1.295,0.422,28.691,1.965,3.8,1.218,0.421,20.122,2.191,3.539,0.976,0.28,37.598,5.275,6.58,1.945,0.675,28.531,6.347,5.883,2.203,0.685,8.519,1.151,1.549,0.68,0.176,25.933,4.437,3.483,1.37,0.277,20.796,3.797,3.708,1.47,0.364,13.063,1.36,2.013,1.036,0.244,28.081,9.238,5.335,0.971,0.586,9.101,1.07,2.096,0.561,0.222,35.984,3.976,6.205,2.264,0.591,60.579,4.453,6.436,2.167,0.724,86.997,4.391,7.356,2.162,0.747
1761327536,2025-10-24,neutral,8.825,9.711,3.666,1.706,0.696,8.237,7.741,3.328,1.585,0.625,8.255,7.698,3.596,1.325,0.676,21.967,15.2,5.428,2.583,1.11,15.005,10.31,3.489,1.909,0.79,3.637,3.172,1.028,0.641,0.215,11.746,8.396,3.001,1.432,0.776,13.82,11.168,5.35,1.663,0.754,6.975,5.093,2.018,0.917,0.341,8.606,8.952,4.313,1.075,0.659,3.328,2.613,1.307,0.698,0.299,17.963,15.874,6.123,2.707,1.126,20.168,15.648,6.03,2.218,1.073,19.59,16.172,6.543,2.719,1.248
1761327536,2025-10-24,neutral,7.768,8.421,2.639,1.742,0.68,7.256,7.01,2.484,1.625,0.598,7.564,6.406,2.851,1.398,0.634,27.12,13.905,4.286,2.594,1.068,13.199,9.726,2.523,1.88,0.788,3.108,3.034,0.805,0.595,0.205,10.146,7.947,2.454,1.482,0.747,12.777,10.101,5.214,1.689,0.734,6.759,4.354,1.607,0.989,0.346,8.568,7.97,3.7,1.149,0.617,3.033,2.223,1.073,0.726,0.289,16.332,13.959,4.825,2.784,1.078,18.415,12.993,4.585,2.231,0.99,17.908,13.944,5.124,2.783,1.228
1761327537,2025-10-24,neutral,6.788,7.006,1.809,1.708,0.634,6.533,6.196,1.818,1.608,0.545,6.937,5.126,2.227,1.417,0.558,33.274,12.532,3.373,2.532,0.982,11.8,8.977,1.813,1.764,0.751,2.755,2.806,0.625,0.526,0.191,8.28,7.34,2.169,1.501,0.682,11.318,8.74,5.264,1.684,0.681,6.239,3.559,1.392,1.026,0.336,8.636,7.113,3.267,1.216,0.568,2.578,1.818,0.933,0.734,0.262,14.538,11.872,3.993,2.739,0.981,16.328,10.418,3.569,2.172,0.873,15.84,11.651,4.134,2.752,1.137
1761327537,2025-10-24,neutral,5.664,5.781,1.273,1.61,0.568,5.889,5.505,1.426,1.541,0.475,6.062,4.129,1.819,1.377,0.467,38.343,11.328,2.79,2.399,0.859,9.628,8.366,1.459,1.571,0.686,2.219,2.587,0.522,0.445,0.177,6.502,6.666,2.075,1.472,0.594,9.611,7.349,5.298,1.642,0.607,5.453,2.846,1.366,1.021,0.311,8.259,6.412,3.027,1.239,0.523,2.066,1.479,0.882,0.713,0.226,12.47,10.014,3.605,2.581,0.853,13.506,8.457,3.063,2.05,0.748,13.185,9.813,3.626,2.626,0.992
1761327537,2025-10-24,neutral,5.78,4.877,1.069,1.464,0.492,6.257,4.999,1.348,1.435,0.398,6.139,3.486,1.672,1.289,0.378,39.256,10.321,2.578,2.196,0.716,9.856,7.973,1.457,1.32,0.601,2.405,2.422,0.512,0.364,0.164,6.096,5.943,2.077,1.387,0.498,8.948,6.045,5.135,1.568,0.524,5.102,2.258,1.476,0.971,0.278,8.585,5.759,2.942,1.208,0.485,1.866,1.227,0.902,0.659,0.193,12.223,8.518,3.555,2.351,0.712,12.516,7.203,3.015,1.882,0.635,12.575,8.561,3.55,2.423,0.822
1761327537,2025-10-24,neutral,5.928,4.215,1.091,1.295,0.415,6.51,4.589,1.48,1.306,0.323,5.956,3.064,1.693,1.168,0.304,36.914,9.316,2.61,1.927,0.571,10.191,7.69,1.632,1.044,0.507,2.573,2.302,0.554,0.29,0.151,5.967,5.134,2.045,1.247,0.403,8.315,4.799,4.67,1.481,0.443,4.604,1.762,1.606,0.887,0.243,8.9,5.016,2.95,1.129,0.453,1.689,1.038,0.953,0.58,0.17,11.901,7.236,3.598,2.096,0.58,11.418,6.382,3.203,1.686,0.541,11.959,7.637,3.651,2.174,0.659
1761327537,2025-10-24,neutral,6.331,3.615,1.204,1.119,0.344,6.845,4.122,1.682,1.163,0.257,5.876,2.633,1.75,1.029,0.25,30.706,8.058,2.728,1.611,0.444,11.236,7.3,1.805,0.779,0.418,2.94,2.173,0.6,0.229,0.136,6.23,4.213,1.917,1.07,0.317,8.04,3.558,3.956,1.393,0.371,4.221,1.324,1.665,0.783,0.211,9.299,4.084,2.989,1.018,0.421,1.709,0.87,0.996,0.488,0.159,11.922,5.908,3.538,1.849,0.475,10.896,5.581,3.38,1.473,0.468,11.829,6.649,3.675,1.904,0.527
1761327537,2025-10-24,neutral,6.694,3.026,1.283,0.951,0.289,6.902,3.565,1.822,1.014,0.209,5.647,2.094,1.722,0.885,0.218,23.991,6.553,2.782,1.293,0.358,12.334,6.637,1.848,0.563,0.349,3.301,1.981,0.609,0.185,0.121,6.539,3.231,1.687,0.887,0.249,7.952,2.388,3.145,1.306,0.315,3.883,0.942,1.591,0.671,0.187,9.86,3.055,3.003,0.895,0.39,1.789,0.723,0.996,0.399,0.158,11.781,4.476,3.28,1.621,0.41,10.644,4.716,3.339,1.25,0.415,11.631,5.556,3.455,1.643,0.445
1761327537,2025-10-24,neutral,6.923,2.505,1.284,0.806,0.261,6.634,2.983,1.849,0.879,0.19,5.43,1.515,1.585,0.754,0.209,17.638,5.049,2.723,1.039,0.325,13.015,5.716,1.763,0.427,0.316,3.467,1.715,0.572,0.162,0.108,6.9,2.351,1.411,0.728,0.21,8.293,1.439,2.407,1.216,0.284,3.566,0.643,1.387,0.559,0.174,10.843,2.131,2.968,0.786,0.364,2.029,0.632,0.942,0.328,0.166,11.629,3.099,2.876,1.414,0.393,11.099,3.977,3.044,1.037,0.389,11.515,4.587,3.01,1.419,0.424
1761327537,2025-10-24,neutral,7.762,2.13,1.224,0.697,0.266,6.471,2.432,1.781,0.775,0.206,5.563,0.989,1.372,0.648,0.222,13.84,3.75,2.56,0.894,0.345,13.918,4.636,1.618,0.385,0.326,3.741,1.396,0.509,0.162,0.106,7.676,1.668,1.151,0.612,0.21,9.463,0.756,1.821,1.119,0.286,3.615,0.431,1.096,0.458,0.177,12.818,1.482,2.888,0.723,0.353,2.476,0.634,0.847,0.285,0.181,12.022,1.927,2.414,1.229,0.421,13.219,3.577,2.586,0.861,0.401,12.815,4.025,2.456,1.256,0.465
1761327538,2025-10-24,neutral,9.071,1.985,1.146,0.641,0.302,6.146,2.003,1.666,0.721,0.261,5.933,0.621,1.152,0.58,0.254,12.349,2.757,2.344,0.873,0.401,14.597,3.597,1.504,0.435,0.372,3.844,1.079,0.448,0.184,0.117,8.595,1.25,0.969,0.55,0.244,11.109,0.396,1.403,1.018,0.319,3.805,0.329,0.815,0.386,0.196,15.675,1.271,2.797,0.728,0.365,3.03,0.744,0.742,0.276,0.2,12.796,1.155,1.993,1.087,0.481,16.85,3.686,2.134,0.76,0.456,15.74,4.107,1.939,1.177,0.554
1761327538,2025-10-24,neutral,11.736,2.023,1.075,0.648,0.36,6.321,1.709,1.536,0.718,0.344,6.847,0.414,0.973,0.553,0.295,11.839,2.055,2.101,0.948,0.466,15.274,2.706,1.46,0.551,0.437,4.055,0.801,0.407,0.223,0.138,9.785,1.028,0.904,0.539,0.295,13.135,0.299,1.144,0.93,0.373,4.465,0.323,0.66,0.363,0.229,19.089,1.521,2.739,0.806,0.395,3.849,0.925,0.654,0.296,0.218,14.548,0.763,1.684,1.012,0.549,22.365,4.184,1.846,0.758,0.543,21.481,4.692,1.561,1.19,0.665
1761327538,2025-10-24,neutral,15.11,2.148,1.044,0.71,0.422,6.588,1.541,1.408,0.746,0.438,7.913,0.332,0.86,0.557,0.331,13.038,1.598,1.864,1.059,0.519,15.235,2.009,1.48,0.687,0.5,3.987,0.583,0.385,0.266,0.163,10.557,0.895,0.964,0.563,0.342,14.616,0.353,1.047,0.863,0.43,5.19,0.384,0.702,0.394,0.266,22.008,2.105,2.739,0.949,0.434,4.556,1.11,0.605,0.331,0.231,16.551,0.647,1.541,1.008,0.6,27.929,4.763,1.816,0.856,0.64,28.721,5.446,1.408,1.276,0.765
1761327538,2025-10-24,neutral,18.76,2.263,1.08,0.8,0.471,7.211,1.48,1.287,0.775,0.522,9.004,0.346,0.813,0.573,0.352,13.601,1.408,1.66,1.149,0.549,14.269,1.549,1.53,0.795,0.545,3.784,0.442,0.374,0.3,0.184,10.675,0.811,1.1,0.602,0.366,15.027,0.486,1.091,0.824,0.474,5.942,0.483,0.926,0.467,0.298,23.3,2.812,2.768,1.132,0.47,5.239,1.227,0.604,0.367,0.232,18.393,0.718,1.581,1.053,0.618,32.544,5.085,2.051,1.033,0.717,36.173,5.992,1.516,1.391,0.822
1761327538,2025-10-24,neutral,20.907,2.269,1.18,0.871,0.493,7.296,1.477,1.178,0.773,0.573,9.338,0.428,0.804,0.574,0.35,13.129,1.437,1.482,1.172,0.554,12.206,1.334,1.553,0.834,0.564,3.177,0.385,0.36,0.31,0.193,9.593,0.772,1.234,0.63,0.358,13.79,0.669,1.212,0.797,0.491,6.142,0.592,1.24,0.547,0.319,22.042,3.473,2.763,1.301,0.497,5.173,1.233,0.649,0.388,0.222,18.802,0.908,1.746,1.094,0.6,33.134,4.939,2.471,1.223,0.75,40.425,6.017,1.834,1.467,0.819
1761327538,2025-10-24,neutral,21.539,2.12,1.327,0.887,0.485,7.243,1.483,1.098,0.72,0.578,9.34,0.543,0.817,0.539,0.326,12.36,1.563,1.336,1.109,0.536,10.7,1.312,1.536,0.786,0.557,2.804,0.395,0.338,0.294,0.188,8.268,0.769,1.297,0.627,0.322,11.859,0.858,1.353,0.759,0.479,6.046,0.684,1.53,0.596,0.326,19.242,3.917,2.664,1.404,0.512,4.937,1.133,0.727,0.382,0.201,18.457,1.137,1.97,1.08,0.556,31.152,4.374,2.978,1.359,0.732,41.365,5.481,2.281,1.452,0.757
1761327538,2025-10-24,neutral,19.65,1.866,1.511,0.838,0.45,6.44,1.481,1.091,0.632,0.535,8.338,0.669,0.859,0.471,0.287,10.294,1.677,1.258,0.989,0.502,8.981,1.416,1.506,0.67,0.528,2.237,0.449,0.316,0.257,0.171,6.479,0.811,1.27,0.592,0.268,9.165,1.024,1.502,0.702,0.441,5.317,0.76,1.729,0.593,0.321,14.895,4.052,2.511,1.414,0.517,3.955,0.977,0.828,0.346,0.174,16.413,1.364,2.214,1.002,0.501,25.414,3.724,3.52,1.407,0.674,37.449,4.675,2.794,1.346,0.654
1761327538,2025-10-24,neutral,16.405,1.648,1.712,0.745,0.401,5.425,1.524,1.189,0.541,0.457,7.083,0.836,0.937,0.394,0.247,8.457,1.766,1.27,0.861,0.463,8.97,1.593,1.487,0.526,0.486,2.238,0.518,0.299,0.212,0.148,5.206,0.923,1.169,0.542,0.214,6.92,1.172,1.65,0.644,0.391,4.433,0.854,1.81,0.542,0.31,10.78,3.901,2.367,1.334,0.515,3.05,0.83,0.925,0.296,0.149,13.927,1.617,2.445,0.895,0.452,19.114,3.397,4.05,1.37,0.603,30.969,4.037,3.308,1.197,0.54
1761327539,2025-10-24,neutral,12.535,1.616,1.897,0.636,0.353,4.335,1.704,1.396,0.478,0.368,5.673,1.101,1.041,0.329,0.214,6.665,1.922,1.366,0.76,0.428,9.078,1.823,1.507,0.397,0.443,2.134,0.586,0.297,0.171,0.126,4.433,1.116,1.023,0.493,0.174,5.243,1.34,1.757,0.601,0.34,3.462,1.005,1.788,0.466,0.298,7.288,3.607,2.299,1.192,0.505,2.019,0.742,1.001,0.247,0.129,11.235,1.976,2.613,0.795,0.419,13.037,3.643,4.508,1.273,0.543,23.444,3.898,3.745,1.052,0.443
1761327539,2025-10-24,neutral,9.489,1.87,2.019,0.531,0.315,3.711,2.072,1.654,0.445,0.294,5.003,1.505,1.134,0.284,0.194,6.368,2.23,1.478,0.691,0.403,10.944,2.042,1.54,0.305,0.409,2.648,0.629,0.307,0.14,0.111,4.482,1.355,0.86,0.453,0.154,4.669,1.575,1.768,0.569,0.297,2.838,1.215,1.684,0.39,0.285,5.511,3.34,2.282,1.012,0.481,1.504,0.729,1.027,0.209,0.116,9.743,2.524,2.656,0.716,0.401,9.305,4.419,4.781,1.139,0.504,17.56,4.373,4.006,0.931,0.38
1761327539,2025-10-24,neutral,7.958,2.38,2.052,0.438,0.293,3.792,2.585,1.888,0.427,0.256,5.133,2.043,1.182,0.255,0.185,7.333,2.731,1.548,0.634,0.39,11.937,2.227,1.589,0.262,0.39,2.836,0.647,0.338,0.121,0.104,4.998,1.602,0.715,0.422,0.151,4.822,1.895,1.66,0.542,0.262,2.631,1.45,1.523,0.338,0.266,5.034,3.241,2.242,0.823,0.438,1.362,0.767,0.99,0.187,0.108,9.508,3.272,2.555,0.657,0.392,7.932,5.414,4.777,0.996,0.483,14.435,5.269,4.032,0.827,0.355
1761327539,2025-10-24,neutral,7.938,2.971,2.075,0.361,0.29,4.536,3.092,2.096,0.409,0.263,6.124,2.653,1.24,0.241,0.182,9.457,3.343,1.645,0.578,0.391,12.906,2.278,1.685,0.267,0.386,3.197,0.614,0.397,0.111,0.103,5.886,1.815,0.716,0.412,0.159,5.556,2.243,1.517,0.516,0.235,3.012,1.623,1.351,0.316,0.239,5.646,3.281,2.159,0.656,0.38,1.634,0.788,0.921,0.181,0.103,10.542,4.088,2.452,0.616,0.383,8.354,6.171,4.591,0.872,0.475,13.936,6.124,3.957,0.731,0.367
1761327539,2025-10-24,neutral,10.067,3.461,2.23,0.314,0.302,6.795,3.489,2.336,0.398,0.311,8.525,3.231,1.405,0.247,0.182,14.092,3.979,1.932,0.537,0.406,15.117,2.146,1.936,0.321,0.396,3.836,0.535,0.507,0.114,0.107,7.947,2.03,1.007,0.446,0.174,7.814,2.585,1.478,0.508,0.217,4.387,1.671,1.228,0.324,0.203,7.67,3.359,2.11,0.55,0.32,2.763,0.786,0.893,0.19,0.099,14.534,4.847,2.568,0.599,0.373,11.181,6.525,4.486,0.793,0.478,16.888,6.621,4.052,0.662,0.414
1761327539,2025-10-24,neutral,18.572,4.132,2.672,0.316,0.326,13.625,4.012,2.706,0.411,0.385,15.536,4.035,1.773,0.283,0.185,26.736,5.083,2.584,0.53,0.433,23.484,2.164,2.451,0.418,0.419,6.168,0.496,0.675,0.129,0.112,15.5,2.673,1.683,0.542,0.194,16.001,3.237,1.7,0.538,0.21,8.943,1.745,1.209,0.357,0.164,15.433,3.632,2.31,0.531,0.281,6.258,0.893,0.972,0.214,0.099,28.449,6.091,3.131,0.623,0.372,23.039,7.26,4.823,0.789,0.5,30.459,7.326,4.633,0.653,0.497
1761327539,2025-10-24,neutral,37.061,5.336,3.46,0.374,0.357,29.378,4.928,3.23,0.463,0.459,31.438,5.304,2.373,0.353,0.191,55.112,7.063,3.661,0.562,0.468,46.963,2.661,3.227,0.545,0.449,12.43,0.585,0.884,0.156,0.119,33.046,4.063,2.717,0.694,0.221,35.58,4.497,2.245,0.616,0.216,18.403,2.025,1.309,0.408,0.131,32.744,4.259,2.956,0.594,0.277,13.994,1.247,1.172,0.25,0.103,61.474,8.314,4.224,0.696,0.39,51.027,9.247,5.84,0.87,0.543,63.476,8.896,5.854,0.729,0.608
1761327541,2025-10-24,right,12.069,3.833,3.583,0.808,0.451,10.94,3.471,3.236,0.755,0.45,11.463,2.503,2.319,0.493,0.367,21.723,5.751,4.274,1.134,0.59,19.254,7.834,4.952,0.596,0.564,9.122,2.276,1.135,0.237,0.165,11.304,4.534,2.052,0.558,0.508,13.821,6.69,2.941,0.696,0.541,6.906,3.966,1.767,0.318,0.354,12.806,5.172,4.813,0.971,0.561,7.426,1.94,0.838,0.291,0.18,24.246,5.933,5.115,1.219,0.764,25.383,7.729,5.247,1.438,0.69,25.123,7.109,6.045,1.242,0.768
1761327541,2025-10-24,right,7.477,3.249,2.8,0.736,0.43,6.244,2.771,2.796,0.698,0.416,6.012,1.974,1.825,0.45,0.331,13.647,4.574,3.554,1.07,0.549,13.706,5.778,4.029,0.514,0.512,7.367,1.874,0.981,0.226,0.16,5.539,3.522,1.547,0.527,0.473,7.476,5.188,2.342,0.651,0.498,3.798,3.017,1.323,0.287,0.323,7.111,4.472,4.314,0.975,0.535,5.062,1.499,0.764,0.287,0.168,12.729,4.404,4.051,1.128,0.69,16.165,6.091,3.967,1.312,0.659,14.127,5.941,4.646,1.042,0.72
1761327541,2025-10-24,right,6.889,2.96,2.044,0.629,0.392,5.278,2.24,2.259,0.626,0.381,4.504,1.666,1.38,0.411,0.28,11.862,3.731,2.816,0.95,0.483,11.19,4.13,2.925,0.428,0.446,5.936,1.524,0.801,0.212,0.154,3.925,2.611,1.128,0.483,0.417,5.948,3.729,1.766,0.585,0.428,2.748,2.077,0.895,0.255,0.275,5.478,3.957,3.733,0.929,0.491,4.011,1.084,0.684,0.286,0.156,9.416,3.31,3.042,1,0.596,13.325,4.917,2.872,1.141,0.605,11.203,4.889,3.358,0.855,0.648
1761327541,2025-10-24,right,6.759,2.899,1.39,0.509,0.346,4.979,1.896,1.685,0.548,0.354,3.893,1.465,1.03,0.378,0.23,10.75,3.158,2.116,0.79,0.407,8.533,3.057,1.867,0.347,0.375,4.218,1.229,0.651,0.2,0.151,3.243,1.87,0.811,0.423,0.358,5.485,2.491,1.266,0.497,0.352,2.388,1.305,0.557,0.222,0.224,4.731,3.66,3.081,0.845,0.442,3.143,0.734,0.602,0.287,0.147,8.454,2.642,2.185,0.85,0.508,11.619,4.112,2.001,0.95,0.542,9.712,3.97,2.294,0.69,0.564
1761327541,2025-10-24,right,6.645,3.086,0.941,0.403,0.299,3.99,1.805,1.193,0.479,0.334,3.464,1.378,0.835,0.354,0.192,8.26,2.894,1.586,0.62,0.338,6.016,2.553,1.088,0.279,0.311,3.152,1.049,0.571,0.191,0.152,4.71,1.853,0.678,0.375,0.314,4.208,1.661,0.931,0.402,0.289,2.172,0.86,0.369,0.195,0.183,4.168,3.588,2.49,0.745,0.402,2.252,0.558,0.547,0.289,0.142,7.078,2.446,1.614,0.707,0.441,9.365,3.711,1.488,0.773,0.484,7.749,3.337,1.619,0.559,0.484
1761327541,2025-10-24,right,6.425,3.373,0.723,0.334,0.257,3.514,1.837,0.857,0.432,0.314,3.063,1.334,0.794,0.339,0.172,6.591,2.787,1.273,0.471,0.287,4.551,2.35,0.667,0.231,0.259,2.536,0.916,0.557,0.186,0.156,11.449,3.257,0.807,0.4,0.301,3.496,1.18,0.78,0.322,0.249,1.766,0.653,0.319,0.178,0.155,4.18,3.56,2.087,0.655,0.37,1.569,0.523,0.522,0.29,0.14,6.097,2.485,1.352,0.601,0.397,7.331,3.551,1.343,0.64,0.439,6.308,2.952,1.34,0.473,0.418
1761327541,2025-10-24,right,6.285,3.559,0.676,0.301,0.223,2.95,1.87,0.679,0.406,0.286,3.163,1.299,0.841,0.328,0.166,5.137,2.712,1.134,0.362,0.255,3.14,2.216,0.536,0.206,0.223,2.184,0.781,0.57,0.181,0.159,29.4,6.527,1.27,0.551,0.322,2.833,0.938,0.763,0.272,0.229,1.731,0.576,0.359,0.171,0.139,4.331,3.45,1.901,0.603,0.341,1.163,0.578,0.53,0.286,0.137,5.835,2.543,1.304,0.546,0.366,6.003,3.475,1.448,0.556,0.406,5.568,2.734,1.323,0.429,0.365
1761327541,2025-10-24,neutral,5.909,3.495,0.712,0.288,0.196,2.552,1.82,0.61,0.389,0.248,3.161,1.243,0.889,0.315,0.166,4.257,2.587,1.073,0.292,0.239,2.101,2.045,0.543,0.2,0.199,1.951,0.645,0.564,0.172,0.157,55.517,11.364,2.003,0.829,0.367,2.37,0.811,0.797,0.253,0.221,1.463,0.537,0.419,0.168,0.128,4.659,3.225,1.889,0.602,0.308,0.967,0.659,0.551,0.273,0.13,5.447,2.462,1.337,0.531,0.335,4.869,3.325,1.622,0.503,0.378,5.155,2.575,1.377,0.413,0.321
1761327542,2025-10-24,neutral,5.726,3.162,0.782,0.278,0.18,2.531,1.683,0.613,0.372,0.206,3.596,1.183,0.901,0.3,0.167,4.263,2.417,1.047,0.256,0.234,1.647,1.818,0.596,0.204,0.187,1.602,0.538,0.522,0.154,0.147,88.122,16.712,2.869,1.167,0.42,2.303,0.747,0.833,0.259,0.219,1.565,0.516,0.469,0.166,0.122,5.271,2.934,2.003,0.657,0.269,1.067,0.745,0.581,0.252,0.119,5.904,2.244,1.383,0.54,0.3,4.677,3.071,1.772,0.466,0.348,5.59,2.435,1.415,0.413,0.282
1761327542,2025-10-24,neutral,5.135,2.645,0.839,0.271,0.174,2.382,1.48,0.636,0.355,0.17,3.559,1.114,0.854,0.292,0.169,4.162,2.227,1.011,0.26,0.237,1.584,1.58,0.622,0.214,0.182,1.4,0.476,0.445,0.131,0.133,113.99,20.976,3.572,1.464,0.464,2.105,0.714,0.835,0.283,0.221,1.348,0.508,0.483,0.164,0.118,6.007,2.612,2.16,0.75,0.234,1.207,0.795,0.584,0.229,0.106,5.774,1.947,1.366,0.565,0.266,4.207,2.732,1.807,0.457,0.317,5.642,2.288,1.385,0.435,0.252
1761327542,2025-10-24,neutral,4.726,2.123,0.884,0.28,0.176,2.555,1.28,0.664,0.346,0.145,3.664,1.071,0.78,0.3,0.172,4.483,2.082,0.974,0.305,0.245,1.953,1.49,0.669,0.241,0.181,1.024,0.482,0.372,0.113,0.119,127.526,22.691,3.894,1.614,0.478,2.184,0.726,0.82,0.319,0.222,1.392,0.532,0.464,0.167,0.116,6.91,2.351,2.309,0.851,0.212,1.472,0.804,0.559,0.212,0.094,6.036,1.718,1.288,0.603,0.241,4.295,2.446,1.743,0.493,0.286,6.04,2.198,1.326,0.491,0.232
1761327542,2025-10-24,neutral,3.898,1.718,0.909,0.312,0.182,2.36,1.109,0.681,0.349,0.135,3.138,1.068,0.71,0.328,0.173,4.218,1.999,0.942,0.382,0.253,7.005,3.919,1.922,0.817,0.306,2.194,1.122,0.604,0.242,0.138,121.664,21.236,3.716,1.557,0.455,1.959,0.776,0.815,0.364,0.221,1.169,0.585,0.415,0.174,0.114,7.325,2.189,2.403,0.928,0.211,1.54,0.775,0.506,0.207,0.087,5.473,1.64,1.163,0.649,0.226,3.821,2.271,1.604,0.578,0.257,5.612,2.19,1.267,0.578,0.221
1761327542,2025-10-24,neutral,3.233,1.49,0.898,0.366,0.187,2.233,0.989,0.672,0.362,0.136,2.678,1.12,0.66,0.368,0.172,3.972,1.992,0.897,0.471,0.256,34.152,17.362,8.537,3.88,1.02,9.027,4.566,2.201,1.027,0.316,100.012,17.196,3.104,1.311,0.398,1.815,0.888,0.834,0.411,0.216,1.072,0.665,0.349,0.187,0.113,7.214,2.127,2.397,0.952,0.229,1.671,0.743,0.442,0.214,0.087,4.865,1.764,1.015,0.692,0.22,3.587,2.204,1.421,0.696,0.231,5.186,2.277,1.202,0.681,0.218
1761327542,2025-10-24,neutral,2.993,1.426,0.844,0.431,0.192,2.171,0.946,0.624,0.38,0.149,2.225,1.229,0.622,0.404,0.168,3.887,2.101,0.818,0.544,0.255,103.822,51.846,25.324,11.663,2.869,26.853,13.368,6.402,3.046,0.794,69.574,12.006,2.257,0.962,0.324,1.702,1.096,0.863,0.451,0.21,0.892,0.766,0.278,0.2,0.114,6.436,2.146,2.262,0.914,0.261,1.702,0.732,0.373,0.228,0.091,4.24,2.068,0.864,0.72,0.222,3.838,2.17,1.204,0.814,0.216,5.454,2.443,1.11,0.783,0.224
1761327542,2025-10-24,neutral,4.985,1.504,0.771,0.491,0.198,3.036,1.032,0.555,0.397,0.174,2.693,1.393,0.59,0.423,0.164,4.952,2.379,0.701,0.574,0.251,223.464,110.409,53.7,24.784,6.017,57.118,28.264,13.601,6.45,1.611,40.209,7.35,1.444,0.618,0.253,2.087,1.441,0.869,0.484,0.209,0.879,0.885,0.226,0.211,0.118,5.735,2.234,2.006,0.831,0.301,2.159,0.764,0.32,0.243,0.099,4.669,2.521,0.738,0.728,0.231,7.255,2.164,0.998,0.901,0.223,10.274,2.72,1.009,0.869,0.24
1761327542,2025-10-24,neutral,11.039,1.728,0.713,0.537,0.208,5.507,1.26,0.485,0.411,0.208,4.432,1.59,0.56,0.425,0.161,7.993,2.806,0.56,0.555,0.246,372.165,183.808,89.142,41.124,9.97,94.44,46.876,22.668,10.681,2.637,19.561,4.292,0.864,0.372,0.204,3.184,1.912,0.841,0.51,0.222,1.023,1.003,0.206,0.22,0.126,5.606,2.38,1.689,0.742,0.344,3.098,0.845,0.29,0.257,0.106,6.977,3.069,0.661,0.719,0.25,16.581,2.213,0.849,0.943,0.263,23.969,3.154,0.915,0.938,0.267
1761327543,2025-10-24,neutral,59.357,4.469,1.783,0.636,0.242,21.784,3.018,0.641,0.59,0.302,14.808,2.366,0.993,0.466,0.142,21.718,4.498,0.803,0.439,0.262,353.201,181.647,86.05,39.633,9.754,89.059,45.942,22.193,10.249,2.547,5.916,2.206,1.194,0.617,0.191,7.934,2.747,1.921,0.559,0.33,3.721,1.656,0.702,0.291,0.161,10.885,3.421,1.988,0.757,0.408,7.887,1.411,0.991,0.306,0.135,21.506,4.648,2.094,0.638,0.302,83.793,3.819,2.623,0.908,0.639,131.498,6.708,1.931,1.1,0.43
1761327543,2025-10-24,neutral,54.813,5.32,2.343,0.642,0.249,19.596,3.153,0.813,0.611,0.292,12.941,2.57,1.185,0.463,0.13,18.578,4.829,1.115,0.509,0.273,207.587,109.227,51.049,23.462,5.82,52.504,27.617,13.211,6.067,1.525,5.089,1.867,1.444,0.677,0.191,6.948,2.506,2.343,0.541,0.299,3.835,1.914,0.842,0.292,0.155,10.402,3.979,2.282,0.777,0.355,6.385,1.486,1.217,0.297,0.139,19.089,4.838,2.566,0.622,0.267,73.271,4.362,3.221,0.929,0.637,116.931,7.228,2.504,1.12,0.432
1761327543,2025-10-24,neutral,47.325,6.082,2.94,0.624,0.26,16.471,3.12,1.035,0.604,0.291,10.726,2.755,1.334,0.438,0.125,15.357,5.127,1.447,0.588,0.289,95.952,52.433,23.767,10.844,2.737,24.666,13.275,6.211,2.799,0.728,4.663,1.651,1.601,0.673,0.188,6.241,2.393,2.584,0.507,0.255,3.841,2.148,0.965,0.288,0.148,9.592,4.538,2.421,0.781,0.293,5.024,1.538,1.369,0.279,0.14,16.38,5.075,2.868,0.605,0.234,56.545,4.736,3.636,0.949,0.605,91.296,7.375,3.053,1.117,0.424
1761327543,2025-10-24,neutral,39.264,6.573,3.468,0.579,0.272,12.47,2.91,1.268,0.576,0.306,8.162,2.812,1.404,0.397,0.131,12.302,5.229,1.731,0.661,0.309,31.914,19.509,8.239,3.61,0.961,8.496,5.001,2.229,0.924,0.276,4.463,1.572,1.605,0.612,0.186,5.602,2.437,2.554,0.462,0.216,3.434,2.243,1.052,0.282,0.143,8.235,4.844,2.354,0.766,0.239,3.57,1.534,1.406,0.255,0.136,13.5,5.208,2.911,0.588,0.216,37.276,4.777,3.778,0.962,0.558,60.895,7.016,3.458,1.081,0.411
1761327544,2025-10-24,neutral,33.633,6.702,3.788,0.516,0.281,9.308,2.603,1.452,0.542,0.335,6.358,2.687,1.389,0.352,0.148,11.113,5.063,1.909,0.72,0.334,11.229,6.876,2.588,0.916,0.292,3.091,1.864,0.779,0.225,0.115,4.726,1.598,1.454,0.518,0.188,5.584,2.63,2.277,0.412,0.197,2.986,2.158,1.104,0.28,0.14,7.006,4.737,2.141,0.726,0.204,3.071,1.486,1.335,0.231,0.129,11.89,5.15,2.711,0.571,0.221,22.368,4.504,3.662,0.963,0.51,35.882,6.216,3.635,1.014,0.397
1761327544,2025-10-24,neutral,30.384,6.513,3.818,0.45,0.286,6.966,2.335,1.53,0.515,0.366,5.171,2.427,1.295,0.313,0.171,11.645,4.72,1.929,0.757,0.359,10.938,4.396,1.814,0.494,0.185,2.467,1.25,0.565,0.119,0.102,5.21,1.69,1.197,0.422,0.2,5.943,2.937,1.858,0.366,0.206,2.46,1.929,1.123,0.279,0.141,6.042,4.294,1.892,0.659,0.191,3.068,1.421,1.184,0.209,0.12,11.27,4.945,2.346,0.551,0.247,13.532,4.133,3.352,0.941,0.469,19.763,5.279,3.549,0.921,0.385
1761327544,2025-10-24,neutral,27.855,6.139,3.581,0.396,0.286,5.712,2.22,1.487,0.499,0.388,4.519,2.145,1.148,0.283,0.194,13.029,4.448,1.806,0.765,0.383,16.309,4.24,1.944,0.671,0.212,3.256,1.142,0.577,0.171,0.123,5.518,1.803,0.906,0.347,0.223,6.3,3.34,1.433,0.33,0.244,2.119,1.667,1.114,0.275,0.146,5.392,3.802,1.703,0.567,0.198,3.526,1.377,0.996,0.191,0.114,10.984,4.74,1.933,0.517,0.286,10.385,4.021,2.96,0.89,0.437,12.422,4.66,3.281,0.815,0.377
1761327544,2025-10-24,neutral,24.363,5.694,3.215,0.364,0.286,5.612,2.355,1.391,0.493,0.393,4.248,1.959,0.991,0.259,0.212,15.35,4.665,1.736,0.754,0.409,32.059,7.168,2.467,1.409,0.299,6.302,1.44,0.881,0.355,0.159,5.781,1.98,0.671,0.299,0.257,7.027,3.923,1.17,0.309,0.302,2.127,1.471,1.087,0.264,0.154,5.661,3.562,1.708,0.469,0.218,3.94,1.376,0.799,0.176,0.112,11.091,4.749,1.644,0.466,0.327,11.649,4.597,2.753,0.822,0.421,11.11,4.782,3.133,0.72,0.381
1761327544,2025-10-24,neutral,20.099,5.265,2.915,0.355,0.289,7.274,2.79,1.395,0.494,0.384,4.551,1.938,0.902,0.241,0.221,21.014,5.733,2.131,0.747,0.449,99.803,20.999,4.476,3.494,0.532,22.438,3.661,2.306,0.835,0.238,6.752,2.348,0.608,0.27,0.293,9.683,4.825,1.279,0.313,0.366,2.776,1.412,1.077,0.245,0.163,8.516,3.822,2.08,0.395,0.243,4.037,1.448,0.617,0.166,0.115,13.42,5.143,1.727,0.409,0.365,18.512,6.124,3.217,0.763,0.43,15.279,5.836,3.605,0.658,0.404
1761327544,2025-10-24,neutral,16.314,4.874,2.833,0.362,0.299,11.327,3.454,1.64,0.502,0.367,5.787,2.062,0.948,0.233,0.224,32.001,7.735,3.347,0.775,0.516,281.064,54.129,9.331,7.606,0.994,67.121,9.761,5.729,1.759,0.393,8.992,2.979,0.811,0.259,0.326,15.309,6.102,1.892,0.355,0.425,4.222,1.508,1.122,0.223,0.169,14.904,4.702,2.917,0.378,0.269,3.865,1.588,0.472,0.165,0.123,19.433,5.917,2.36,0.373,0.399,32.567,8.604,4.738,0.747,0.47,25.486,7.769,5.056,0.649,0.455
1761327544,2025-10-24,neutral,15.301,4.541,3.063,0.38,0.313,17.917,4.353,2.189,0.527,0.352,8.424,2.372,1.174,0.25,0.224,48.789,10.684,5.445,0.869,0.613,600.904,107.976,17.73,13.654,1.691,146.804,20.438,11.363,3.111,0.628,12.861,3.936,1.315,0.277,0.351,24.207,7.828,2.996,0.453,0.471,6.471,1.788,1.255,0.214,0.17,24.757,6.151,4.159,0.451,0.298,3.753,1.776,0.38,0.175,0.133,30.204,7.27,3.552,0.396,0.436,53.874,12.043,7.327,0.817,0.546,42.445,10.605,7.534,0.717,0.535
1761327544,2025-10-24,neutral,20.809,4.728,3.501,0.421,0.332,28.676,5.793,2.944,0.602,0.343,14.354,3.047,1.554,0.318,0.229,70.602,14.639,8.012,1.063,0.726,1018.87,173.145,28.642,20.521,2.509,253.582,34.107,18.291,4.652,0.91,19.296,5.418,2.056,0.351,0.37,36.244,10.083,4.367,0.621,0.504,10.264,2.302,1.471,0.235,0.166,37.163,8.06,5.52,0.649,0.333,4.901,1.992,0.359,0.2,0.146,47.356,9.576,5.037,0.527,0.481,81.024,16.351,10.436,1.021,0.654,67.83,14.437,10.519,0.9,0.635
1761327545,2025-10-24,neutral,36.852,6.423,3.969,0.507,0.356,45.385,8.579,3.722,0.78,0.343,25.31,4.556,2.019,0.459,0.244,95.866,20.181,10.357,1.382,0.837,1432.04,232.835,39.298,26.37,3.237,360.233,47.397,24.63,5.976,1.169,29.374,7.901,2.889,0.515,0.389,50.776,13.206,5.661,0.868,0.532,15.955,3.195,1.719,0.299,0.162,50.311,10.685,6.634,0.992,0.375,8.246,2.279,0.413,0.247,0.165,72.104,13.683,6.414,0.803,0.541,111.319,21.889,13.175,1.39,0.784,104.194,20.112,13.163,1.241,0.745
1761327546,2025-10-24,neutral,51.377,10.439,3.805,1.172,0.519,47.916,10.965,2.672,1.449,0.383,33.181,6.784,2.681,1.089,0.294,56.23,14.266,4.336,1.775,0.763,44.857,12.11,3.803,1.615,0.533,15.502,2.247,1.102,0.454,0.175,35.033,8.232,3.303,1.286,0.47,36.661,9.543,4.154,1.361,0.453,17.852,4.109,1.124,0.613,0.231,30.884,10.666,4.118,1.298,0.527,12.735,1.561,1.212,0.55,0.196,63.716,15.294,6.303,1.802,0.66,68.023,14.285,5.562,1.953,0.741,91.411,17.817,7.308,2.389,0.896
1761327546,2025-10-24,neutral,23.588,5.823,2.796,1.018,0.456,22.054,6.029,1.944,1.146,0.339,15.996,3.786,1.926,0.949,0.265,27.778,7.124,3.127,1.452,0.725,24.452,6.466,2.574,1.4,0.517,7.506,1.325,0.72,0.408,0.167,17.332,4.505,2.393,1.099,0.426,18.868,5.492,3.199,1.2,0.378,9.511,2.929,0.887,0.524,0.213,16.385,7.47,3.318,0.967,0.523,6.114,1.029,0.931,0.485,0.162,31.763,8.575,4.565,1.551,0.552,36.273,7.724,3.973,1.571,0.631,43.678,9.538,5.269,2.017,0.784
1761327546,2025-10-24,neutral,12.053,3.311,1.978,0.896,0.393,10.378,3.263,1.418,0.965,0.309,7.926,2.06,1.355,0.835,0.248,14.041,3.294,2.224,1.324,0.708,12.055,3.578,1.704,1.361,0.519,3.097,0.812,0.458,0.377,0.175,8.351,2.483,1.598,0.983,0.397,9.68,3.304,2.414,1.11,0.335,5.271,2.175,0.766,0.449,0.201,9.196,5.779,2.73,0.79,0.522,2.951,0.785,0.711,0.423,0.138,16.291,4.785,3.085,1.377,0.472,21.633,3.987,2.862,1.397,0.562,24.538,4.93,3.765,1.785,0.693
1761327546,2025-10-24,neutral,11.4,2.504,1.521,0.826,0.34,8.22,2.17,1.165,0.908,0.309,5.128,1.423,1.068,0.744,0.241,10.394,1.995,1.711,1.426,0.735,8.286,2.759,1.229,1.486,0.553,1.543,0.641,0.323,0.364,0.199,4.924,1.79,1.028,0.933,0.393,5.9,2.605,1.884,1.104,0.331,3.361,1.754,0.772,0.386,0.198,6.953,5.208,2.444,0.746,0.522,1.783,0.786,0.614,0.38,0.128,10.796,3.396,2.164,1.285,0.434,19.264,2.455,2.421,1.457,0.56,26.411,3.275,3.068,1.737,0.655
1761327546,2025-10-24,neutral,18.186,2.749,1.44,0.84,0.31,12.232,2.024,1.173,0.969,0.347,6.151,1.618,1.044,0.684,0.241,14.436,2.234,1.614,1.772,0.814,9.906,3.327,1.217,1.766,0.624,1.398,0.768,0.297,0.372,0.237,5.387,1.975,0.811,0.954,0.412,6.26,2.96,1.674,1.196,0.366,3.031,1.582,0.868,0.336,0.204,7.569,5.268,2.443,0.811,0.525,2.019,0.999,0.635,0.367,0.131,12.024,3.678,1.884,1.29,0.441,25.335,2.53,2.651,1.754,0.632,43.061,3.509,3.139,1.91,0.688
1761327546,2025-10-24,neutral,26.906,3.691,1.576,0.962,0.309,18.133,2.404,1.295,1.132,0.417,8.897,2.563,1.147,0.669,0.246,22.89,3.597,1.794,2.304,0.93,16.363,4.977,1.575,2.162,0.722,2.256,1.167,0.339,0.398,0.281,8.396,2.819,0.942,1.048,0.442,9.628,4.129,1.691,1.383,0.424,3.491,1.578,0.98,0.303,0.214,10.456,5.623,2.521,0.956,0.533,3.089,1.388,0.704,0.387,0.146,17.167,5.244,2.01,1.397,0.481,35.45,3.906,3.252,2.233,0.765,63.623,4.964,3.555,2.286,0.786
1761327546,2025-10-24,neutral,40.549,5.306,1.825,1.183,0.336,28.168,3.304,1.425,1.35,0.5,15.934,4.292,1.278,0.701,0.258,38.949,6.062,2.121,2.871,1.046,27.52,7.637,2.14,2.576,0.821,4.125,1.836,0.414,0.436,0.32,15.426,4.28,1.35,1.191,0.466,18.312,5.999,1.796,1.609,0.486,5.584,1.736,1.041,0.286,0.224,16.729,6.179,2.529,1.14,0.547,6.095,1.954,0.754,0.432,0.169,30.412,8.066,2.287,1.579,0.537,53.524,6.546,3.926,2.768,0.917,89.33,7.409,3.96,2.759,0.918
1761327547,2025-10-24,neutral,56.368,7.383,2.126,1.459,0.385,38.956,4.575,1.524,1.546,0.567,25.383,6.546,1.409,0.77,0.275,58.876,9.222,2.529,3.285,1.115,42.959,10.829,2.777,2.876,0.884,7.159,2.667,0.515,0.471,0.34,25.707,6.096,1.943,1.334,0.47,31.036,8.204,1.895,1.791,0.528,8.855,2.039,1.029,0.286,0.229,25.794,6.879,2.446,1.315,0.562,10.282,2.633,0.753,0.49,0.194,49.418,11.696,2.576,1.785,0.584,74.872,10.14,4.496,3.199,1.04,110.987,10.432,4.208,3.17,1.035
1761327547,2025-10-24,neutral,72.88,9.414,2.405,1.718,0.45,50.465,5.87,1.587,1.643,0.593,37.285,8.76,1.54,0.852,0.293,80.912,12.288,2.98,3.399,1.099,59.961,13.758,3.373,2.95,0.886,10.947,3.458,0.627,0.487,0.334,38.23,7.827,2.589,1.42,0.452,46.629,10.223,1.99,1.858,0.534,13.237,2.44,0.96,0.297,0.225,36.474,7.598,2.366,1.433,0.565,15.737,3.29,0.706,0.545,0.213,73.008,15.278,2.833,1.954,0.604,98.15,14.015,4.854,3.395,1.093,127.533,13.251,4.316,3.379,1.091
1761327547,2025-10-24,neutral,85.373,10.894,2.58,1.883,0.517,57.797,6.82,1.615,1.589,0.572,46.878,10.321,1.666,0.912,0.306,97.056,14.442,3.402,3.162,0.99,73.713,15.628,3.807,2.749,0.822,14.415,3.993,0.726,0.472,0.303,48.806,8.995,3.116,1.405,0.42,59.735,11.547,2.083,1.779,0.503,17.148,2.878,0.869,0.314,0.209,45.382,8.253,2.372,1.462,0.545,20.276,3.789,0.635,0.583,0.223,93.107,17.874,3.024,2.031,0.588,114.422,17.449,4.927,3.292,1.063,131.439,15.142,4.317,3.307,1.066
1761327547,2025-10-24,neutral,91.103,11.482,2.591,1.897,0.575,59.888,7.173,1.616,1.389,0.515,52.278,10.827,1.755,0.92,0.306,103.395,15.155,3.686,2.639,0.813,80.867,15.966,3.972,2.314,0.708,16.785,4.138,0.785,0.423,0.258,54.612,9.308,3.357,1.277,0.388,66.869,11.853,2.13,1.576,0.446,19.687,3.276,0.782,0.325,0.184,50.023,8.796,2.454,1.387,0.501,23.08,4.035,0.567,0.591,0.223,104.689,18.824,3.096,1.984,0.545,120.31,19.803,4.683,2.916,0.967,123.667,15.697,4.211,2.966,0.972
1761327547,2025-10-24,neutral,78.016,9.811,2.142,1.483,0.633,45.838,6.131,1.499,0.814,0.386,44.202,8.652,1.714,0.759,0.279,81.41,12.374,3.504,1.366,0.45,67.938,12.497,3.405,1.224,0.482,15.376,3.312,0.735,0.27,0.177,45.704,7.488,2.857,0.834,0.364,55.976,9.52,1.924,1.048,0.341,17.835,3.576,0.653,0.313,0.138,42.742,9.074,2.603,1.019,0.401,19.97,3.673,0.47,0.501,0.219,90.905,15.42,2.797,1.571,0.465,94.992,19.876,3.474,1.792,0.761,81.875,13.084,3.593,1.895,0.737
1761327547,2025-10-24,neutral,63.003,8.127,1.795,1.177,0.634,34.123,5.21,1.349,0.591,0.356,34.05,6.754,1.549,0.637,0.265,60.739,9.917,3.006,0.91,0.346,52.783,9.885,2.785,0.808,0.429,12.291,2.639,0.633,0.2,0.157,34.543,5.975,2.298,0.636,0.37,42.267,7.62,1.683,0.848,0.321,14.328,3.385,0.596,0.293,0.134,34.184,8.69,2.588,0.812,0.386,15.394,3.212,0.426,0.425,0.23,71.171,12.204,2.456,1.311,0.471,71.773,17.776,2.738,1.308,0.732,58.58,10.856,3.061,1.428,0.683
1761327547,2025-10-24,neutral,46.584,6.478,1.448,0.91,0.625,22.902,4.444,1.133,0.468,0.356,23.662,5.025,1.289,0.537,0.263,40.713,7.687,2.339,0.652,0.311,38.217,8.095,2.141,0.61,0.436,9.163,2.178,0.516,0.168,0.153,23.144,4.561,1.73,0.512,0.376,28.411,5.853,1.403,0.725,0.324,10.548,3.015,0.537,0.275,0.148,26.319,7.965,2.506,0.648,0.402,10.62,2.734,0.367,0.356,0.251,50.288,9.147,2.033,1.103,0.512,48.848,14.966,2.061,0.989,0.764,38.97,8.84,2.423,1.126,0.693
1761327548,2025-10-24,neutral,32.301,5.15,1.173,0.729,0.612,14.755,4.025,0.918,0.437,0.376,15.66,3.756,1.008,0.488,0.272,26.124,6.109,1.707,0.556,0.327,30.311,8.822,2.016,0.961,0.554,7.363,2.355,0.501,0.279,0.181,14.48,3.444,1.302,0.465,0.372,17.904,4.488,1.149,0.663,0.336,7.41,2.536,0.494,0.267,0.174,21.104,6.993,2.398,0.546,0.433,6.798,2.323,0.302,0.313,0.275,33.711,6.783,1.662,0.988,0.568,31.353,12.055,1.571,0.839,0.829,25.653,7.377,1.84,0.995,0.745
1761327548,2025-10-24,neutral,21.499,4.207,1.017,0.641,0.6,9.936,3.91,0.769,0.47,0.404,10.654,2.973,0.787,0.497,0.288,17.459,5.186,1.292,0.563,0.368,33.732,13.927,3.193,2.366,0.876,8.36,3.666,0.778,0.68,0.268,9.069,2.643,1.088,0.473,0.352,11.555,3.602,0.972,0.642,0.342,5.272,2.046,0.49,0.271,0.206,18.574,5.997,2.305,0.507,0.457,4.337,2.032,0.251,0.302,0.292,22.885,5.243,1.453,0.975,0.62,20.167,9.466,1.332,0.818,0.888,17.988,6.441,1.47,0.992,0.803
1761327548,2025-10-24,neutral,14.235,3.747,1.007,0.62,0.586,7.786,4.053,0.742,0.532,0.428,8.034,2.627,0.69,0.549,0.302,13.422,4.842,1.205,0.628,0.412,48.896,24.402,6.095,5.097,1.456,12.185,6.357,1.462,1.452,0.432,6.37,2.114,1.08,0.513,0.32,8.49,3.148,0.897,0.644,0.337,3.96,1.649,0.536,0.279,0.234,17.438,5.204,2.226,0.516,0.454,2.954,1.888,0.226,0.315,0.294,16.91,4.489,1.47,1.033,0.647,14.194,7.623,1.34,0.87,0.911,14.228,6.126,1.417,1.057,0.835
1761327548,2025-10-24,neutral,9.576,3.749,1.132,0.624,0.562,6.889,4.387,0.829,0.593,0.439,6.703,2.619,0.717,0.613,0.308,11.413,4.94,1.399,0.713,0.446,73.217,39.174,10.381,8.84,2.231,18.472,10.149,2.489,2.506,0.656,4.902,1.824,1.196,0.557,0.283,7.036,3.042,0.903,0.648,0.32,3.166,1.421,0.615,0.279,0.252,16.232,4.761,2.143,0.556,0.42,2.208,1.907,0.233,0.335,0.277,13.697,4.393,1.665,1.108,0.646,10.936,6.762,1.512,0.935,0.885,12.323,6.418,1.647,1.118,0.821
1761327548,2025-10-24,neutral,7.638,4.088,1.367,0.62,0.521,6.998,4.792,1.003,0.631,0.433,6.219,2.858,0.845,0.659,0.304,11.139,5.327,1.771,0.787,0.463,99.029,54.465,14.936,12.679,3.013,25.058,14.073,3.602,3.586,0.885,4.595,1.736,1.367,0.591,0.248,6.63,3.166,0.97,0.638,0.298,2.829,1.366,0.699,0.268,0.258,14.663,4.605,2.058,0.616,0.367,1.865,2.039,0.274,0.349,0.247,12.37,4.783,1.964,1.15,0.623,10.277,6.81,1.79,0.963,0.81,11.7,7.166,2.061,1.122,0.765
1761327548,2025-10-24,neutral,5.652,4.485,1.576,0.591,0.463,6.074,4.988,1.148,0.64,0.41,5.072,3.138,0.975,0.67,0.292,9.007,5.638,2.082,0.834,0.465,112.617,65.11,18.373,15.409,3.554,28.573,16.802,4.468,4.356,1.045,3.491,1.736,1.511,0.604,0.219,5.175,3.281,1.046,0.614,0.275,2.03,1.391,0.742,0.247,0.255,10.91,4.537,1.98,0.694,0.311,1.403,2.146,0.33,0.353,0.211,9.672,5.244,2.193,1.132,0.59,8.161,7.198,2.013,0.94,0.705,9.417,7.891,2.4,1.061,0.682
1761327548,2025-10-24,neutral,6.134,4.753,1.7,0.536,0.394,6.444,4.809,1.222,0.621,0.372,5.596,3.307,1.082,0.633,0.273,9.533,5.611,2.22,0.843,0.458,116.824,67.228,19.432,16.069,3.661,29.8,17.336,4.764,4.547,1.077,3.952,1.74,1.597,0.59,0.196,5.581,3.252,1.123,0.579,0.257,2.217,1.414,0.734,0.224,0.246,8.916,4.409,1.926,0.787,0.271,1.59,2.133,0.396,0.344,0.18,10.243,5.453,2.289,1.053,0.557,9.402,7.425,2.14,0.877,0.593,9.741,8.254,2.568,0.952,0.596
1761327548,2025-10-24,neutral,6.383,4.739,1.68,0.465,0.328,5.824,4.241,1.182,0.578,0.327,5.514,3.28,1.116,0.555,0.25,8.709,5.172,2.125,0.808,0.447,101.663,59.941,17.747,14.411,3.285,25.814,15.46,4.392,4.088,0.968,3.925,1.706,1.595,0.545,0.18,5.067,3.046,1.158,0.534,0.243,1.938,1.388,0.661,0.207,0.235,6.339,4.173,1.837,0.872,0.251,1.493,1.971,0.446,0.324,0.158,9.436,5.277,2.18,0.929,0.527,9.04,7.229,2.093,0.793,0.499,8.779,8.074,2.472,0.821,0.527
1761327548,2025-10-24,neutral,7.191,4.417,1.523,0.393,0.276,5.958,3.411,1.054,0.519,0.283,6.391,3.064,1.093,0.45,0.227,9.338,4.424,1.865,0.731,0.432,79.369,45.622,13.905,11.028,2.549,20.328,11.783,3.471,3.143,0.756,4.598,1.627,1.525,0.471,0.17,5.806,2.717,1.132,0.482,0.229,2.527,1.306,0.544,0.199,0.227,5.748,3.86,1.68,0.924,0.247,1.877,1.709,0.474,0.295,0.143,10.642,4.775,1.899,0.783,0.501,10.368,6.593,1.893,0.701,0.431,9.482,7.378,2.164,0.691,0.486
1761327549,2025-10-24,neutral,7.44,3.848,1.263,0.326,0.242,5.405,2.547,0.866,0.452,0.248,6.496,2.71,1.014,0.342,0.211,9.018,3.591,1.538,0.622,0.411,51.227,29.116,9.228,7.054,1.689,12.974,7.553,2.322,2.026,0.511,4.752,1.513,1.406,0.376,0.162,5.809,2.348,1.026,0.42,0.214,2.683,1.18,0.403,0.198,0.222,5.213,3.509,1.425,0.923,0.25,1.94,1.423,0.468,0.264,0.134,10.662,4.094,1.503,0.631,0.477,10.451,5.665,1.569,0.607,0.388,9.38,6.333,1.717,0.571,0.472
1761327549,2025-10-24,neutral,7.463,3.151,1,0.274,0.224,5.026,1.838,0.679,0.388,0.226,6.511,2.293,0.917,0.252,0.206,8.691,2.861,1.265,0.508,0.383,28.751,15.101,5.093,3.634,0.945,7.418,3.954,1.278,1.059,0.303,4.751,1.368,1.268,0.276,0.157,6.112,1.998,0.863,0.356,0.202,3.199,1.043,0.272,0.199,0.22,5.239,3.104,1.096,0.867,0.258,2.243,1.178,0.444,0.238,0.127,10.814,3.382,1.103,0.491,0.463,10.696,4.637,1.217,0.513,0.368,9.541,5.146,1.283,0.468,0.474
1761327549,2025-10-24,neutral,6.872,2.429,0.806,0.253,0.223,4.288,1.338,0.535,0.347,0.222,5.777,1.861,0.813,0.202,0.218,7.752,2.314,1.111,0.424,0.353,13.291,6.191,2.356,1.429,0.463,3.354,1.648,0.57,0.433,0.174,4.291,1.202,1.134,0.197,0.159,5.834,1.684,0.692,0.308,0.205,3.168,0.918,0.179,0.205,0.221,5.077,2.646,0.763,0.784,0.278,2.276,0.999,0.413,0.224,0.124,9.976,2.723,0.786,0.389,0.469,10,3.644,0.938,0.44,0.371,9.091,3.944,0.964,0.404,0.489
1761327549,2025-10-24,right,6.08,1.809,0.71,0.285,0.24,3.756,1.074,0.453,0.352,0.237,4.936,1.49,0.706,0.208,0.247,6.828,2.009,1.062,0.41,0.33,6.49,2.315,1.106,0.451,0.254,1.689,0.618,0.237,0.155,0.124,3.7,1.099,1.015,0.171,0.175,5.55,1.478,0.572,0.305,0.239,3.127,0.851,0.14,0.217,0.228,5.002,2.216,0.521,0.716,0.32,2.428,0.908,0.388,0.226,0.13,8.998,2.254,0.59,0.356,0.509,9.2,2.902,0.793,0.426,0.403,8.733,2.939,0.797,0.418,0.519
1761327549,2025-10-24,right,5.462,1.405,0.694,0.383,0.279,3.591,1.026,0.429,0.422,0.267,4.246,1.266,0.599,0.272,0.288,6.489,1.971,1.065,0.494,0.326,4.968,1.51,0.816,0.248,0.224,1.23,0.379,0.163,0.103,0.121,3.323,1.148,0.917,0.219,0.21,5.396,1.444,0.534,0.367,0.308,2.894,0.866,0.149,0.242,0.237,5.363,1.871,0.427,0.697,0.387,2.526,0.894,0.374,0.246,0.147,8.559,2.091,0.504,0.42,0.583,8.721,2.563,0.778,0.515,0.458,8.973,2.318,0.757,0.543,0.564
1761327549,2025-10-24,right,5.209,1.275,0.72,0.539,0.333,3.908,1.154,0.448,0.555,0.306,3.993,1.243,0.495,0.378,0.33,6.825,2.178,1.06,0.667,0.34,5.447,1.666,0.833,0.312,0.259,1.292,0.414,0.188,0.135,0.131,3.287,1.387,0.845,0.34,0.259,5.551,1.631,0.588,0.495,0.401,2.809,0.962,0.194,0.277,0.247,6.361,1.682,0.494,0.739,0.467,2.718,0.943,0.37,0.278,0.177,8.948,2.308,0.494,0.579,0.675,8.912,2.676,0.852,0.709,0.523,10.011,2.185,0.792,0.774,0.616
1761327549,2025-10-24,right,5.312,1.384,0.753,0.715,0.389,4.607,1.391,0.487,0.719,0.342,4.201,1.405,0.404,0.499,0.362,7.733,2.547,1.02,0.881,0.363,6.416,1.974,0.886,0.422,0.3,1.533,0.519,0.231,0.183,0.137,3.624,1.769,0.799,0.503,0.311,6.079,2.009,0.712,0.656,0.493,2.887,1.103,0.263,0.312,0.251,7.985,1.669,0.685,0.82,0.536,2.938,1.029,0.367,0.31,0.213,10.213,2.85,0.524,0.79,0.756,9.8,3.135,0.965,0.962,0.574,11.722,2.499,0.857,1.052,0.657
1761327549,2025-10-24,neutral,5.638,1.617,0.768,0.854,0.429,5.414,1.648,0.52,0.856,0.362,4.654,1.663,0.344,0.597,0.372,8.827,2.932,0.937,1.063,0.38,7.546,2.309,0.941,0.526,0.33,1.775,0.65,0.269,0.226,0.136,4.238,2.19,0.759,0.653,0.35,6.78,2.488,0.856,0.804,0.554,3.103,1.248,0.35,0.334,0.243,9.982,1.831,0.941,0.898,0.57,3.085,1.122,0.357,0.331,0.245,11.837,3.533,0.562,0.984,0.797,10.981,3.742,1.066,1.186,0.59,13.502,3.061,0.92,1.286,0.67
1761327550,2025-10-24,neutral,6.08,1.859,0.749,0.912,0.438,6.078,1.861,0.519,0.913,0.361,5.184,1.904,0.319,0.649,0.358,9.636,3.221,0.821,1.152,0.381,8.722,2.542,0.948,0.588,0.338,2.141,0.761,0.284,0.247,0.126,5.013,2.554,0.697,0.748,0.362,7.536,2.954,0.965,0.904,0.564,3.461,1.368,0.439,0.335,0.224,11.738,2.131,1.188,0.941,0.558,3.253,1.194,0.335,0.332,0.261,13.298,4.128,0.59,1.112,0.779,12.126,4.325,1.117,1.309,0.564,14.814,3.665,0.966,1.402,0.644
1761327550,2025-10-24,neutral,6.454,2.1,0.721,0.892,0.413,6.457,2.057,0.497,0.886,0.342,5.671,2.075,0.338,0.67,0.327,10.133,3.427,0.717,1.147,0.369,9.552,2.669,0.901,0.611,0.328,2.349,0.835,0.269,0.246,0.113,6.004,2.868,0.606,0.782,0.347,8.363,3.379,1.012,0.968,0.525,3.8,1.482,0.519,0.327,0.196,13.106,2.524,1.378,0.959,0.507,3.418,1.252,0.31,0.319,0.259,14.501,4.55,0.623,1.182,0.712,13.074,4.89,1.131,1.319,0.511,15.469,4.277,1.029,1.4,0.587
1761327550,2025-10-24,neutral,6.573,2.428,0.729,0.843,0.363,6.504,2.328,0.497,0.814,0.319,6.074,2.212,0.404,0.698,0.293,10.122,3.687,0.686,1.097,0.358,10.225,2.806,0.851,0.632,0.312,2.604,0.888,0.234,0.235,0.099,7.131,3.227,0.502,0.78,0.313,9.212,3.796,0.989,1.033,0.456,4.106,1.634,0.571,0.33,0.17,13.518,2.963,1.491,0.986,0.438,3.75,1.311,0.297,0.305,0.239,15.138,4.883,0.685,1.249,0.62,13.649,5.542,1.127,1.266,0.456,15.362,5.013,1.15,1.343,0.516
1761327550,2025-10-24,neutral,6.593,2.905,0.797,0.827,0.305,6.328,2.748,0.56,0.755,0.303,6.414,2.383,0.513,0.768,0.267,9.973,4.124,0.774,1.066,0.359,10.449,3.094,0.868,0.693,0.302,2.629,0.951,0.198,0.23,0.09,8.221,3.702,0.419,0.776,0.275,10.179,4.227,0.93,1.131,0.384,4.264,1.836,0.586,0.359,0.154,13.08,3.386,1.611,1.048,0.375,4.077,1.389,0.309,0.301,0.212,15.621,5.249,0.798,1.364,0.531,14.015,6.33,1.143,1.218,0.423,14.888,5.946,1.347,1.308,0.45
1761327550,2025-10-24,neutral,6.534,3.487,0.909,0.883,0.255,5.819,3.282,0.7,0.752,0.3,6.484,2.606,0.647,0.883,0.256,9.4,4.711,0.975,1.096,0.374,10.115,3.546,0.988,0.805,0.304,2.57,1.029,0.177,0.241,0.088,9.081,4.251,0.397,0.791,0.243,10.952,4.622,0.896,1.255,0.328,4.271,2.054,0.571,0.409,0.152,11.64,3.752,1.881,1.14,0.331,4.378,1.469,0.355,0.312,0.186,15.511,5.65,0.975,1.534,0.465,13.669,7.1,1.214,1.222,0.421,13.672,6.939,1.602,1.344,0.402
1761327550,2025-10-24,neutral,6.754,4.06,1.037,1.008,0.227,5.251,3.804,0.893,0.808,0.309,6.428,2.831,0.78,1.012,0.258,8.765,5.266,1.226,1.187,0.396,9.436,4.026,1.168,0.944,0.317,2.332,1.099,0.174,0.268,0.092,9.431,4.701,0.448,0.82,0.226,11.509,4.854,0.939,1.37,0.296,4.1,2.211,0.548,0.464,0.161,9.987,4.024,2.38,1.237,0.309,4.419,1.518,0.428,0.333,0.171,15.23,5.96,1.212,1.713,0.428,12.853,7.58,1.368,1.286,0.446,12.496,7.788,1.898,1.452,0.377
1761327550,2025-10-24,neutral,8.122,4.498,1.146,1.169,0.226,5.153,4.158,1.089,0.89,0.323,6.244,2.973,0.889,1.111,0.271,8.108,5.567,1.447,1.304,0.421,8.412,4.366,1.327,1.062,0.343,2.067,1.136,0.186,0.302,0.104,9.434,4.839,0.553,0.838,0.225,11.443,4.817,1.068,1.426,0.288,3.755,2.233,0.538,0.503,0.174,8.285,4.153,3.074,1.311,0.3,4.188,1.5,0.515,0.357,0.169,14.402,6.006,1.486,1.843,0.424,12.108,7.532,1.611,1.403,0.492,13.239,8.305,2.222,1.609,0.376
1761327550,2025-10-24,neutral,11.033,4.721,1.216,1.326,0.258,6.125,4.247,1.242,0.95,0.339,6.388,2.955,0.969,1.143,0.292,8.29,5.475,1.597,1.408,0.447,7.841,4.462,1.411,1.117,0.387,1.916,1.132,0.207,0.331,0.124,9.606,4.545,0.689,0.824,0.243,11.31,4.482,1.26,1.391,0.301,3.478,2.091,0.569,0.516,0.187,7.49,4.086,3.815,1.347,0.301,3.816,1.402,0.6,0.381,0.182,13.91,5.671,1.783,1.881,0.454,12.807,6.893,1.955,1.557,0.558,17.892,8.406,2.586,1.779,0.405
1761327551,2025-10-24,neutral,15.122,4.744,1.255,1.459,0.319,7.934,4.115,1.334,0.963,0.358,6.698,2.78,1.04,1.104,0.319,9.022,5.058,1.691,1.481,0.478,7.776,4.355,1.426,1.108,0.453,1.966,1.111,0.241,0.349,0.153,10.259,3.888,0.833,0.776,0.282,10.948,3.948,1.466,1.271,0.332,3.23,1.823,0.658,0.513,0.198,7.415,3.804,4.4,1.352,0.312,3.326,1.247,0.681,0.401,0.206,13.329,5.025,2.095,1.832,0.518,14.751,5.835,2.404,1.737,0.646,25.878,8.188,3.016,1.946,0.465
1761327551,2025-10-24,neutral,19.421,4.671,1.288,1.564,0.4,10.006,3.913,1.382,0.936,0.383,7.104,2.544,1.13,1.024,0.35,10.122,4.577,1.79,1.531,0.517,8.256,4.195,1.436,1.07,0.536,2.185,1.113,0.298,0.356,0.188,11.375,3.09,0.978,0.72,0.336,10.755,3.401,1.653,1.121,0.378,3.112,1.52,0.806,0.514,0.209,8.135,3.374,4.67,1.351,0.334,2.859,1.07,0.77,0.423,0.237,12.957,4.327,2.429,1.748,0.607,17.514,4.678,2.946,1.94,0.747,35.112,7.865,3.528,2.105,0.553
1761327551,2025-10-24,neutral,23.279,4.592,1.333,1.639,0.479,11.723,3.79,1.421,0.897,0.413,7.481,2.377,1.261,0.946,0.375,11.213,4.314,1.967,1.578,0.559,9.011,4.137,1.532,1.056,0.623,2.517,1.163,0.389,0.36,0.223,12.661,2.403,1.132,0.691,0.395,10.645,3.016,1.817,1.01,0.43,3.106,1.283,1.006,0.536,0.218,9.092,2.918,4.589,1.365,0.366,2.435,0.912,0.887,0.451,0.27,12.822,3.888,2.796,1.686,0.698,20.115,3.764,3.551,2.142,0.838,42.886,7.609,4.105,2.241,0.647
1761327551,2025-10-24,neutral,25.218,4.525,1.394,1.672,0.534,12.431,3.794,1.474,0.875,0.441,7.735,2.353,1.426,0.899,0.386,12.086,4.396,2.241,1.629,0.592,10.12,4.218,1.767,1.094,0.688,2.929,1.254,0.518,0.366,0.25,13.698,1.99,1.317,0.713,0.446,10.929,2.854,1.993,0.978,0.471,3.317,1.172,1.235,0.58,0.224,10.219,2.552,4.233,1.394,0.396,2.212,0.798,1.042,0.485,0.297,13.244,3.875,3.198,1.675,0.758,21.532,3.275,4.157,2.306,0.884,46.101,7.449,4.682,2.325,0.713
1761327551,2025-10-24,neutral,25.228,4.417,1.452,1.642,0.549,11.97,3.827,1.537,0.885,0.457,7.778,2.461,1.603,0.888,0.379,12.497,4.73,2.558,1.676,0.606,11.319,4.371,2.128,1.187,0.717,3.34,1.35,0.673,0.379,0.263,13.975,1.865,1.555,0.785,0.476,11.229,2.869,2.246,1.022,0.492,3.597,1.203,1.471,0.627,0.224,11.018,2.324,3.762,1.416,0.415,2.117,0.74,1.222,0.518,0.311,13.996,4.247,3.633,1.706,0.767,21.225,3.236,4.696,2.397,0.869,43.781,7.266,5.162,2.328,0.728
1761327551,2025-10-24,neutral,22.646,4.232,1.499,1.55,0.528,10.41,3.788,1.608,0.933,0.46,7.568,2.658,1.766,0.906,0.361,12.453,5.152,2.844,1.708,0.604,12.479,4.552,2.548,1.322,0.719,3.692,1.429,0.834,0.401,0.262,13.313,1.969,1.875,0.892,0.488,11.495,3.019,2.654,1.117,0.495,3.9,1.355,1.693,0.662,0.222,11.321,2.283,3.329,1.418,0.426,2.188,0.755,1.4,0.546,0.311,14.885,4.892,4.111,1.768,0.728,19.053,3.645,5.114,2.422,0.804,36.16,7.02,5.492,2.267,0.693
1761327551,2025-10-24,neutral,19.372,4.095,1.562,1.431,0.489,8.799,3.742,1.694,1.022,0.458,7.346,2.999,1.903,0.943,0.343,12.228,5.699,3.071,1.724,0.598,12.835,4.862,2.949,1.488,0.722,3.777,1.522,0.981,0.436,0.256,11.661,2.308,2.274,1.012,0.491,11.109,3.453,3.258,1.234,0.492,3.992,1.631,1.884,0.679,0.226,10.729,2.602,3.033,1.41,0.441,2.325,0.903,1.547,0.57,0.299,15.512,5.905,4.643,1.864,0.668,16.357,4.66,5.413,2.433,0.723,27.216,7.021,5.678,2.203,0.638
1761327552,2025-10-24,neutral,7.206,4.867,4.274,1.73,0.48,8.055,5.433,2.109,1.401,0.497,8.737,4.957,2.118,1.03,0.382,13.598,9.155,3.852,1.585,0.607,8.345,7.838,3.755,1.954,0.878,2.433,2.215,1.197,0.6,0.259,6.493,5.073,3.095,1.195,0.521,8.458,7.739,5.312,1.448,0.56,2.883,2.414,1.983,0.746,0.282,5.53,6.222,3.404,1.542,0.63,3.955,1.88,1.5,0.657,0.24,16.353,10.737,5.815,2.369,0.637,12.107,9.275,6.366,2.684,0.772,16.466,9.703,5.027,2.285,0.719
1761327552,2025-10-24,neutral,6.712,4.336,4.703,1.84,0.458,7.712,5.219,1.887,1.337,0.479,8.482,4.371,1.949,0.991,0.352,13.033,8.317,3.595,1.513,0.564,8.539,7.02,3.358,1.822,0.778,2.398,1.942,1.064,0.559,0.234,6.202,4.683,2.705,1.13,0.491,8.185,7.021,4.76,1.397,0.532,2.615,2.006,1.787,0.73,0.26,5.76,5.878,3.323,1.537,0.605,3.902,1.578,1.352,0.662,0.232,15.515,9.409,5.107,2.274,0.61,12.24,7.583,6.064,2.54,0.76,16.825,8.363,4.429,2.217,0.711
1761327552,2025-10-24,neutral,7.184,3.603,4.753,1.988,0.431,7.879,4.724,1.58,1.319,0.458,8.324,3.536,1.753,1.024,0.316,12.78,6.968,3.169,1.547,0.547,10.533,5.734,2.802,1.745,0.656,2.874,1.524,0.885,0.52,0.202,6.121,4.109,2.294,1.14,0.465,8.273,5.775,4.021,1.439,0.506,2.68,1.552,1.538,0.736,0.236,6.82,5.354,3.047,1.601,0.573,3.883,1.181,1.196,0.703,0.226,14.943,7.55,4.221,2.278,0.589,13.01,5.536,5.505,2.559,0.738,17.478,6.559,3.845,2.369,0.689
1761327552,2025-10-24,neutral,8.454,3.02,4.442,2.238,0.422,9.026,4.285,1.287,1.407,0.455,8.482,2.777,1.589,1.173,0.297,13.417,5.717,2.72,1.748,0.596,14.613,4.539,2.237,1.809,0.565,3.994,1.116,0.699,0.51,0.175,6.557,3.737,1.997,1.27,0.461,8.946,4.539,3.287,1.629,0.505,3.213,1.227,1.267,0.795,0.224,8.754,5.012,2.609,1.788,0.561,4.041,0.852,1.067,0.797,0.229,15.019,5.898,3.379,2.501,0.601,14.756,3.968,4.819,2.901,0.74,18.897,5.173,3.472,2.884,0.687
1761327552,2025-10-24,neutral,10.159,2.851,3.897,2.593,0.449,11.02,4.157,1.094,1.597,0.484,9.043,2.338,1.501,1.424,0.309,15.02,5.023,2.404,2.09,0.725,19.828,3.825,1.815,2.015,0.549,5.473,0.842,0.549,0.536,0.164,7.568,3.749,1.888,1.505,0.485,10.22,3.732,2.71,1.948,0.54,4.139,1.137,1.02,0.911,0.228,11.301,5.058,2.101,2.086,0.586,4.444,0.688,0.993,0.932,0.242,15.884,4.99,2.771,2.943,0.66,17.367,3.447,4.191,3.547,0.787,21.034,4.887,3.431,3.713,0.728
1761327553,2025-10-24,neutral,12.114,3.157,3.295,2.983,0.509,13.482,4.387,1.026,1.832,0.545,9.921,2.301,1.492,1.713,0.354,17.299,5.044,2.285,2.486,0.91,24.961,3.722,1.602,2.289,0.614,7.042,0.762,0.458,0.589,0.171,9.033,4.109,1.949,1.779,0.531,11.921,3.513,2.334,2.314,0.601,5.309,1.289,0.826,1.051,0.243,13.975,5.477,1.624,2.412,0.644,5.041,0.707,0.984,1.072,0.267,17.438,4.978,2.457,3.485,0.756,20.459,4.042,3.749,4.299,0.874,23.542,5.847,3.686,4.631,0.815
1761327553,2025-10-24,neutral,22.823,6.49,1.78,2.855,0.743,17.529,6.181,1.143,1.936,0.818,12.063,4.652,1.584,1.96,0.659,22.195,8.605,2.47,3.004,1.504,23.909,6.659,1.688,2.433,1.107,6.977,1.893,0.436,0.663,0.266,12.978,6.654,1.961,1.963,0.802,15.657,6.365,1.866,2.535,0.842,6.441,2.367,0.752,1.032,0.332,14.658,7.07,0.979,2.52,0.83,6.62,1.471,0.985,0.975,0.375,23.181,10.092,2.255,3.801,1.268,36.858,10.789,2.851,4.059,1.284,44.142,15.153,3.979,4.683,1.311
1761327553,2025-10-24,neutral,30.572,7.429,1.494,2.384,0.748,18.647,6.637,1.188,1.736,0.828,12.919,5.674,1.607,1.774,0.715,22.899,9.848,2.536,2.849,1.568,19.201,7.671,1.759,2.271,1.152,5.577,2.274,0.463,0.619,0.276,12.917,7.627,1.725,1.803,0.876,15.595,7.782,1.845,2.29,0.884,6,2.507,0.845,0.884,0.372,12.732,7.68,1.096,2.347,0.832,6.834,1.751,0.918,0.818,0.389,25.19,12.302,2.201,3.379,1.397,46.166,12.862,2.466,3.25,1.36,60.043,17.835,3.44,3.837,1.393
1761327553,2025-10-24,neutral,37.048,8.07,1.272,1.957,0.732,19.097,7.009,1.27,1.548,0.807,13.217,6.582,1.678,1.588,0.741,22.345,10.907,2.663,2.689,1.59,27.324,9.681,3.282,3.053,1.206,7.594,2.895,0.857,0.796,0.293,12.085,8.596,1.533,1.675,0.921,14.605,9.182,1.914,2.077,0.912,5.256,2.609,0.952,0.758,0.415,10.529,8.439,1.308,2.255,0.827,6.58,2.023,0.882,0.688,0.394,26.181,14.338,2.277,2.995,1.484,53.81,14.556,2.171,2.575,1.406,75.317,19.81,2.896,3.066,1.424
1761327554,2025-10-24,neutral,39.453,5.149,1.436,1.127,0.645,20.615,5.496,1.417,1.128,0.608,14.952,5.055,1.711,0.954,0.563,25.338,8.926,2.712,1.857,1.173,1019.464,113.84,85.053,44.697,4.296,263.565,29.988,21.298,11.24,1.023,16.339,7.314,1.294,1.314,0.626,15.596,8.654,1.927,1.44,0.763,5.771,2.641,0.984,0.497,0.436,15.101,7.86,2.489,1.969,0.712,7.136,2.102,0.884,0.467,0.323,28.081,12.369,2.923,2.09,1.137,53.294,11.33,2.452,1.701,1.131,75.665,12.771,2.028,1.648,1.05
1761327554,2025-10-24,neutral,12.538,1.717,1.716,0.667,0.502,7.971,3.288,0.831,0.7,0.396,8.186,1.76,0.999,0.488,0.361,14.858,5.027,2.261,0.831,0.622,2326.305,235.258,91.871,35.718,3.66,601.464,61.098,24.111,9.156,0.874,11.206,2.797,0.547,0.679,0.342,9.372,4.292,1.007,0.566,0.494,3.818,1.618,0.475,0.226,0.194,10.712,4.93,2.258,0.649,0.397,5.262,1.276,0.504,0.257,0.182,13.907,5.75,1.34,1.075,0.669,14.576,5.131,2.222,0.907,0.737,14.989,3.627,2.09,0.884,0.686
1761327555,2025-10-24,neutral,10.07,1.596,1.514,0.654,0.407,6.58,3.081,0.838,0.652,0.339,6.732,1.53,0.913,0.493,0.311,12.619,4.662,2.214,0.843,0.523,1785.608,182.753,60.224,21.009,2.296,461.997,47.239,16.173,5.458,0.56,8.634,2.713,0.703,0.651,0.306,7.772,3.886,1.053,0.535,0.433,3.504,1.372,0.449,0.247,0.157,9.974,4.425,2.207,0.633,0.371,5.299,1.225,0.428,0.273,0.163,11.86,5.159,1.305,1.001,0.577,13.241,4.822,2.101,0.912,0.668,12.464,3.413,2.105,0.84,0.599
1761327555,2025-10-24,right,8.06,1.486,1.384,0.644,0.326,5.704,2.863,0.934,0.621,0.291,5.781,1.315,0.901,0.506,0.272,10.897,4.245,2.202,0.883,0.439,1164.168,122.658,33.777,10.112,1.229,301.644,31.522,9.364,2.714,0.312,6.88,2.711,0.92,0.641,0.272,6.892,3.448,1.19,0.536,0.386,3.378,1.151,0.469,0.285,0.133,10.105,3.81,2.244,0.67,0.358,5.416,1.216,0.396,0.299,0.15,10.677,4.57,1.485,0.98,0.487,12.799,4.534,2.173,0.967,0.604,11.078,3.28,2.258,0.826,0.515
1761327555,2025-10-24,right,7.184,1.398,1.39,0.622,0.277,5.582,2.701,1.1,0.595,0.26,5.794,1.139,0.97,0.508,0.25,10.59,3.852,2.243,0.912,0.384,630.135,70.241,16.599,4.083,0.598,163.646,17.959,4.779,1.189,0.165,6.411,2.753,1.132,0.634,0.248,7.171,3.019,1.408,0.545,0.36,3.405,0.97,0.542,0.319,0.124,11.271,3.223,2.344,0.717,0.35,5.549,1.217,0.423,0.317,0.143,11.076,4.042,1.817,0.988,0.415,13.254,4.301,2.456,1.025,0.556,11.121,3.227,2.574,0.819,0.452
1761327555,2025-10-24,right,6.932,1.334,1.511,0.587,0.26,5.674,2.615,1.283,0.565,0.241,6.233,1.014,1.09,0.493,0.242,10.818,3.544,2.315,0.908,0.363,271.904,34.12,7.918,1.738,0.327,70.762,8.732,2.315,0.582,0.104,6.355,2.815,1.281,0.62,0.233,7.878,2.653,1.659,0.55,0.353,3.34,0.825,0.647,0.335,0.127,12.53,2.784,2.44,0.744,0.341,5.304,1.174,0.494,0.316,0.141,12.028,3.614,2.174,1.005,0.37,13.485,4.139,2.845,1.055,0.523,11.693,3.244,2.974,0.812,0.413
1761327555,2025-10-24,right,6.979,1.29,1.669,0.549,0.262,5.753,2.556,1.423,0.534,0.228,6.747,0.942,1.205,0.465,0.238,11.194,3.306,2.365,0.879,0.364,90.612,14.716,4.242,1.058,0.238,23.6,3.865,1.163,0.377,0.088,6.322,2.851,1.326,0.597,0.224,8.462,2.397,1.889,0.555,0.35,3.113,0.706,0.748,0.33,0.136,13.288,2.555,2.487,0.753,0.328,4.662,1.07,0.576,0.295,0.138,12.792,3.309,2.442,1.022,0.344,13.095,3.998,3.202,1.059,0.499,12.19,3.273,3.325,0.821,0.393
1761327555,2025-10-24,right,7.161,1.32,1.754,0.523,0.267,5.747,2.458,1.485,0.509,0.214,7.113,0.929,1.255,0.44,0.232,11.52,3.1,2.355,0.857,0.374,25.604,6.61,2.743,0.822,0.21,6.657,1.927,0.632,0.275,0.087,6.161,2.809,1.279,0.569,0.213,8.826,2.265,2.05,0.572,0.339,2.788,0.623,0.8,0.315,0.141,13.619,2.544,2.439,0.763,0.318,3.852,0.949,0.619,0.259,0.134,13.257,3.174,2.527,1.04,0.331,12.443,3.851,3.371,1.063,0.478,12.535,3.339,3.484,0.874,0.383
1761327555,2025-10-24,right,6.835,1.565,1.698,0.529,0.266,5.48,2.368,1.464,0.498,0.2,7.134,1.039,1.208,0.433,0.222,11.28,3.007,2.277,0.887,0.382,7.23,3.93,2.198,0.811,0.206,1.722,1.312,0.402,0.226,0.09,5.799,2.744,1.19,0.552,0.197,8.789,2.325,2.149,0.619,0.312,2.461,0.625,0.782,0.307,0.141,13.16,2.805,2.302,0.797,0.318,3.05,0.891,0.597,0.224,0.128,13.211,3.367,2.396,1.07,0.324,11.647,3.821,3.262,1.102,0.461,12.612,3.669,3.372,1,0.378
1761327555,2025-10-24,right,7.139,2.146,1.549,0.583,0.262,5.746,2.415,1.414,0.514,0.19,7.46,1.379,1.113,0.461,0.216,11.639,3.198,2.206,1.01,0.393,7.904,3.448,2.031,0.897,0.214,1.826,1.262,0.317,0.202,0.092,6.02,2.742,1.152,0.565,0.182,9.209,2.606,2.249,0.705,0.278,2.472,0.765,0.721,0.32,0.138,12.895,3.399,2.151,0.87,0.334,2.717,0.982,0.534,0.205,0.124,13.885,4.011,2.164,1.128,0.327,11.951,4.05,2.949,1.203,0.462,13.341,4.521,3.092,1.213,0.381
1761327556,2025-10-24,right,7.228,3.111,1.416,0.698,0.266,6.075,2.728,1.384,0.573,0.193,7.674,2.041,1.047,0.535,0.226,11.767,3.821,2.207,1.247,0.418,8.367,3.3,1.969,1.069,0.237,1.776,1.362,0.297,0.204,0.09,6.224,2.867,1.236,0.625,0.181,9.549,3.076,2.417,0.838,0.257,2.595,1.064,0.672,0.358,0.137,12.087,4.266,2.057,0.98,0.365,2.663,1.265,0.476,0.217,0.128,14.498,5.133,2.006,1.237,0.353,12.249,4.621,2.57,1.378,0.503,13.819,6.028,2.818,1.499,0.405
1761327556,2025-10-24,right,7.612,4.502,1.396,0.882,0.285,6.638,3.443,1.395,0.696,0.211,7.963,3.124,1.081,0.661,0.257,11.921,5.044,2.297,1.59,0.469,8.811,3.703,2.013,1.327,0.28,2.131,1.66,0.361,0.239,0.088,6.678,3.249,1.47,0.741,0.2,9.966,3.818,2.693,1.012,0.265,2.871,1.537,0.694,0.414,0.141,11.085,5.413,2.082,1.122,0.406,2.879,1.732,0.477,0.268,0.141,15.112,6.863,2.066,1.424,0.407,12.588,5.72,2.272,1.61,0.588,13.987,8.308,2.696,1.833,0.452
1761327556,2025-10-24,right,7.568,6.354,1.535,1.13,0.318,6.762,4.694,1.462,0.897,0.241,7.876,4.703,1.248,0.84,0.303,11.369,7.08,2.501,2.002,0.548,9.115,4.963,2.182,1.655,0.344,2.413,2.221,0.489,0.306,0.087,6.68,4.125,1.835,0.914,0.244,9.864,5.016,3.053,1.222,0.308,3.037,2.197,0.813,0.475,0.152,9.47,6.964,2.234,1.289,0.448,3.081,2.337,0.561,0.355,0.158,14.969,9.374,2.406,1.711,0.481,11.871,7.62,2.189,1.887,0.704,13.232,11.425,2.821,2.195,0.521
1761327556,2025-10-24,right,7.405,8.584,1.827,1.414,0.357,6.572,6.509,1.604,1.163,0.277,7.564,6.714,1.542,1.056,0.354,10.33,10,2.856,2.422,0.644,8.195,7.22,2.492,2.014,0.422,2.531,3.042,0.663,0.401,0.09,6.317,5.668,2.292,1.124,0.305,9.342,6.754,3.414,1.447,0.373,3.06,3.01,1.005,0.534,0.165,7.768,8.968,2.469,1.474,0.485,3.204,2.998,0.719,0.466,0.174,14.24,12.65,2.985,2.079,0.557,10.455,10.403,2.385,2.181,0.822,11.934,15.195,3.2,2.554,0.601
1761327556,2025-10-24,right,6.842,10.918,2.199,1.691,0.39,5.851,8.667,1.828,1.457,0.313,6.88,8.889,1.908,1.281,0.394,8.676,13.508,3.377,2.784,0.734,7.115,10.22,2.978,2.353,0.499,2.557,4.003,0.857,0.508,0.098,5.489,7.794,2.753,1.332,0.368,8.325,8.856,3.662,1.659,0.441,2.925,3.862,1.204,0.586,0.174,6.134,11.278,2.695,1.654,0.511,3.168,3.605,0.896,0.582,0.185,12.834,16.304,3.674,2.474,0.615,8.403,13.762,2.814,2.458,0.909,10.239,19.078,3.752,2.879,0.676
1761327556,2025-10-24,right,6.191,12.931,2.561,1.911,0.408,4.951,10.723,2.126,1.725,0.34,6.161,10.817,2.266,1.478,0.413,6.988,16.93,4.021,3.03,0.791,6.021,13.347,3.576,2.616,0.558,2.44,4.881,1.04,0.609,0.108,4.53,10.105,3.122,1.5,0.417,7.242,10.889,3.719,1.83,0.49,2.696,4.583,1.344,0.635,0.175,5.073,13.518,2.834,1.803,0.525,2.989,4.048,1.033,0.676,0.188,11.427,19.644,4.324,2.818,0.641,6.533,16.988,3.358,2.683,0.943,8.772,22.302,4.347,3.137,0.732
1761327556,2025-10-24,right,5.69,14.178,2.813,2.025,0.403,4.097,12.159,2.441,1.912,0.355,5.767,12.071,2.534,1.609,0.405,5.795,19.45,4.666,3.121,0.795,5.143,15.806,4.199,2.748,0.591,2.233,5.441,1.189,0.683,0.118,4.001,12.05,3.32,1.592,0.442,6.666,12.34,3.585,1.927,0.507,2.697,5.006,1.386,0.683,0.168,4.921,15.155,2.849,1.891,0.528,2.854,4.25,1.087,0.73,0.184,10.844,21.893,4.789,3.036,0.631,5.533,19.229,3.853,2.818,0.916,8.081,24.094,4.823,3.288,0.755
1761327556,2025-10-24,right,5.626,14.359,2.924,2.003,0.377,3.645,12.569,2.709,1.972,0.354,5.943,12.361,2.667,1.643,0.376,5.502,20.389,5.17,3.037,0.743,5.063,16.934,4.667,2.711,0.595,2.057,5.523,1.275,0.712,0.125,4.087,13.102,3.324,1.583,0.441,6.885,12.794,3.325,1.923,0.491,2.934,5.034,1.341,0.723,0.157,5.682,15.655,2.766,1.891,0.525,2.869,4.172,1.05,0.729,0.174,11.512,22.471,4.996,3.073,0.595,5.676,19.815,4.179,2.825,0.84,8.315,23.965,5.071,3.286,0.741
1761327557,2025-10-24,right,6.281,13.358,2.884,1.847,0.335,3.835,11.791,2.847,1.893,0.338,6.895,11.558,2.632,1.573,0.333,6.448,19.401,5.38,2.801,0.645,5.271,16.356,4.826,2.505,0.572,1.886,5.094,1.282,0.689,0.127,5.139,12.923,3.141,1.474,0.42,8.252,12.046,3.008,1.811,0.452,3.769,4.663,1.239,0.741,0.147,7.387,14.725,2.639,1.797,0.519,3.186,3.814,0.937,0.677,0.162,13.85,21.106,4.917,2.92,0.544,7.338,18.487,4.248,2.686,0.735,9.714,21.795,5.011,3.108,0.694
1761327557,2025-10-24,neutral,7.481,11.408,2.711,1.598,0.285,4.597,10.077,2.805,1.697,0.31,8.197,9.867,2.438,1.414,0.285,8.311,16.819,5.23,2.465,0.523,5.964,14.28,4.598,2.172,0.53,1.841,4.282,1.205,0.624,0.125,6.793,11.597,2.836,1.293,0.388,10.336,10.323,2.693,1.607,0.403,4.944,4.028,1.113,0.72,0.14,9.373,12.547,2.52,1.632,0.51,3.703,3.248,0.785,0.589,0.147,17.118,18.153,4.582,2.617,0.491,9.997,15.656,4.043,2.416,0.621,11.887,18.141,4.637,2.774,0.624
1761327557,2025-10-24,neutral,9.043,9.037,2.465,1.302,0.236,5.826,7.981,2.602,1.427,0.275,9.579,7.757,2.143,1.197,0.242,10.756,13.49,4.789,2.083,0.402,7.359,11.398,4.046,1.774,0.477,2.062,3.335,1.062,0.534,0.121,8.786,9.58,2.503,1.076,0.354,12.737,8.191,2.4,1.345,0.354,6.362,3.338,0.991,0.655,0.136,11.215,9.761,2.438,1.431,0.495,4.314,2.614,0.632,0.484,0.13,20.619,14.48,4.075,2.221,0.441,13.245,12.226,3.633,2.053,0.512,14.641,14.022,4.047,2.331,0.543
1761327557,2025-10-24,neutral,10.526,6.807,2.201,1.012,0.193,7.226,6.072,2.296,1.142,0.242,10.591,5.744,1.822,0.964,0.209,13.248,10.335,4.195,1.709,0.308,9.225,8.495,3.361,1.383,0.423,2.458,2.486,0.887,0.442,0.119,10.571,7.466,2.209,0.863,0.324,14.747,6.263,2.119,1.076,0.312,7.539,2.781,0.88,0.561,0.134,12.506,7.188,2.378,1.244,0.474,4.748,2.064,0.502,0.383,0.115,23.416,11.032,3.499,1.802,0.396,16.213,9.152,3.135,1.662,0.414,17.356,10.433,3.401,1.856,0.463
1761327557,2025-10-24,neutral,11.553,5.162,1.976,0.771,0.162,8.535,4.781,1.975,0.896,0.221,11.078,4.245,1.549,0.757,0.191,15.203,8.099,3.579,1.392,0.259,11.359,6.276,2.704,1.063,0.379,2.942,1.896,0.71,0.368,0.122,11.679,5.8,1.977,0.693,0.301,15.772,4.977,1.856,0.86,0.283,8.15,2.456,0.78,0.481,0.135,12.719,5.467,2.304,1.115,0.449,4.859,1.705,0.412,0.302,0.102,24.699,8.574,2.978,1.427,0.361,18.127,7.123,2.675,1.327,0.335,19.361,8.06,2.857,1.438,0.394
1761327557,2025-10-24,right,12.013,4.275,1.867,0.61,0.149,9.579,4.249,1.767,0.729,0.219,11.072,3.436,1.397,0.61,0.189,16.524,7.055,3.103,1.17,0.261,13.455,5.048,2.267,0.861,0.357,3.434,1.583,0.585,0.324,0.132,12.006,4.888,1.851,0.592,0.284,15.669,4.43,1.682,0.748,0.27,7.937,2.351,0.709,0.457,0.14,11.961,4.756,2.245,1.06,0.419,4.572,1.56,0.38,0.25,0.093,24.503,7.4,2.673,1.154,0.344,18.652,6.305,2.408,1.12,0.287,20.319,7.012,2.572,1.145,0.348
1761327557,2025-10-24,right,12.297,4.071,1.908,0.542,0.157,10.523,4.358,1.747,0.659,0.241,10.89,3.239,1.394,0.54,0.203,17.314,7.028,2.831,1.053,0.312,14.329,4.771,2.047,0.794,0.365,3.526,1.485,0.518,0.313,0.145,11.62,4.725,1.836,0.572,0.276,14.748,4.433,1.652,0.757,0.278,7.168,2.385,0.685,0.512,0.154,10.393,4.809,2.246,1.072,0.388,4.232,1.567,0.417,0.232,0.092,23.348,7.345,2.672,1.019,0.355,18.344,6.454,2.408,1.083,0.284,20.834,6.999,2.586,1.012,0.335
1761327557,2025-10-24,right,13.536,4.33,2.042,0.553,0.185,11.866,4.826,1.878,0.674,0.285,10.989,3.432,1.473,0.54,0.23,18.347,7.558,2.688,1.025,0.397,14.954,5.11,1.959,0.839,0.403,3.702,1.501,0.5,0.326,0.159,11.158,5.054,1.881,0.62,0.278,13.663,4.668,1.743,0.864,0.307,6.184,2.462,0.703,0.625,0.176,8.844,5.19,2.313,1.12,0.363,4.113,1.632,0.507,0.247,0.099,22.486,7.959,2.89,1.018,0.401,18.744,7.12,2.597,1.201,0.332,23.05,7.555,2.773,1.025,0.361
1761327558,2025-10-24,right,16.065,4.778,2.141,0.61,0.226,13.588,5.338,2.038,0.732,0.341,11.412,3.75,1.525,0.581,0.264,19.47,8.149,2.528,1.046,0.49,13.594,5.643,1.821,0.937,0.459,3.242,1.543,0.485,0.346,0.169,10.345,5.515,1.885,0.702,0.286,12.691,4.863,1.864,1.004,0.347,5.287,2.505,0.728,0.746,0.204,7.796,5.54,2.391,1.161,0.349,4.474,1.669,0.608,0.286,0.114,22.012,8.708,3.116,1.103,0.473,20.575,7.873,2.789,1.4,0.424,27.905,8.27,2.9,1.122,0.42
1761327558,2025-10-24,right,20.012,5.188,2.109,0.67,0.271,15.677,5.639,2.122,0.779,0.394,12.115,3.987,1.475,0.626,0.296,20.841,8.445,2.28,1.069,0.566,12.693,6.032,1.578,1.023,0.514,3.192,1.559,0.449,0.357,0.172,9.965,5.811,1.806,0.778,0.296,12.275,4.888,1.932,1.107,0.386,4.711,2.485,0.726,0.82,0.232,7.674,5.754,2.426,1.152,0.349,5.197,1.649,0.68,0.334,0.136,22.227,9.174,3.167,1.199,0.553,24.213,8.412,2.826,1.578,0.544,36.011,8.887,2.823,1.229,0.499
1761327558,2025-10-24,right,24.447,5.494,1.945,0.698,0.311,17.615,5.638,2.094,0.781,0.432,12.694,4.098,1.334,0.65,0.318,21.981,8.371,1.992,1.065,0.604,11.516,6.153,1.306,1.05,0.548,2.944,1.55,0.403,0.351,0.167,9.392,5.81,1.658,0.823,0.305,12.194,4.82,1.927,1.132,0.412,4.437,2.435,0.683,0.812,0.252,8.437,5.94,2.373,1.071,0.361,6.177,1.641,0.707,0.375,0.159,22.401,9.282,3.006,1.248,0.622,28.707,8.697,2.666,1.655,0.667,45.855,9.431,2.57,1.288,0.581
1761327558,2025-10-24,right,27.846,5.722,1.68,0.685,0.339,18.663,5.374,1.948,0.738,0.448,12.606,4.148,1.135,0.653,0.326,22.166,8.045,1.714,1.031,0.598,10.778,6.076,1.096,1.008,0.553,3.016,1.566,0.356,0.328,0.157,9.045,5.538,1.466,0.838,0.311,12.099,4.84,1.865,1.087,0.42,4.268,2.412,0.603,0.726,0.26,9.588,6.295,2.218,0.943,0.381,6.783,1.739,0.693,0.402,0.179,21.789,9.206,2.69,1.24,0.664,32.356,8.842,2.324,1.605,0.768,54.362,9.978,2.221,1.287,0.651
1761327558,2025-10-24,right,29.403,5.901,1.379,0.647,0.355,18.686,4.963,1.722,0.678,0.441,11.936,4.216,0.935,0.655,0.321,21.653,7.647,1.499,0.988,0.559,11.739,5.941,1.017,0.917,0.53,3.401,1.634,0.334,0.298,0.146,8.791,5.12,1.276,0.838,0.318,12.088,5.063,1.801,1.017,0.416,4.209,2.445,0.509,0.599,0.253,10.816,6.872,2.006,0.819,0.401,6.989,1.975,0.661,0.417,0.191,20.662,9.152,2.355,1.21,0.675,34.345,8.968,1.885,1.466,0.829,59.44,10.49,1.885,1.259,0.7
1761327558,2025-10-24,right,28.254,6.081,1.115,0.611,0.364,17.403,4.584,1.482,0.644,0.426,10.757,4.385,0.792,0.684,0.312,20.369,7.418,1.387,0.972,0.512,12.284,5.889,1.105,0.827,0.499,3.877,1.768,0.36,0.273,0.14,8.99,4.748,1.143,0.848,0.333,12.139,5.501,1.796,0.98,0.411,4.149,2.552,0.437,0.483,0.236,11.531,7.543,1.831,0.759,0.418,6.561,2.317,0.642,0.432,0.194,19.272,9.317,2.132,1.22,0.667,33.633,9.213,1.489,1.321,0.847,58.76,10.92,1.658,1.258,0.728
1761327558,2025-10-24,right,24.714,6.265,0.93,0.604,0.376,15.108,4.37,1.281,0.663,0.416,9.348,4.648,0.735,0.754,0.308,18.578,7.512,1.375,1.011,0.488,13.641,5.964,1.312,0.783,0.481,4.574,1.946,0.437,0.263,0.143,9.356,4.546,1.099,0.883,0.361,12.15,6.023,1.854,1.013,0.417,4.076,2.707,0.403,0.415,0.22,11.388,8.06,1.76,0.804,0.434,5.764,2.658,0.645,0.458,0.191,17.863,9.725,2.08,1.313,0.664,30.321,9.601,1.232,1.258,0.835,52.374,11.169,1.571,1.331,0.746
1761327558,2025-10-24,right,19.952,6.383,0.828,0.635,0.398,12.584,4.354,1.139,0.73,0.424,8.105,4.898,0.754,0.854,0.318,16.862,7.907,1.438,1.106,0.506,14.225,6.068,1.562,0.809,0.49,5.243,2.108,0.546,0.272,0.153,9.854,4.53,1.146,0.943,0.4,12.13,6.423,1.935,1.112,0.436,4.023,2.856,0.401,0.404,0.212,10.513,8.168,1.809,0.944,0.45,4.781,2.872,0.662,0.493,0.187,16.769,10.179,2.157,1.487,0.682,25.617,10.065,1.15,1.321,0.814,42.408,11.148,1.601,1.481,0.765
1761327559,2025-10-24,right,15.067,6.321,0.801,0.699,0.431,10.316,4.458,1.061,0.821,0.45,7.153,4.959,0.812,0.959,0.346,15.383,8.364,1.562,1.236,0.565,15.094,6.064,1.808,0.895,0.526,5.957,2.194,0.66,0.295,0.169,10.267,4.566,1.26,1.015,0.443,11.966,6.5,1.997,1.233,0.461,3.926,2.917,0.41,0.432,0.214,9.65,7.768,1.934,1.123,0.467,3.983,2.868,0.67,0.528,0.187,15.777,10.324,2.263,1.692,0.728,20.527,10.409,1.228,1.491,0.8,31.438,10.784,1.699,1.674,0.791
1761327559,2025-10-24,right,11.471,5.94,0.87,0.783,0.469,8.999,4.509,1.091,0.913,0.484,6.777,4.669,0.911,1.045,0.384,14.624,8.525,1.787,1.366,0.643,15.755,5.849,2.074,1.012,0.574,6.578,2.169,0.768,0.323,0.183,10.782,4.469,1.437,1.084,0.477,11.819,6.125,2.086,1.325,0.484,3.852,2.8,0.438,0.469,0.227,10.035,6.878,2.148,1.271,0.484,3.52,2.608,0.677,0.547,0.197,15.094,9.788,2.399,1.87,0.789,16.743,10.351,1.506,1.714,0.802,22.593,9.948,1.886,1.863,0.821
1761327559,2025-10-24,right,10.097,5.235,1.074,0.878,0.501,9.055,4.403,1.289,0.998,0.511,7.309,4.034,1.092,1.105,0.418,15.243,8.21,2.174,1.471,0.711,18.273,5.455,2.418,1.122,0.613,7.386,2.046,0.872,0.347,0.19,11.985,4.184,1.693,1.136,0.49,12.257,5.368,2.311,1.367,0.498,4.035,2.49,0.512,0.496,0.244,12.627,5.678,2.527,1.351,0.498,3.64,2.148,0.719,0.546,0.214,15.462,8.527,2.665,1.994,0.839,15.595,9.784,2.073,1.935,0.814,18.251,8.682,2.241,2.018,0.844
1761327559,2025-10-24,right,10.761,4.4,1.438,0.978,0.514,10.352,4.193,1.695,1.08,0.515,8.72,3.271,1.393,1.146,0.432,17.305,7.555,2.762,1.53,0.741,20.628,5.127,2.904,1.199,0.624,8.1,1.906,0.99,0.362,0.187,14.339,3.879,2.032,1.167,0.477,13.536,4.511,2.729,1.363,0.499,4.546,2.081,0.658,0.51,0.26,17.455,4.492,3.112,1.359,0.508,4.223,1.633,0.831,0.529,0.233,17.103,6.937,3.163,2.068,0.858,17.115,8.893,2.97,2.114,0.826,18.199,7.301,2.827,2.124,0.848
1761327559,2025-10-24,right,12.746,3.662,1.93,1.067,0.504,12.439,3.96,2.262,1.154,0.494,10.768,2.632,1.802,1.166,0.421,20.552,6.767,3.484,1.53,0.725,25.083,5.014,3.497,1.224,0.603,8.84,1.808,1.129,0.367,0.177,18.758,3.677,2.434,1.163,0.44,15.584,3.824,3.281,1.324,0.493,5.384,1.696,0.858,0.51,0.269,23.668,3.623,3.833,1.306,0.511,5.093,1.216,1.011,0.503,0.248,20.011,5.531,3.886,2.091,0.837,20.661,7.94,4.09,2.212,0.828,21.175,6.151,3.608,2.171,0.828
1761327559,2025-10-24,right,14.883,3.172,2.438,1.122,0.475,14.551,3.736,2.839,1.209,0.452,12.834,2.286,2.234,1.158,0.386,24.121,6.028,4.159,1.466,0.668,29.921,5.141,4.109,1.186,0.557,9.661,1.779,1.284,0.358,0.162,25.672,3.663,2.844,1.111,0.39,17.728,3.453,3.804,1.254,0.485,6.323,1.441,1.062,0.494,0.268,29.526,3.233,4.529,1.212,0.503,5.893,0.994,1.207,0.468,0.253,23.375,4.704,4.669,2.052,0.787,24.813,7.172,5.168,2.197,0.814,24.843,5.477,4.417,2.15,0.781
1761327559,2025-10-24,right,16.557,2.944,2.814,1.127,0.435,16.23,3.507,3.234,1.225,0.401,14.373,2.243,2.559,1.11,0.338,27.22,5.422,4.58,1.348,0.59,34.052,5.274,4.51,1.092,0.498,9.825,1.751,1.404,0.334,0.147,35.15,3.809,3.182,1.001,0.338,19.098,3.39,4.119,1.152,0.481,7.091,1.371,1.22,0.463,0.256,33.519,3.34,5.017,1.092,0.486,6.344,0.991,1.345,0.426,0.246,26.281,4.563,5.277,1.939,0.724,28.6,6.71,5.903,2.054,0.783,28.036,5.335,5.023,2.057,0.714
1761327559,2025-10-24,right,17.371,2.951,2.977,1.077,0.393,17.123,3.284,3.347,1.19,0.353,14.98,2.412,2.691,1.016,0.29,29.092,4.986,4.652,1.203,0.509,37.685,5.261,4.636,0.96,0.439,10.25,1.689,1.473,0.297,0.135,45.301,4.016,3.383,0.844,0.293,19.01,3.549,4.156,1.02,0.477,7.413,1.486,1.318,0.423,0.235,34.919,3.891,5.22,0.968,0.462,6.322,1.181,1.377,0.377,0.231,27.776,5.002,5.549,1.753,0.666,31.224,6.626,6.145,1.801,0.739,29.917,5.707,5.307,1.891,0.635
1761327560,2025-10-24,right,16.905,3.114,2.913,0.996,0.357,16.863,3.096,3.159,1.111,0.312,14.422,2.681,2.602,0.896,0.255,29.057,4.745,4.378,1.072,0.442,35.131,4.994,4.33,0.819,0.385,8.853,1.546,1.421,0.254,0.124,53.369,4.169,3.382,0.68,0.26,17.279,3.877,3.982,0.882,0.474,7.149,1.759,1.365,0.389,0.209,33.392,4.825,5.191,0.871,0.442,5.787,1.507,1.303,0.325,0.215,27.166,5.787,5.442,1.537,0.622,31.639,6.889,5.907,1.511,0.692,29.525,6.421,5.247,1.688,0.556
1761327560,2025-10-24,right,15.2,3.361,2.697,0.93,0.331,15.409,3.008,2.768,1.016,0.28,12.805,3,2.355,0.787,0.24,26.951,4.742,3.89,1.005,0.398,31.282,4.685,3.709,0.709,0.342,7.838,1.387,1.271,0.216,0.116,56.867,4.246,3.198,0.562,0.241,14.289,4.383,3.765,0.791,0.472,6.353,2.144,1.391,0.383,0.189,29.424,6.039,5.088,0.851,0.437,4.857,1.907,1.169,0.288,0.206,24.447,6.719,5.079,1.371,0.6,29.455,7.375,5.378,1.304,0.655,26.801,7.23,4.947,1.511,0.497
1761327560,2025-10-24,right,12.688,3.653,2.466,0.919,0.316,13.074,3.104,2.345,0.936,0.257,10.537,3.374,2.078,0.719,0.244,23.135,5.027,3.406,1.026,0.376,29.542,4.85,3.026,0.663,0.312,7.313,1.336,1.071,0.194,0.111,53.548,4.296,2.896,0.527,0.238,10.795,5.094,3.685,0.785,0.475,5.3,2.587,1.42,0.422,0.179,23.947,7.396,5.125,0.934,0.451,3.724,2.309,1.039,0.278,0.213,20.222,7.697,4.706,1.317,0.598,25.165,7.955,4.829,1.274,0.64,22.441,7.935,4.604,1.412,0.472
1761327560,2025-10-24,right,10.021,3.916,2.306,0.969,0.308,10.479,3.361,2.006,0.888,0.239,8.214,3.772,1.865,0.694,0.261,18.525,5.521,3.051,1.116,0.37,31.853,5.993,2.455,0.687,0.296,8.117,1.538,0.881,0.196,0.111,45.006,4.364,2.556,0.567,0.246,7.717,5.91,3.75,0.865,0.483,4.463,2.996,1.439,0.498,0.18,18.165,8.701,5.319,1.101,0.479,2.59,2.629,0.951,0.298,0.234,15.675,8.577,4.449,1.373,0.607,19.821,8.423,4.397,1.43,0.648,17.632,8.336,4.342,1.398,0.481
1761327560,2025-10-24,neutral,8.148,4.085,2.246,1.048,0.306,8.468,3.693,1.798,0.864,0.228,6.602,4.13,1.764,0.692,0.284,14.562,6.077,2.864,1.222,0.374,40.55,8.291,2.113,0.759,0.297,10.368,2.049,0.736,0.219,0.118,33.314,4.443,2.241,0.642,0.263,5.868,6.649,3.852,0.985,0.491,4.268,3.29,1.422,0.584,0.191,13.921,9.759,5.503,1.288,0.512,1.773,2.799,0.901,0.335,0.265,12.244,9.216,4.312,1.48,0.62,15.307,8.603,4.095,1.689,0.677,14.033,8.327,4.198,1.428,0.514
1761327560,2025-10-24,neutral,6.897,4.108,2.232,1.112,0.308,7.026,3.965,1.674,0.843,0.227,5.607,4.355,1.754,0.688,0.31,11.367,6.503,2.762,1.29,0.385,55.951,11.348,2.014,0.849,0.317,14.519,2.779,0.654,0.256,0.129,21.896,4.471,1.993,0.707,0.283,4.939,7.077,3.825,1.087,0.497,4.689,3.401,1.33,0.643,0.204,11.283,10.397,5.431,1.421,0.541,1.179,2.778,0.843,0.371,0.295,9.865,9.449,4.175,1.558,0.634,11.82,8.387,3.797,1.925,0.719,11.637,7.907,4.081,1.45,0.561
1761327560,2025-10-24,neutral,6.3,3.942,2.2,1.124,0.313,6.221,4.03,1.575,0.805,0.234,5.202,4.322,1.779,0.664,0.334,9.285,6.581,2.667,1.281,0.393,74.165,14.253,2.077,0.925,0.35,19.295,3.498,0.619,0.292,0.142,12.883,4.356,1.832,0.724,0.299,4.649,6.99,3.591,1.121,0.492,5.594,3.28,1.167,0.644,0.214,10.291,10.515,5.011,1.437,0.553,0.879,2.565,0.748,0.386,0.315,8.555,9.116,3.929,1.547,0.646,9.744,7.734,3.428,2.018,0.759,10.474,7.125,3.903,1.419,0.603
1761327560,2025-10-24,neutral,5.946,3.567,2.1,1.071,0.318,5.71,3.812,1.458,0.74,0.244,5.03,3.95,1.774,0.616,0.351,7.974,6.177,2.513,1.189,0.393,90.65,16.021,2.192,0.963,0.384,23.707,3.957,0.617,0.314,0.151,7.652,4.031,1.744,0.686,0.302,4.572,6.32,3.191,1.069,0.472,6.632,2.934,0.971,0.58,0.218,10.087,10.046,4.329,1.326,0.543,0.754,2.195,0.612,0.371,0.321,7.873,8.142,3.533,1.436,0.649,8.63,6.687,2.993,1.915,0.779,9.931,6.058,3.607,1.316,0.627
1761327561,2025-10-24,neutral,5.455,3.016,1.929,0.96,0.321,5.098,3.315,1.316,0.65,0.25,4.758,3.26,1.712,0.556,0.356,6.945,5.28,2.288,1.032,0.38,98.764,15.881,2.206,0.944,0.403,25.961,3.952,0.603,0.31,0.154,5.287,3.472,1.681,0.606,0.291,4.357,5.172,2.761,0.949,0.435,7.389,2.424,0.801,0.468,0.218,9.794,9.035,3.602,1.137,0.513,0.765,1.74,0.471,0.334,0.31,7.311,6.614,3.055,1.254,0.64,7.793,5.406,2.605,1.649,0.77,9.296,4.822,3.217,1.154,0.624
1761327561,2025-10-24,neutral,4.646,2.405,1.721,0.815,0.321,4.151,2.661,1.167,0.547,0.248,4.273,2.397,1.598,0.493,0.347,5.864,4.086,2.043,0.842,0.356,96.182,13.776,2.054,0.871,0.398,25.481,3.459,0.564,0.281,0.149,4.358,2.755,1.599,0.51,0.265,3.893,3.804,2.423,0.803,0.385,7.572,1.853,0.695,0.338,0.216,9.083,7.646,3.029,0.943,0.471,0.786,1.292,0.363,0.286,0.286,6.693,4.82,2.594,1.05,0.619,6.795,4.164,2.371,1.306,0.735,8.203,3.616,2.809,0.964,0.599
1761327561,2025-10-24,neutral,3.772,1.962,1.501,0.663,0.32,3.088,2.095,1.023,0.452,0.237,3.802,1.632,1.449,0.439,0.329,4.899,3.011,1.823,0.657,0.33,82.265,10.369,1.748,0.773,0.371,21.938,2.642,0.493,0.236,0.14,3.746,2.069,1.463,0.423,0.234,3.463,2.592,2.193,0.672,0.334,7.209,1.369,0.654,0.229,0.217,8.383,6.119,2.675,0.81,0.423,0.819,0.948,0.309,0.242,0.254,6.299,3.269,2.2,0.872,0.591,5.94,3.342,2.29,0.991,0.688,7.029,2.803,2.426,0.782,0.566
1761327561,2025-10-24,neutral,3.642,2.032,1.332,0.538,0.323,2.653,1.968,0.928,0.39,0.222,3.751,1.299,1.318,0.408,0.309,4.657,2.601,1.705,0.521,0.314,61.798,6.983,1.431,0.695,0.334,16.79,1.835,0.426,0.193,0.129,3.402,1.735,1.311,0.37,0.211,3.594,1.973,2.06,0.586,0.298,6.559,1.133,0.664,0.169,0.224,8.615,4.814,2.57,0.781,0.38,0.988,0.805,0.323,0.215,0.22,6.632,2.614,1.955,0.756,0.568,6.256,3.416,2.347,0.792,0.651,7.226,2.964,2.158,0.661,0.545
1761327561,2025-10-24,neutral,5.028,2.839,1.258,0.457,0.332,3.49,2.499,0.925,0.374,0.21,4.308,1.594,1.251,0.405,0.297,5.499,3.18,1.745,0.457,0.317,41.45,4.783,1.284,0.668,0.305,11.389,1.338,0.4,0.168,0.121,3.765,1.963,1.218,0.36,0.207,4.572,2.215,1.996,0.552,0.288,5.871,1.232,0.708,0.164,0.238,10.294,4.012,2.73,0.845,0.356,1.325,0.904,0.403,0.209,0.192,7.931,3.268,1.924,0.712,0.558,8.509,4.654,2.492,0.732,0.643,10.292,4.5,2.064,0.629,0.55
1761327561,2025-10-24,right,8.055,4.297,1.285,0.425,0.347,5.636,3.626,1.021,0.397,0.205,5.271,2.445,1.259,0.425,0.297,7.144,4.634,1.936,0.468,0.342,23.818,4.238,1.394,0.695,0.292,6.797,1.273,0.43,0.164,0.115,4.755,2.776,1.23,0.389,0.226,6.097,3.262,1.966,0.562,0.306,5.207,1.621,0.773,0.2,0.253,12.932,3.797,3.122,0.964,0.358,1.787,1.202,0.531,0.221,0.174,9.746,5.118,2.106,0.731,0.56,12.354,6.889,2.667,0.79,0.666,16.518,7.291,2.14,0.691,0.582
1761327561,2025-10-24,right,11.921,5.995,1.379,0.435,0.362,8.464,4.984,1.182,0.438,0.209,6.51,3.526,1.316,0.461,0.308,9.277,6.432,2.199,0.534,0.378,13.714,4.955,1.71,0.758,0.295,4.056,1.531,0.5,0.178,0.11,6.523,3.947,1.355,0.447,0.258,8.041,4.72,1.948,0.602,0.339,4.737,2.142,0.852,0.255,0.263,15.723,4.01,3.661,1.09,0.386,2.28,1.578,0.671,0.245,0.168,12.017,7.517,2.429,0.788,0.564,16.675,9.481,2.813,0.912,0.71,24.244,10.568,2.323,0.823,0.628
1761327561,2025-10-24,right,16.157,7.58,1.506,0.48,0.374,11.547,6.199,1.35,0.478,0.218,7.83,4.541,1.383,0.502,0.321,11.535,8.023,2.434,0.628,0.41,10.496,6.055,2.065,0.827,0.304,3.185,1.874,0.567,0.2,0.105,8.45,5.168,1.558,0.519,0.288,9.542,6.13,1.955,0.663,0.371,4.461,2.626,0.942,0.31,0.263,16.817,4.427,4.228,1.196,0.429,2.762,1.929,0.785,0.276,0.171,14.064,9.796,2.799,0.869,0.556,20.857,11.856,2.923,1.059,0.754,32.427,13.606,2.545,0.991,0.667
1761327562,2025-10-24,right,19.76,8.73,1.631,0.543,0.376,14.386,6.928,1.466,0.499,0.231,9.294,5.244,1.432,0.539,0.323,13.737,8.934,2.559,0.717,0.425,14.537,6.619,2.279,0.878,0.305,4.189,2.047,0.598,0.221,0.097,10.814,6.094,1.781,0.586,0.299,10.501,7.075,2.007,0.735,0.384,4.066,2.934,1.044,0.349,0.248,17.067,4.814,4.686,1.266,0.466,3.181,2.18,0.845,0.309,0.177,16.246,11.379,3.141,0.95,0.525,24.352,13.432,3.024,1.187,0.773,39.593,15.67,2.759,1.15,0.676
1761327562,2025-10-24,right,23.794,9.393,1.712,0.604,0.365,17.806,7.067,1.481,0.501,0.246,11.485,5.588,1.438,0.562,0.307,16.874,9.041,2.517,0.773,0.418,23.235,6.255,2.265,0.906,0.291,6.335,1.943,0.581,0.236,0.089,13.387,6.488,1.928,0.634,0.283,11.333,7.326,2.07,0.794,0.367,4.266,3.004,1.154,0.364,0.22,15.962,5.072,4.86,1.292,0.48,3.698,2.301,0.836,0.339,0.179,19.48,12.06,3.359,1.001,0.466,29.679,13.962,3.123,1.256,0.75,47.375,16.475,2.894,1.252,0.644
1761327562,2025-10-24,right,29.084,9.767,1.754,0.641,0.346,22.263,6.751,1.402,0.493,0.261,14.328,5.687,1.416,0.566,0.273,20.867,8.581,2.343,0.792,0.391,37.458,5.183,2.102,0.932,0.266,9.919,1.621,0.54,0.25,0.082,16.056,6.342,1.951,0.659,0.244,11.924,6.974,2.129,0.829,0.326,4.571,2.857,1.264,0.359,0.183,14.941,5.201,4.691,1.27,0.466,4.413,2.332,0.769,0.361,0.172,23.677,12.043,3.46,1.015,0.389,37.531,13.58,3.25,1.258,0.688,57.292,16.203,2.952,1.276,0.576
1761327562,2025-10-24,right,33.693,10.295,1.781,0.649,0.33,25.91,6.304,1.26,0.501,0.277,16.402,5.854,1.386,0.559,0.232,23.852,8.103,2.101,0.789,0.361,54.145,3.842,1.926,0.985,0.247,14.071,1.208,0.51,0.269,0.08,17.439,5.906,1.837,0.673,0.198,12.116,6.4,2.155,0.845,0.282,4.995,2.645,1.366,0.351,0.149,13.226,5.344,4.213,1.217,0.435,4.885,2.348,0.669,0.372,0.157,26.761,11.918,3.453,1.007,0.317,45.109,12.786,3.406,1.213,0.612,65.573,15.486,2.929,1.235,0.499
1761327562,2025-10-24,right,39.087,11.367,1.828,0.631,0.33,29.641,6.061,1.116,0.542,0.299,18.154,6.415,1.377,0.551,0.204,26.473,8.163,1.875,0.796,0.348,69.478,2.771,1.852,1.082,0.257,17.922,0.862,0.517,0.298,0.086,17.831,5.6,1.653,0.692,0.168,12.316,6.11,2.179,0.852,0.259,5.458,2.572,1.457,0.355,0.128,12.307,5.629,3.562,1.154,0.41,5.458,2.435,0.567,0.372,0.142,29.535,12.355,3.39,1.008,0.282,52.989,12.154,3.604,1.163,0.562,74.184,15.063,2.856,1.164,0.451
1761327562,2025-10-24,right,41.43,12.893,1.885,0.598,0.354,30.607,6.108,0.999,0.612,0.323,18.259,7.388,1.378,0.55,0.2,27.101,8.868,1.693,0.827,0.362,79.516,2.303,1.913,1.206,0.307,20.424,0.686,0.557,0.336,0.102,17.033,5.657,1.471,0.718,0.168,12.788,6.339,2.226,0.853,0.271,5.845,2.7,1.508,0.384,0.127,11.618,6.021,2.898,1.105,0.405,5.632,2.591,0.476,0.362,0.136,30.72,13.512,3.271,1.035,0.296,56.371,11.874,3.803,1.139,0.561,76.812,15.157,2.72,1.097,0.453
1761327562,2025-10-24,right,41.318,14.401,1.913,0.563,0.394,29.603,6.303,0.914,0.691,0.342,17.554,8.51,1.36,0.557,0.223,26.407,9.908,1.549,0.881,0.397,79.19,2.439,2.031,1.313,0.388,20.287,0.687,0.602,0.373,0.123,15.529,6.051,1.339,0.742,0.194,13.573,6.991,2.307,0.846,0.312,6.215,2.975,1.493,0.432,0.143,11.608,6.383,2.341,1.088,0.422,5.731,2.763,0.405,0.349,0.142,31.146,15.043,3.094,1.089,0.351,55.899,11.844,3.964,1.154,0.604,74.359,15.517,2.524,1.057,0.503
1761327562,2025-10-24,neutral,37.206,15.259,1.869,0.536,0.437,25.918,6.37,0.841,0.755,0.35,15.973,9.346,1.291,0.567,0.262,24.537,10.71,1.411,0.932,0.436,69.894,2.892,2.066,1.35,0.474,17.91,0.788,0.614,0.395,0.145,13.984,6.487,1.259,0.741,0.232,14.765,7.663,2.378,0.811,0.362,6.443,3.246,1.4,0.485,0.171,11.906,6.53,1.927,1.102,0.448,5.611,2.88,0.348,0.342,0.159,30.915,16.235,2.828,1.145,0.421,50.523,11.753,4.025,1.191,0.664,65.341,15.61,2.267,1.044,0.576
1761327563,2025-10-24,neutral,30.325,15.004,1.752,0.52,0.469,20.773,6.078,0.753,0.783,0.339,14.088,9.523,1.164,0.57,0.299,21.832,10.773,1.265,0.95,0.459,53.338,3.293,1.919,1.285,0.533,13.645,0.891,0.568,0.392,0.158,12.427,6.577,1.197,0.699,0.263,15.618,7.881,2.375,0.738,0.397,6.457,3.366,1.239,0.522,0.201,12.119,6.36,1.625,1.135,0.467,5.287,2.88,0.302,0.343,0.18,29.832,16.423,2.471,1.17,0.474,42.091,11.257,3.919,1.214,0.706,52.139,14.966,1.976,1.038,0.635
1761327563,2025-10-24,neutral,22.446,13.549,1.6,0.516,0.478,15.481,5.383,0.653,0.768,0.314,12.288,8.889,1.018,0.557,0.319,19.003,9.94,1.139,0.915,0.451,35.572,3.438,1.611,1.126,0.545,9.128,0.938,0.479,0.36,0.159,11.114,6.1,1.134,0.62,0.273,15.9,7.382,2.267,0.629,0.402,6.319,3.249,1.037,0.525,0.225,12.168,5.841,1.405,1.163,0.468,4.84,2.771,0.273,0.352,0.197,28.136,15.315,2.092,1.139,0.491,32.913,10.181,3.613,1.196,0.705,38.215,13.402,1.703,1.017,0.655
1761327563,2025-10-24,neutral,15.805,11.181,1.467,0.526,0.467,11.271,4.408,0.592,0.718,0.285,10.682,7.566,0.911,0.526,0.316,16.378,8.411,1.101,0.839,0.416,20.503,3.302,1.271,0.918,0.509,5.266,0.92,0.383,0.307,0.15,9.89,5.106,1.082,0.524,0.264,15.198,6.227,2.053,0.507,0.38,5.975,2.908,0.829,0.492,0.239,11.802,5.054,1.286,1.171,0.453,4.286,2.61,0.272,0.362,0.204,25.621,13.088,1.768,1.057,0.474,25.184,8.592,3.144,1.135,0.658,27.175,11.073,1.508,0.979,0.629
1761327563,2025-10-24,neutral,11.844,8.613,1.401,0.548,0.442,8.912,3.497,0.641,0.657,0.27,9.59,6.012,0.893,0.481,0.295,14.575,6.817,1.223,0.759,0.37,10.854,3.059,1.056,0.723,0.446,2.83,0.883,0.324,0.247,0.135,8.988,3.959,1.08,0.441,0.245,14.03,4.871,1.778,0.4,0.345,5.711,2.498,0.643,0.432,0.242,11.583,4.246,1.279,1.15,0.434,3.959,2.5,0.3,0.367,0.2,22.943,10.523,1.558,0.946,0.447,20.527,7.049,2.607,1.044,0.581,20.994,8.745,1.44,0.929,0.573
1761327563,2025-10-24,neutral,9.891,6.517,1.424,0.578,0.415,7.983,2.933,0.838,0.602,0.278,8.932,4.725,0.976,0.428,0.27,13.753,5.774,1.531,0.705,0.333,6.236,2.936,1.045,0.582,0.385,1.655,0.881,0.323,0.195,0.119,8.789,3.064,1.148,0.389,0.23,13.159,3.828,1.511,0.332,0.315,5.557,2.198,0.504,0.366,0.236,12.162,3.661,1.365,1.105,0.421,4.003,2.511,0.346,0.362,0.187,20.797,8.467,1.471,0.838,0.433,18.354,6.082,2.128,0.943,0.5,18.392,7.111,1.515,0.88,0.512
1761327563,2025-10-24,neutral,9.637,5.178,1.507,0.609,0.393,8.191,2.784,1.152,0.563,0.311,8.899,3.98,1.127,0.378,0.251,14.055,5.53,1.98,0.688,0.32,5.316,3.07,1.216,0.509,0.345,1.461,0.943,0.377,0.157,0.107,9.458,2.65,1.296,0.371,0.224,13.154,3.39,1.332,0.307,0.301,5.671,2.103,0.428,0.318,0.225,13.975,3.408,1.499,1.049,0.42,4.548,2.618,0.392,0.348,0.173,19.835,7.371,1.488,0.76,0.449,18.55,5.842,1.802,0.861,0.437,18.349,6.41,1.71,0.84,0.468
1761327563,2025-10-24,neutral,10.028,4.593,1.574,0.633,0.376,8.781,2.953,1.464,0.541,0.356,9.108,3.777,1.261,0.337,0.242,14.809,5.927,2.411,0.693,0.332,5.822,3.465,1.448,0.485,0.33,1.596,1.061,0.454,0.135,0.098,10.312,2.673,1.465,0.374,0.228,13.491,3.521,1.235,0.31,0.302,5.758,2.193,0.401,0.299,0.212,16.095,3.45,1.605,0.995,0.424,5.194,2.739,0.422,0.325,0.16,19.878,7.227,1.517,0.719,0.487,20.415,6.376,1.607,0.809,0.4,20.158,6.629,1.897,0.814,0.446
1761327563,2025-10-24,right,12.153,4.435,1.598,0.638,0.359,9.712,3.178,1.697,0.531,0.395,9.5,3.835,1.341,0.306,0.238,15.69,6.453,2.745,0.692,0.355,7.334,3.941,1.615,0.48,0.327,2.012,1.185,0.519,0.124,0.092,11.202,2.881,1.614,0.375,0.231,13.899,3.885,1.214,0.315,0.307,5.64,2.328,0.408,0.306,0.197,18.14,3.607,1.635,0.946,0.426,6.07,2.759,0.439,0.294,0.151,20.393,7.515,1.528,0.7,0.529,26.144,7.442,1.534,0.787,0.382,25.3,7.355,2.017,0.795,0.437
1761327564,2025-10-24,right,16.416,4.308,1.523,0.613,0.336,10.273,3.203,1.751,0.529,0.416,9.688,3.776,1.315,0.283,0.231,15.762,6.544,2.849,0.664,0.373,8.758,4.335,1.633,0.471,0.317,2.336,1.271,0.544,0.121,0.084,10.659,2.951,1.659,0.36,0.225,13.138,4.077,1.194,0.306,0.305,5.435,2.337,0.408,0.323,0.18,18.539,3.637,1.542,0.896,0.413,6.594,2.58,0.439,0.257,0.145,21.133,7.547,1.469,0.687,0.55,37.38,8.619,1.45,0.78,0.373,35.84,8.026,1.963,0.778,0.425
1761327564,2025-10-24,right,21.917,4.055,1.395,0.562,0.305,10.539,2.983,1.668,0.527,0.413,9.391,3.458,1.23,0.272,0.218,14.967,6.054,2.785,0.609,0.374,11.086,4.721,1.54,0.489,0.294,2.954,1.345,0.535,0.13,0.076,9.399,2.784,1.613,0.33,0.209,11.475,3.925,1.188,0.291,0.29,4.657,2.139,0.41,0.338,0.163,17.5,3.442,1.362,0.845,0.383,7.141,2.214,0.436,0.212,0.14,20.929,7.036,1.412,0.683,0.538,52.18,9.529,1.368,0.777,0.362,49.707,8.307,1.804,0.763,0.4
1761327564,2025-10-24,right,28.958,3.718,1.247,0.501,0.273,10.949,2.566,1.508,0.519,0.396,9.334,2.936,1.11,0.28,0.204,14.394,5.112,2.582,0.551,0.361,13.544,5.618,1.931,1.008,0.294,3.515,1.541,0.631,0.271,0.078,7.515,2.491,1.479,0.306,0.192,9.533,3.522,1.199,0.293,0.274,4.196,1.768,0.429,0.347,0.15,15.141,3.104,1.213,0.803,0.35,7.771,1.758,0.441,0.164,0.133,21.533,6.082,1.404,0.714,0.506,70.406,9.965,1.325,0.772,0.353,67.417,8.122,1.631,0.76,0.37
1761327564,2025-10-24,neutral,34.014,3.44,1.19,0.454,0.248,11.693,2.155,1.434,0.503,0.381,9.402,2.429,1.034,0.319,0.195,14.943,4.114,2.422,0.526,0.346,23.657,7.681,4.362,3.093,0.391,6.017,2.033,1.215,0.814,0.111,6.785,2.372,1.367,0.313,0.186,8.679,3.116,1.298,0.332,0.272,3.917,1.33,0.513,0.352,0.147,13.112,2.864,1.288,0.779,0.333,8.373,1.345,0.491,0.123,0.128,22.53,5.056,1.557,0.806,0.478,84.063,9.835,1.493,0.772,0.356,81.231,7.603,1.675,0.786,0.346
1761327564,2025-10-24,neutral,37.607,3.287,1.286,0.44,0.238,13.255,1.901,1.556,0.484,0.379,10.377,2.121,1.041,0.391,0.199,17.469,3.406,2.434,0.557,0.341,49.844,11.338,10.273,7.625,0.642,12.639,2.915,2.638,1.983,0.188,7.25,2.658,1.34,0.364,0.199,9.367,2.913,1.489,0.414,0.295,4.52,0.961,0.67,0.359,0.157,11.575,2.924,1.687,0.776,0.345,9.147,1.077,0.605,0.098,0.126,25.346,4.329,1.895,0.964,0.474,92.349,9.131,1.985,0.791,0.379,90.841,6.905,2.103,0.854,0.343
1761327564,2025-10-24,neutral,37.458,3.255,1.556,0.457,0.246,15.319,1.882,1.903,0.469,0.391,11.811,2.097,1.15,0.483,0.214,21.749,3.178,2.689,0.635,0.349,92.998,16.283,19.795,14.474,1.039,23.244,4.102,4.945,3.744,0.303,9.626,3.385,1.448,0.451,0.229,11.936,2.993,1.761,0.52,0.339,5.778,0.777,0.888,0.368,0.177,11.801,3.335,2.383,0.781,0.385,9.396,0.979,0.78,0.097,0.128,28.815,4.128,2.403,1.151,0.499,89.841,8.005,2.788,0.832,0.42,90.556,6.188,2.94,0.954,0.361
1761327564,2025-10-24,neutral,34.758,3.25,1.914,0.483,0.269,17.115,2.015,2.342,0.46,0.41,13.273,2.26,1.296,0.568,0.236,26.219,3.34,3.07,0.72,0.367,147.272,21.324,31.086,22.19,1.498,36.982,5.28,7.686,5.723,0.431,12.337,4.337,1.613,0.545,0.263,14.852,3.238,2.009,0.617,0.388,7.128,0.798,1.099,0.373,0.198,12.456,3.932,3.15,0.766,0.434,9.242,0.993,0.966,0.113,0.132,32.012,4.358,2.924,1.301,0.535,79.547,6.67,3.692,0.872,0.466,82.838,5.506,3.961,1.046,0.391
1761327564,2025-10-24,neutral,30.012,3.225,2.241,0.495,0.301,18.24,2.17,2.688,0.449,0.422,14.42,2.456,1.407,0.61,0.253,29.803,3.668,3.399,0.76,0.385,196.237,24.928,40.873,28.469,1.89,48.847,6.078,10.072,7.33,0.535,14.94,5.162,1.739,0.61,0.286,17.515,3.46,2.141,0.669,0.421,8.379,0.968,1.228,0.366,0.213,13.534,4.448,3.719,0.715,0.466,8.374,1.033,1.105,0.139,0.138,33.794,4.78,3.306,1.351,0.559,63.599,5.442,4.404,0.882,0.495,68.99,4.928,4.827,1.085,0.415
1761327565,2025-10-24,neutral,24.731,3.126,2.384,0.475,0.332,17.861,2.176,2.761,0.431,0.418,14.568,2.513,1.404,0.59,0.259,30.867,3.839,3.464,0.725,0.391,225.68,25.73,45.82,31.168,2.088,56.371,6.173,11.283,8.017,0.58,15.902,5.509,1.708,0.623,0.286,18.283,3.446,2.068,0.66,0.424,8.622,1.162,1.22,0.339,0.213,13.494,4.6,3.863,0.626,0.465,7.077,1.024,1.156,0.163,0.141,33.158,5.043,3.395,1.267,0.552,47.282,4.491,4.661,0.84,0.493,53.77,4.423,5.204,1.041,0.421
1761327565,2025-10-24,neutral,20.176,2.994,2.277,0.429,0.357,16.352,2.024,2.522,0.408,0.401,14.123,2.411,1.276,0.513,0.253,29.427,3.758,3.192,0.623,0.387,220.908,23.461,44.15,29.303,2.031,54.755,5.535,10.882,7.535,0.553,15.343,5.254,1.495,0.581,0.264,17.436,3.178,1.789,0.596,0.396,8.244,1.295,1.076,0.295,0.198,12.714,4.308,3.539,0.521,0.431,5.722,0.961,1.123,0.183,0.141,30.604,5.034,3.172,1.071,0.512,34.246,3.977,4.375,0.746,0.462,40.724,4.088,4.961,0.922,0.411
1761327565,2025-10-24,neutral,17.006,2.839,1.97,0.392,0.375,13.998,1.832,2.066,0.396,0.384,13.179,2.242,1.067,0.41,0.244,26.193,3.554,2.67,0.511,0.387,186.298,18.949,36.454,23.539,1.755,46.311,4.388,9.003,6.058,0.469,13.486,4.554,1.17,0.508,0.231,15.263,2.837,1.404,0.511,0.355,7.034,1.34,0.849,0.244,0.171,11.547,3.741,2.883,0.455,0.385,4.664,0.879,1.045,0.202,0.141,27.064,4.849,2.759,0.845,0.464,26.201,3.839,3.691,0.64,0.43,32.063,3.925,4.247,0.789,0.408
1761327565,2025-10-24,neutral,15.712,2.662,1.614,0.413,0.394,11.894,1.779,1.576,0.422,0.379,12.681,2.15,0.868,0.329,0.244,22.816,3.481,2.101,0.467,0.417,131.769,13.701,25.476,15.885,1.373,32.479,3.11,6.312,4.099,0.364,11.45,3.755,0.871,0.444,0.205,13.186,2.689,1.07,0.455,0.322,5.918,1.341,0.628,0.207,0.144,11.017,3.256,2.156,0.497,0.359,4.382,0.835,0.982,0.225,0.144,24.165,4.717,2.374,0.694,0.437,22.956,3.889,2.929,0.586,0.434,28.149,3.858,3.414,0.737,0.442
1761327565,2025-10-24,neutral,15.676,2.46,1.348,0.522,0.417,10.33,1.967,1.203,0.504,0.392,12.614,2.222,0.749,0.306,0.26,20.331,3.723,1.675,0.548,0.489,77.254,9.188,14.716,8.729,1.017,19.07,2.042,3.655,2.266,0.274,9.86,3.182,0.719,0.419,0.201,11.82,2.911,0.912,0.46,0.312,4.967,1.356,0.493,0.199,0.124,11.866,3.136,1.597,0.682,0.375,4.598,0.865,0.963,0.258,0.156,22.66,4.829,2.19,0.694,0.45,22.42,3.941,2.391,0.634,0.494,27.391,3.782,2.806,0.836,0.528
1761327565,2025-10-24,neutral,16.5,2.305,1.243,0.708,0.442,9.561,2.385,1.013,0.634,0.416,13.058,2.471,0.73,0.347,0.293,18.91,4.316,1.472,0.75,0.595,36.077,6.307,6.853,3.763,0.775,8.827,1.386,1.697,0.991,0.221,8.942,2.995,0.742,0.444,0.22,11.401,3.492,0.942,0.533,0.326,4.672,1.434,0.467,0.226,0.116,13.653,3.413,1.331,0.988,0.432,5.286,0.984,0.984,0.298,0.174,22.283,5.266,2.228,0.847,0.499,22.984,3.993,2.21,0.79,0.602,28.063,3.73,2.58,1.085,0.651
1761327565,2025-10-24,neutral,17.378,2.245,1.261,0.917,0.457,9.147,2.904,0.964,0.778,0.433,13.238,2.795,0.769,0.427,0.33,17.938,5.085,1.438,1.007,0.702,14.92,5.013,2.718,1.367,0.659,3.657,1.115,0.647,0.371,0.205,8.215,3.138,0.865,0.502,0.253,11.309,4.234,1.069,0.644,0.352,4.61,1.553,0.52,0.277,0.121,15.957,3.904,1.341,1.334,0.506,5.743,1.153,0.995,0.336,0.196,22.37,5.881,2.368,1.09,0.562,23.931,4.011,2.316,1.001,0.718,29.158,3.693,2.652,1.404,0.772
1761327565,2025-10-24,neutral,17.547,2.272,1.32,1.073,0.452,8.794,3.319,0.967,0.884,0.429,12.821,3.038,0.819,0.506,0.355,16.699,5.707,1.476,1.216,0.77,9.437,4.599,1.429,0.769,0.616,2.395,1.05,0.298,0.211,0.205,7.342,3.394,0.982,0.56,0.283,10.944,4.804,1.171,0.747,0.37,4.725,1.63,0.596,0.333,0.133,17.325,4.295,1.52,1.607,0.563,6.113,1.312,0.953,0.357,0.212,21.548,6.385,2.457,1.311,0.603,24.172,3.906,2.497,1.178,0.793,29.066,3.628,2.81,1.663,0.843
1761327566,2025-10-24,neutral,15.93,2.367,1.341,1.11,0.419,7.732,3.474,0.946,0.909,0.394,11.181,3.093,0.852,0.546,0.352,14.371,5.913,1.509,1.29,0.766,9.581,4.324,1.319,0.811,0.582,2.416,1.007,0.25,0.218,0.199,5.985,3.529,1.011,0.588,0.297,9.838,4.942,1.183,0.798,0.365,4.44,1.584,0.662,0.37,0.142,17.488,4.376,1.773,1.711,0.58,5.596,1.398,0.843,0.349,0.217,19.127,6.561,2.403,1.41,0.596,22.307,3.665,2.581,1.24,0.793,26.185,3.549,2.869,1.745,0.834
1761327566,2025-10-24,neutral,13.248,2.488,1.302,1.008,0.361,6.465,3.336,0.884,0.842,0.336,9.16,2.937,0.881,0.534,0.321,11.909,5.602,1.523,1.195,0.687,9.502,3.753,1.311,0.843,0.527,2.472,0.882,0.24,0.226,0.18,4.732,3.447,0.946,0.577,0.292,8.592,4.564,1.125,0.781,0.337,4.021,1.393,0.719,0.372,0.146,16.82,4.136,2.045,1.611,0.555,4.932,1.382,0.711,0.309,0.209,16.006,6.302,2.22,1.35,0.541,19.426,3.296,2.546,1.156,0.721,21.457,3.48,2.775,1.604,0.748
1761327566,2025-10-24,neutral,10.031,2.599,1.261,0.807,0.296,5.078,3.005,0.837,0.714,0.275,7.187,2.634,0.943,0.483,0.273,9.669,4.912,1.579,0.977,0.557,8.753,2.963,1.208,0.807,0.458,2.285,0.696,0.219,0.219,0.152,3.886,3.199,0.832,0.547,0.28,7.517,3.793,1.065,0.719,0.298,3.377,1.112,0.776,0.34,0.141,16.102,3.724,2.313,1.353,0.501,3.799,1.286,0.626,0.253,0.192,13.167,5.694,2.035,1.172,0.461,16.379,2.922,2.518,0.982,0.607,16.032,3.51,2.65,1.305,0.623
1761327566,2025-10-24,neutral,7.515,2.695,1.304,0.579,0.245,4.256,2.674,0.881,0.577,0.233,6.126,2.307,1.086,0.417,0.229,8.635,4.142,1.759,0.722,0.42,8.663,2.243,1.101,0.737,0.396,2.327,0.513,0.208,0.204,0.125,3.82,2.954,0.734,0.518,0.275,7.285,2.921,1.082,0.648,0.272,2.947,0.851,0.857,0.292,0.133,16.349,3.36,2.591,1.041,0.444,2.901,1.179,0.659,0.202,0.174,11.924,4.984,2.01,0.954,0.392,14.99,2.706,2.671,0.809,0.496,11.894,3.738,2.677,0.964,0.51
1761327566,2025-10-24,neutral,6.503,2.773,1.487,0.394,0.222,4.405,2.496,1.068,0.479,0.224,6.247,2.071,1.341,0.36,0.208,9.102,3.578,2.094,0.52,0.32,9.228,1.855,1.111,0.674,0.359,2.499,0.407,0.233,0.188,0.105,4.576,2.874,0.712,0.513,0.291,8.118,2.258,1.214,0.604,0.271,2.912,0.72,0.97,0.248,0.127,18.195,3.166,2.903,0.783,0.4,2.292,1.125,0.826,0.175,0.162,12.915,4.424,2.252,0.779,0.365,16.078,2.784,3.114,0.719,0.418,10.444,4.177,2.967,0.697,0.448
1761327566,2025-10-24,neutral,7.109,2.826,1.801,0.295,0.232,5.505,2.502,1.387,0.445,0.246,7.283,1.988,1.691,0.327,0.219,10.667,3.329,2.535,0.428,0.28,10.503,1.875,1.312,0.647,0.353,2.836,0.409,0.306,0.181,0.096,5.81,3.003,0.793,0.536,0.327,9.694,1.986,1.432,0.604,0.3,3.3,0.776,1.103,0.23,0.127,21.369,3.156,3.241,0.643,0.381,2.135,1.145,1.077,0.176,0.16,15.669,4.166,2.74,0.698,0.39,19.118,3.178,3.82,0.751,0.379,11.849,4.725,3.503,0.569,0.444
1761327566,2025-10-24,neutral,8.694,2.807,2.173,0.287,0.264,7.107,2.589,1.757,0.469,0.284,8.518,2.022,2.057,0.319,0.255,12.334,3.286,2.947,0.445,0.296,11.791,2.179,1.671,0.658,0.366,3.189,0.502,0.413,0.181,0.097,6.944,3.241,0.943,0.57,0.369,11.216,2.083,1.639,0.636,0.344,3.901,0.993,1.22,0.242,0.135,24.534,3.196,3.527,0.626,0.386,2.27,1.204,1.319,0.2,0.167,18.655,4.169,3.311,0.71,0.454,22.391,3.768,4.594,0.885,0.367,14.834,5.165,4.113,0.583,0.477
1761327566,2025-10-24,neutral,10.501,2.704,2.496,0.346,0.302,8.708,2.628,2.064,0.523,0.32,9.148,2.084,2.339,0.327,0.299,13.179,3.26,3.188,0.527,0.339,11.917,2.523,2.066,0.686,0.377,3.182,0.624,0.522,0.186,0.101,7.449,3.405,1.101,0.589,0.398,11.922,2.367,1.745,0.67,0.384,4.32,1.274,1.279,0.279,0.147,26.485,3.123,3.676,0.692,0.405,2.435,1.245,1.463,0.237,0.174,20.476,4.268,3.758,0.779,0.526,24.175,4.357,5.167,1.064,0.359,18.059,5.323,4.571,0.702,0.512
1761327567,2025-10-24,neutral,12.357,2.563,2.674,0.444,0.33,9.953,2.544,2.21,0.579,0.341,8.808,2.11,2.456,0.345,0.332,12.556,3.134,3.168,0.614,0.382,10.619,2.689,2.345,0.704,0.368,2.855,0.712,0.597,0.192,0.106,6.988,3.331,1.196,0.576,0.4,11.077,2.632,1.703,0.683,0.4,4.233,1.518,1.259,0.331,0.159,25.808,2.874,3.642,0.798,0.432,2.545,1.237,1.466,0.277,0.175,19.949,4.308,3.921,0.865,0.579,23.689,4.773,5.35,1.234,0.346,21.46,5.209,4.711,0.878,0.523
1761327567,2025-10-24,neutral,15.528,2.543,2.661,0.559,0.341,11.715,2.409,2.171,0.619,0.341,8.164,2.099,2.384,0.37,0.345,11.706,2.964,2.919,0.669,0.407,8.398,2.596,2.429,0.699,0.337,2.247,0.73,0.625,0.195,0.109,5.968,2.979,1.208,0.53,0.373,9.444,2.757,1.546,0.674,0.387,3.803,1.658,1.164,0.384,0.167,23.281,2.533,3.45,0.931,0.467,2.714,1.191,1.335,0.312,0.165,18.488,4.264,3.77,0.949,0.594,22.838,5,5.106,1.368,0.328,27.944,5.126,4.498,1.081,0.504
1761327567,2025-10-24,neutral,20.597,2.714,2.458,0.671,0.336,14.288,2.289,1.962,0.636,0.326,7.668,2.051,2.138,0.402,0.335,11.318,2.813,2.523,0.68,0.413,5.857,2.29,2.309,0.674,0.294,1.606,0.676,0.611,0.197,0.112,4.754,2.425,1.147,0.468,0.328,7.396,2.708,1.327,0.652,0.349,3.168,1.665,1.009,0.425,0.168,19.56,2.178,3.172,1.084,0.516,3.123,1.132,1.114,0.34,0.146,16.815,4.109,3.342,1.024,0.569,23.269,5.053,4.523,1.46,0.311,39.127,5.316,3.988,1.281,0.465
1761327567,2025-10-24,neutral,28.409,3.113,2.123,0.758,0.318,18.251,2.267,1.643,0.63,0.304,7.962,1.996,1.782,0.435,0.307,12.494,2.778,2.095,0.65,0.408,4.015,1.919,2.038,0.639,0.25,1.156,0.588,0.57,0.2,0.115,3.881,1.846,1.049,0.407,0.283,5.931,2.535,1.104,0.629,0.3,2.724,1.563,0.825,0.449,0.164,16.227,1.891,2.936,1.238,0.577,3.903,1.1,0.865,0.359,0.121,16.522,3.901,2.752,1.086,0.512,26.56,5.029,3.791,1.509,0.299,55.166,5.888,3.321,1.441,0.42
1761327567,2025-10-24,neutral,38.86,3.665,1.826,0.814,0.296,22.878,2.417,1.311,0.613,0.285,9.02,2.013,1.417,0.47,0.273,15.058,2.969,1.754,0.606,0.4,3.734,1.727,1.715,0.617,0.218,1.14,0.53,0.524,0.206,0.116,3.684,1.452,0.972,0.364,0.252,5.348,2.365,0.925,0.614,0.258,2.66,1.413,0.649,0.453,0.157,13.991,1.731,2.822,1.361,0.643,4.994,1.143,0.655,0.372,0.099,17.702,3.781,2.164,1.141,0.444,32.242,5.062,3.116,1.526,0.294,72.692,6.779,2.672,1.538,0.385
1761327567,2025-10-24,neutral,50.926,4.213,1.797,0.848,0.279,27.271,2.783,1.08,0.611,0.277,10.672,2.223,1.162,0.524,0.243,18.551,3.47,1.605,0.599,0.399,5.611,2.048,1.493,0.649,0.209,1.702,0.588,0.51,0.218,0.117,4.353,1.392,0.983,0.353,0.241,6.026,2.357,0.848,0.624,0.233,3.092,1.302,0.515,0.445,0.149,13.205,1.768,2.828,1.437,0.701,6.128,1.304,0.533,0.384,0.085,20.439,3.974,1.752,1.216,0.386,38.857,5.323,2.648,1.533,0.297,87.272,7.824,2.22,1.583,0.371
1761327567,2025-10-24,neutral,62.685,4.608,2.189,0.883,0.275,30.15,3.335,1.032,0.649,0.28,12.657,2.704,1.106,0.616,0.222,22.247,4.277,1.688,0.676,0.406,10.442,3.248,1.575,0.783,0.236,3.051,0.854,0.576,0.244,0.12,6.148,1.693,1.133,0.382,0.245,8.129,2.606,0.916,0.675,0.227,4.06,1.305,0.456,0.435,0.141,13.978,2.075,2.862,1.476,0.738,7.203,1.579,0.519,0.401,0.082,24.361,4.658,1.642,1.346,0.354,44.57,5.909,2.438,1.562,0.307,94.341,8.833,2.082,1.609,0.382
1761327567,2025-10-24,neutral,71.423,4.746,2.94,0.927,0.283,30.645,3.919,1.163,0.727,0.291,14.44,3.384,1.241,0.746,0.211,25.019,5.216,1.943,0.845,0.42,17.753,5.465,2.076,1.034,0.311,5.032,1.367,0.751,0.288,0.13,8.535,2.238,1.399,0.442,0.254,11.113,3.068,1.122,0.768,0.234,5.182,1.443,0.472,0.427,0.132,15.784,2.629,2.799,1.503,0.745,7.601,1.905,0.588,0.423,0.086,28.457,5.744,1.828,1.539,0.35,47.532,6.717,2.423,1.628,0.319,92.206,9.561,2.218,1.646,0.414
1761327568,2025-10-24,neutral,75.139,4.646,3.777,0.968,0.298,28.643,4.353,1.389,0.821,0.302,15.831,4.082,1.477,0.887,0.205,26.611,6.027,2.236,1.069,0.431,27.489,8.419,2.93,1.37,0.432,7.637,2.066,1.02,0.347,0.149,11.43,2.812,1.697,0.513,0.254,14.66,3.576,1.397,0.877,0.242,6.363,1.666,0.532,0.42,0.125,18.172,3.306,2.573,1.53,0.72,7.55,2.185,0.685,0.442,0.092,32.042,6.941,2.187,1.758,0.367,47.16,7.516,2.46,1.708,0.328,81.366,9.868,2.48,1.695,0.45
1761327568,2025-10-24,neutral,71.876,4.377,4.381,0.979,0.311,24.461,4.5,1.612,0.889,0.305,15.875,4.559,1.699,0.993,0.199,25.81,6.465,2.455,1.273,0.432,35.607,11.386,3.906,1.714,0.577,9.729,2.782,1.318,0.412,0.175,13.157,3.201,1.929,0.57,0.241,16.847,3.928,1.654,0.968,0.245,6.809,1.866,0.599,0.411,0.12,19.185,3.865,2.237,1.547,0.669,6.626,2.338,0.765,0.447,0.095,32.959,7.84,2.568,1.928,0.391,42.758,7.99,2.462,1.755,0.329,65.263,9.692,2.73,1.726,0.476
1761327568,2025-10-24,neutral,61.383,3.977,4.501,0.938,0.313,18.709,4.312,1.75,0.903,0.294,14.285,4.617,1.804,1.022,0.189,22.487,6.384,2.504,1.386,0.418,39.834,13.511,4.684,1.968,0.709,10.753,3.306,1.557,0.465,0.201,13.363,3.269,2.018,0.6,0.218,17.039,3.973,1.847,1.01,0.236,6.401,1.932,0.641,0.395,0.121,18.057,4.142,1.92,1.534,0.605,5.307,2.308,0.792,0.428,0.094,30.425,8.073,2.834,1.978,0.407,34.815,7.905,2.407,1.722,0.32,46.39,9.024,2.859,1.697,0.48
1761327568,2025-10-24,neutral,47.073,3.487,4.099,0.84,0.299,13.223,3.868,1.777,0.859,0.272,11.755,4.21,1.754,0.952,0.175,17.989,5.863,2.375,1.372,0.394,39.358,14.181,4.992,2.059,0.79,10.52,3.475,1.657,0.489,0.216,11.952,3.048,1.948,0.601,0.193,15.294,3.714,1.965,0.99,0.219,5.462,1.822,0.653,0.37,0.127,15.275,4.257,1.783,1.471,0.541,4.069,2.119,0.765,0.385,0.091,25.55,7.531,2.913,1.868,0.405,26.376,7.315,2.357,1.593,0.306,30.351,7.947,2.846,1.584,0.46
1761327568,2025-10-24,neutral,31.83,2.962,3.324,0.701,0.273,8.699,3.338,1.701,0.773,0.247,8.804,3.471,1.559,0.799,0.16,13.212,5.162,2.103,1.237,0.367,34.091,13.308,4.709,1.97,0.801,8.97,3.25,1.578,0.475,0.217,9.492,2.695,1.742,0.578,0.178,12.234,3.295,2.009,0.917,0.201,4.215,1.585,0.63,0.332,0.135,11.795,4.546,1.896,1.352,0.494,3.146,1.85,0.696,0.324,0.091,19.519,6.409,2.779,1.618,0.387,18.89,6.543,2.344,1.391,0.295,18.778,6.675,2.706,1.397,0.428
1761327568,2025-10-24,neutral,19.235,2.508,2.442,0.557,0.242,5.739,2.916,1.566,0.677,0.225,6.4,2.662,1.274,0.608,0.15,9.427,4.59,1.758,1.028,0.347,26.268,11.345,3.922,1.742,0.747,6.82,2.73,1.346,0.428,0.203,6.913,2.408,1.455,0.542,0.18,9.174,2.934,1.995,0.821,0.192,3.423,1.338,0.582,0.288,0.143,8.716,5.302,2.203,1.192,0.466,2.805,1.598,0.608,0.261,0.097,14.241,5.143,2.473,1.304,0.358,14.15,5.993,2.353,1.171,0.295,12.266,5.525,2.488,1.184,0.4
1761327568,2025-10-24,neutral,10.257,2.254,1.686,0.449,0.213,3.807,2.762,1.417,0.601,0.213,4.642,2.058,0.977,0.436,0.148,6.65,4.377,1.42,0.82,0.339,17.791,9.025,2.898,1.461,0.654,4.447,2.103,1.037,0.363,0.181,4.805,2.343,1.149,0.505,0.198,6.682,2.818,1.94,0.737,0.193,2.901,1.196,0.526,0.246,0.147,6.584,6.531,2.529,1.033,0.455,2.693,1.439,0.523,0.212,0.108,10.302,4.207,2.085,1.032,0.329,11.335,5.955,2.336,1.01,0.303,8.812,4.868,2.234,1.012,0.385
1761327568,2025-10-24,neutral,5.605,2.292,1.21,0.396,0.194,2.896,2.947,1.306,0.56,0.212,3.944,1.813,0.742,0.324,0.152,5.329,4.572,1.174,0.668,0.339,11.556,7.024,1.953,1.205,0.553,2.758,1.553,0.744,0.3,0.157,3.811,2.535,0.88,0.472,0.223,5.629,3.026,1.858,0.685,0.202,3.034,1.214,0.483,0.216,0.146,5.795,7.916,2.708,0.924,0.457,2.852,1.403,0.469,0.186,0.121,8.5,3.898,1.724,0.871,0.307,10.528,6.479,2.278,0.955,0.322,7.715,4.936,2.001,0.925,0.383
1761327569,2025-10-24,neutral,4.098,2.56,1.02,0.399,0.189,2.76,3.314,1.255,0.547,0.219,3.966,1.879,0.607,0.288,0.158,5.129,4.961,1.064,0.597,0.347,8.191,5.669,1.319,1.028,0.471,1.8,1.19,0.538,0.25,0.137,3.741,2.879,0.671,0.445,0.242,5.754,3.467,1.739,0.664,0.211,3.435,1.35,0.456,0.201,0.144,6.038,8.957,2.674,0.894,0.468,3.053,1.445,0.453,0.183,0.132,8.4,4.159,1.474,0.836,0.295,10.77,7.212,2.199,1.016,0.359,8.095,5.506,1.83,0.935,0.394
1761327569,2025-10-24,neutral,4.339,2.94,1.014,0.441,0.197,3.26,3.702,1.258,0.549,0.232,4.364,2.115,0.568,0.317,0.161,5.607,5.314,1.082,0.602,0.355,6.878,4.967,1.062,0.938,0.417,1.48,1.04,0.444,0.219,0.123,4.139,3.229,0.524,0.428,0.244,6.45,3.998,1.566,0.654,0.215,3.916,1.514,0.439,0.2,0.141,6.597,9.265,2.459,0.939,0.482,3.308,1.516,0.463,0.199,0.138,9.156,4.776,1.359,0.891,0.291,11.352,7.773,2.134,1.161,0.427,9.303,6.246,1.743,1.017,0.412
1761327569,2025-10-24,neutral,4.912,3.275,1.102,0.502,0.215,4.033,3.989,1.291,0.549,0.249,4.711,2.356,0.609,0.387,0.158,6.243,5.473,1.181,0.659,0.359,6.71,4.693,1.09,0.91,0.383,1.486,1.051,0.437,0.203,0.112,4.486,3.451,0.433,0.425,0.227,7.062,4.472,1.372,0.642,0.208,4.16,1.613,0.437,0.209,0.14,6.911,8.737,2.175,1.037,0.495,3.428,1.581,0.489,0.232,0.14,9.925,5.464,1.385,0.982,0.291,11.562,7.887,2.16,1.337,0.525,10.505,6.801,1.772,1.133,0.433
1761327569,2025-10-24,neutral,5.229,3.51,1.269,0.569,0.237,4.729,4.146,1.339,0.544,0.271,4.812,2.52,0.72,0.474,0.15,6.679,5.444,1.323,0.738,0.355,6.873,4.643,1.243,0.9,0.356,1.655,1.149,0.47,0.192,0.104,4.567,3.504,0.407,0.435,0.193,7.229,4.803,1.241,0.63,0.194,4.142,1.606,0.463,0.226,0.14,6.738,7.622,1.972,1.179,0.506,3.375,1.626,0.53,0.284,0.141,10.22,6.014,1.569,1.072,0.291,11.19,7.536,2.365,1.497,0.635,11.092,7.002,1.961,1.246,0.453
1761327569,2025-10-24,neutral,5.218,3.592,1.524,0.629,0.26,5.081,4.166,1.404,0.535,0.299,4.673,2.592,0.902,0.555,0.143,6.732,5.288,1.497,0.812,0.351,6.874,4.742,1.41,0.868,0.329,1.79,1.283,0.512,0.179,0.098,4.359,3.409,0.458,0.454,0.155,6.867,4.908,1.278,0.625,0.18,3.889,1.51,0.547,0.246,0.144,6.104,6.337,1.973,1.346,0.515,3.17,1.651,0.607,0.347,0.144,9.999,6.298,1.944,1.144,0.295,10.366,6.859,2.817,1.61,0.729,10.909,6.857,2.361,1.33,0.471
1761327569,2025-10-24,neutral,5.015,3.674,1.844,0.666,0.28,5.04,4.156,1.484,0.522,0.332,4.443,2.706,1.138,0.61,0.144,6.457,5.185,1.691,0.854,0.356,6.99,5.122,1.565,0.801,0.306,1.952,1.469,0.55,0.161,0.096,4.045,3.301,0.585,0.467,0.125,6.114,4.897,1.517,0.627,0.173,3.496,1.429,0.697,0.261,0.15,5.304,5.261,2.225,1.506,0.527,2.91,1.686,0.724,0.408,0.152,9.534,6.551,2.469,1.179,0.307,9.354,6.199,3.484,1.643,0.784,10.304,6.753,2.957,1.355,0.49
1761327569,2025-10-24,neutral,4.864,3.975,2.16,0.674,0.297,4.795,4.276,1.569,0.504,0.363,4.361,3.037,1.391,0.629,0.155,6.212,5.344,1.894,0.854,0.375,7.195,5.809,1.699,0.705,0.293,2.07,1.708,0.576,0.141,0.1,4.066,3.373,0.777,0.466,0.11,5.274,5.003,1.91,0.627,0.179,3.066,1.482,0.899,0.265,0.16,4.86,4.595,2.667,1.612,0.544,2.626,1.773,0.865,0.447,0.162,9.232,7.18,3.025,1.168,0.33,8.54,5.911,4.195,1.575,0.789,9.959,7.185,3.632,1.306,0.516
1761327569,2025-10-24,neutral,5.107,4.714,2.44,0.654,0.313,4.673,4.632,1.672,0.486,0.387,4.477,3.681,1.623,0.608,0.179,6.207,5.86,2.1,0.818,0.409,7.656,6.653,1.806,0.597,0.293,2.216,1.972,0.587,0.124,0.108,4.636,3.7,1.01,0.449,0.114,4.489,5.381,2.353,0.616,0.202,2.658,1.726,1.123,0.254,0.173,4.792,4.322,3.171,1.625,0.56,2.354,1.928,1.007,0.451,0.17,9.163,8.465,3.487,1.109,0.36,8.125,6.232,4.807,1.411,0.753,10.673,8.52,4.293,1.186,0.548
1761327570,2025-10-24,neutral,6.78,5.937,2.663,0.617,0.327,5.39,5.198,1.811,0.472,0.401,5.026,4.569,1.799,0.56,0.211,7.086,6.61,2.287,0.759,0.454,7.836,7.391,1.874,0.498,0.303,2.213,2.199,0.584,0.116,0.115,6.117,4.193,1.249,0.428,0.13,4.154,6.012,2.736,0.591,0.238,2.401,2.116,1.332,0.231,0.186,5.52,4.265,3.595,1.536,0.569,2.136,2.128,1.119,0.419,0.174,9.761,10.309,3.752,1.009,0.393,9.421,7.128,5.224,1.185,0.697,14.592,10.719,4.86,1.022,0.584
1761327570,2025-10-24,neutral,10.734,7.506,2.792,0.57,0.335,7.324,5.843,1.963,0.464,0.405,6.2,5.484,1.884,0.502,0.244,9.167,7.335,2.399,0.693,0.499,8.715,7.793,1.855,0.42,0.316,2.401,2.327,0.561,0.114,0.117,8.51,4.644,1.438,0.409,0.152,4.441,6.641,2.944,0.556,0.279,2.387,2.509,1.473,0.205,0.195,6.881,4.259,3.817,1.368,0.562,2.168,2.303,1.168,0.361,0.169,11.333,12.214,3.732,0.885,0.419,13.206,8.364,5.385,0.955,0.642,23.156,13.377,5.248,0.851,0.615
1761327570,2025-10-24,neutral,17.475,9.217,2.829,0.521,0.337,11.328,6.473,2.104,0.46,0.404,8.163,6.226,1.884,0.456,0.274,13.206,7.851,2.416,0.629,0.534,9.584,7.772,1.743,0.364,0.33,2.522,2.323,0.52,0.117,0.112,11.667,4.863,1.557,0.396,0.173,5.896,7.002,2.942,0.526,0.316,2.852,2.76,1.514,0.187,0.199,9.127,4.357,3.817,1.168,0.534,2.713,2.42,1.142,0.297,0.156,14.451,13.639,3.466,0.766,0.434,20.523,9.793,5.291,0.781,0.6,36.953,16.033,5.437,0.719,0.635
1761327570,2025-10-24,neutral,25.378,10.755,2.825,0.476,0.331,16.292,6.973,2.2,0.461,0.409,11.047,6.65,1.837,0.435,0.299,19.032,8.078,2.356,0.574,0.553,13.074,7.473,1.574,0.327,0.344,3.324,2.207,0.472,0.118,0.103,16.925,4.815,1.625,0.385,0.191,9.324,6.906,2.78,0.519,0.339,3.855,2.785,1.452,0.186,0.197,13.057,4.57,3.601,0.992,0.486,3.685,2.473,1.058,0.248,0.14,19.702,14.187,3.103,0.685,0.44,29.841,11.255,4.987,0.707,0.573,51.641,18.099,5.451,0.664,0.641
1761327570,2025-10-24,neutral,37.247,11.848,2.806,0.456,0.323,25.142,7.326,2.204,0.469,0.431,16.63,6.782,1.765,0.451,0.318,30.146,8.202,2.243,0.553,0.561,21.178,7.311,1.385,0.307,0.361,5.31,2.076,0.425,0.116,0.094,24.581,4.735,1.678,0.38,0.206,16.576,6.506,2.56,0.557,0.346,6.26,2.661,1.314,0.21,0.192,19.339,4.924,3.196,0.901,0.432,6.319,2.53,0.952,0.23,0.125,30.439,13.955,2.807,0.684,0.445,44.594,12.781,4.523,0.759,0.559,69.015,19.236,5.297,0.718,0.642
1761327570,2025-10-24,neutral,49.36,12.203,2.805,0.511,0.329,34.11,7.559,2.108,0.496,0.476,23.237,6.712,1.691,0.51,0.336,43.324,8.488,2.128,0.597,0.572,33.039,7.659,1.22,0.316,0.382,8.137,2.023,0.384,0.113,0.088,34.255,4.921,1.734,0.391,0.223,26.464,6.104,2.366,0.655,0.343,9.311,2.525,1.13,0.263,0.19,27.202,5.417,2.68,0.939,0.393,9.392,2.635,0.855,0.25,0.116,43.959,13.338,2.694,0.793,0.464,59.822,14.359,3.952,0.946,0.56,81.076,19.323,5,0.9,0.657
1761327570,2025-10-24,neutral,64.223,12.053,2.843,0.719,0.364,44.636,7.714,1.943,0.549,0.539,31.622,6.598,1.615,0.609,0.354,59.374,9.151,2.052,0.73,0.601,48.194,8.65,1.095,0.371,0.408,11.885,2.106,0.35,0.118,0.089,44.3,5.558,1.785,0.432,0.249,38.417,6.062,2.24,0.809,0.342,13.233,2.535,0.936,0.346,0.192,36.008,6.047,2.138,1.103,0.387,13.629,2.821,0.782,0.304,0.118,60.502,12.883,2.787,1.024,0.508,77.402,15.976,3.327,1.255,0.591,90.795,18.607,4.598,1.203,0.706
1761327570,2025-10-24,neutral,77.214,11.959,2.946,1.127,0.43,52.354,7.784,1.755,0.625,0.605,38.654,6.531,1.531,0.733,0.374,72.968,10.141,2.003,0.947,0.654,61.423,9.974,0.995,0.479,0.438,15.114,2.278,0.318,0.136,0.095,52.406,6.511,1.787,0.507,0.285,49.053,6.519,2.143,0.99,0.35,16.615,2.749,0.753,0.445,0.198,43.992,6.735,1.621,1.339,0.415,17.01,3.041,0.728,0.379,0.129,74.516,12.909,2.981,1.343,0.574,91.049,17.448,2.705,1.641,0.653,93.054,17.458,4.13,1.581,0.788
1761327571,2025-10-24,neutral,86.998,12.455,3.122,1.691,0.509,56.519,7.715,1.589,0.702,0.651,42.914,6.501,1.433,0.848,0.389,81.204,11.155,1.957,1.196,0.716,68.855,11.081,0.904,0.614,0.463,16.939,2.435,0.287,0.165,0.105,55.646,7.398,1.703,0.595,0.323,55.205,7.299,2.023,1.146,0.365,18.604,3.112,0.609,0.541,0.202,48.597,7.353,1.189,1.555,0.463,19.19,3.218,0.683,0.453,0.146,82.463,13.308,3.135,1.663,0.641,99.202,18.482,2.192,2.01,0.728,90.543,16.239,3.659,1.933,0.879
1761327571,2025-10-24,neutral,90.974,13.574,3.351,2.286,0.572,56.012,7.383,1.48,0.749,0.661,43.276,6.376,1.321,0.915,0.39,82.334,11.709,1.879,1.399,0.759,68.877,11.364,0.806,0.731,0.471,17.14,2.455,0.252,0.195,0.115,53.921,7.734,1.523,0.661,0.35,55.946,7.934,1.85,1.225,0.378,18.935,3.446,0.523,0.609,0.199,49.864,7.71,0.9,1.671,0.505,19.357,3.26,0.642,0.507,0.16,82.701,13.577,3.139,1.884,0.683,100.047,18.644,1.886,2.26,0.784,83.721,15.013,3.248,2.154,0.938
1761327571,2025-10-24,right,86.692,14.804,3.555,2.74,0.594,50.249,6.686,1.428,0.738,0.628,38.856,5.999,1.192,0.905,0.375,75.083,11.421,1.759,1.489,0.758,60.121,10.548,0.727,0.784,0.453,14.951,2.262,0.222,0.212,0.123,46.721,7.229,1.273,0.673,0.355,50.049,7.962,1.626,1.194,0.376,16.99,3.551,0.502,0.63,0.186,46.608,7.676,0.767,1.644,0.516,17.245,3.102,0.605,0.522,0.166,73.792,13.137,2.943,1.928,0.682,91.952,17.615,1.827,2.313,0.794,72.909,13.638,2.922,2.167,0.935
1761327571,2025-10-24,right,74.929,15.5,3.634,2.91,0.568,40.914,5.673,1.407,0.665,0.562,31.231,5.32,1.034,0.814,0.344,61.754,10.29,1.63,1.447,0.705,46.595,8.845,0.713,0.761,0.412,11.96,1.894,0.194,0.207,0.128,36.345,5.972,1.001,0.62,0.334,39.82,7.224,1.371,1.06,0.351,13.764,3.321,0.525,0.593,0.166,40.122,7.257,0.755,1.486,0.488,13.869,2.77,0.569,0.489,0.163,58.457,11.769,2.567,1.78,0.634,77.067,15.429,1.968,2.161,0.75,59.487,11.988,2.669,1.97,0.86
1761327571,2025-10-24,right,58.269,14.998,3.504,2.745,0.505,29.47,4.515,1.368,0.557,0.481,21.642,4.428,0.839,0.665,0.302,45.33,8.636,1.527,1.331,0.616,30.521,6.783,0.802,0.694,0.354,7.828,1.475,0.176,0.184,0.129,24.882,4.358,0.751,0.523,0.294,27.608,5.943,1.124,0.871,0.307,9.585,2.811,0.547,0.506,0.142,31.413,6.618,0.812,1.247,0.429,9.69,2.372,0.537,0.415,0.154,40.268,9.717,2.063,1.498,0.554,57.79,12.526,2.185,1.87,0.666,43.863,10.052,2.446,1.642,0.735
1761327571,2025-10-24,right,41.121,12.986,3.143,2.307,0.428,18.526,3.385,1.315,0.459,0.41,12.589,3.442,0.648,0.502,0.261,29.586,6.853,1.569,1.242,0.525,16.997,4.874,1.053,0.646,0.296,4.703,1.124,0.177,0.155,0.129,14.744,2.815,0.598,0.423,0.249,16.61,4.491,0.989,0.704,0.258,5.963,2.167,0.557,0.393,0.122,22.458,5.909,0.939,0.996,0.357,6.218,2.002,0.515,0.323,0.149,23.363,7.401,1.594,1.19,0.467,38.974,9.517,2.466,1.564,0.566,28.753,7.982,2.309,1.312,0.599
1761327571,2025-10-24,right,28.543,9.97,2.676,1.759,0.366,11.267,2.468,1.309,0.417,0.369,6.719,2.514,0.547,0.38,0.234,19.928,5.336,1.857,1.27,0.471,9.183,3.472,1.512,0.669,0.257,2.36,0.911,0.22,0.142,0.13,8.588,1.635,0.616,0.365,0.218,10.384,3.226,1.108,0.632,0.227,3.781,1.56,0.595,0.293,0.112,16.102,5.25,1.178,0.805,0.301,4.085,1.702,0.529,0.245,0.155,13.397,5.306,1.404,0.986,0.404,26.255,7.221,2.906,1.374,0.487,18.723,6.297,2.432,1.112,0.492
1761327571,2025-10-24,right,21.339,6.938,2.265,1.265,0.338,7.278,1.982,1.411,0.441,0.369,4.047,1.853,0.597,0.328,0.23,15.914,4.458,2.381,1.43,0.476,7.089,2.749,2.151,0.771,0.251,1.402,0.844,0.312,0.153,0.137,6.474,0.952,0.842,0.373,0.216,8.822,2.465,1.555,0.68,0.235,3.352,1.132,0.709,0.238,0.119,11.954,4.802,1.552,0.709,0.282,3.152,1.478,0.596,0.206,0.176,9.467,3.963,1.63,0.952,0.392,19.487,6.555,3.532,1.349,0.458,13.945,5.81,2.913,1.093,0.447
1761327572,2025-10-24,right,18.369,4.904,2.063,0.922,0.348,6.499,2.023,1.643,0.507,0.409,4.79,1.628,0.814,0.344,0.254,17.107,4.355,3.019,1.657,0.535,10.213,2.607,2.854,0.911,0.285,1.658,0.877,0.443,0.188,0.151,8.541,0.707,1.232,0.434,0.243,11.732,2.34,2.285,0.813,0.29,4.415,0.943,0.925,0.235,0.146,10.983,4.658,2.033,0.701,0.308,3.5,1.319,0.715,0.21,0.21,11.624,3.706,2.271,1.067,0.438,17.293,7.941,4.285,1.445,0.49,13.704,7.073,3.728,1.21,0.471
1761327572,2025-10-24,right,17.652,4.289,2.113,0.728,0.382,6.329,2.489,1.979,0.57,0.474,6.838,1.837,1.129,0.397,0.296,19.636,4.855,3.585,1.837,0.613,14.347,2.775,3.45,1.021,0.349,2.205,0.939,0.588,0.231,0.17,12.098,0.72,1.677,0.511,0.29,16.282,2.723,3.115,0.957,0.376,6.308,0.948,1.21,0.268,0.188,10.55,4.836,2.53,0.749,0.368,4.197,1.186,0.854,0.241,0.245,15.671,4.432,3.135,1.233,0.526,16.884,10.91,5.004,1.55,0.567,15.291,9.828,4.689,1.351,0.545
1761327572,2025-10-24,right,16.53,4.801,2.36,0.62,0.417,6.614,3.079,2.353,0.589,0.538,8.621,2.277,1.448,0.442,0.339,21.144,5.498,3.921,1.869,0.671,17.884,2.911,3.791,1.045,0.424,3.058,0.963,0.723,0.262,0.186,15.317,0.803,2.048,0.558,0.337,19.589,3.287,3.822,1.031,0.465,7.499,1.028,1.503,0.307,0.233,11.045,5.164,2.942,0.816,0.438,4.733,1.071,0.989,0.276,0.269,18.462,5.592,3.976,1.331,0.622,15.727,14.223,5.505,1.554,0.657,16.902,12.994,5.55,1.403,0.632
1761327572,2025-10-24,neutral,16.075,5.512,2.661,0.536,0.437,6.933,3.509,2.669,0.547,0.576,11.147,2.69,1.671,0.452,0.365,22.66,5.847,3.937,1.723,0.681,21.517,2.851,3.797,0.966,0.488,4.473,0.929,0.815,0.273,0.195,18.656,0.875,2.236,0.549,0.367,22.981,3.733,4.203,0.998,0.53,9.063,1.089,1.724,0.328,0.271,11.223,5.482,3.218,0.884,0.494,6.001,0.96,1.1,0.295,0.275,22.269,6.578,4.55,1.296,0.693,14.576,16.505,5.662,1.425,0.723,17.811,15.274,6.069,1.317,0.692
1761327572,2025-10-24,neutral,14.763,5.822,2.857,0.459,0.436,7.28,3.694,2.863,0.469,0.573,12.006,2.991,1.762,0.425,0.365,22.653,5.767,3.703,1.465,0.646,22.874,2.612,3.542,0.825,0.525,5.313,0.871,0.855,0.264,0.193,19.668,1.033,2.242,0.497,0.371,23.426,4.014,4.205,0.875,0.556,9.155,1.143,1.824,0.329,0.293,11.204,5.697,3.406,0.942,0.52,6.229,0.934,1.193,0.297,0.267,23.424,7.147,4.736,1.141,0.722,13.487,16.967,5.46,1.221,0.746,18.232,15.91,6.136,1.136,0.708
1761327572,2025-10-24,neutral,14.117,5.641,2.857,0.404,0.419,8.283,3.709,2.907,0.401,0.53,13.601,3.186,1.727,0.379,0.342,23.902,5.399,3.381,1.214,0.587,25.058,2.355,3.186,0.692,0.531,6.638,0.854,0.834,0.248,0.184,20.617,1.389,2.113,0.436,0.353,23.984,4.177,3.854,0.722,0.541,9.518,1.242,1.779,0.314,0.295,10.964,5.691,3.565,0.979,0.516,6.962,1.067,1.266,0.29,0.253,26.002,7.311,4.516,0.935,0.712,13.855,15.606,5.021,1.048,0.724,18.757,14.853,5.78,0.956,0.679
1761327572,2025-10-24,right,13.199,5.151,2.73,0.389,0.391,9.319,3.73,2.881,0.385,0.46,13.489,3.354,1.64,0.34,0.306,24.428,5.086,3.231,1.078,0.528,25.378,2.304,2.984,0.627,0.508,6.703,0.964,0.77,0.239,0.173,19.441,2.005,1.955,0.404,0.324,22.242,4.371,3.339,0.6,0.497,8.469,1.441,1.64,0.295,0.282,10.408,5.427,3.759,0.982,0.49,6.541,1.44,1.316,0.286,0.244,26.284,7.312,4.076,0.754,0.677,15.198,13.169,4.656,0.998,0.67,19.713,12.754,5.301,0.867,0.621
1761327572,2025-10-24,right,12.839,4.579,2.559,0.41,0.362,10.887,3.909,2.858,0.442,0.382,13.659,3.52,1.573,0.322,0.269,25.995,5.272,3.408,1.105,0.484,27.523,2.666,3.076,0.649,0.468,7.158,1.261,0.672,0.247,0.165,18.664,2.779,1.845,0.426,0.294,21.053,4.709,2.854,0.554,0.44,7.679,1.719,1.463,0.28,0.261,10.527,4.977,3.964,0.946,0.456,6.272,2.049,1.331,0.294,0.241,26.92,7.382,3.624,0.648,0.629,17.959,10.806,4.593,1.099,0.604,21.64,10.628,4.976,0.91,0.55
1761327573,2025-10-24,right,12.362,4.08,2.449,0.446,0.335,11.888,4.309,2.919,0.557,0.318,12.219,3.649,1.585,0.326,0.241,26.468,6.306,3.946,1.261,0.459,28.068,3.572,3.485,0.732,0.424,6.541,1.765,0.574,0.273,0.162,16.423,3.545,1.826,0.494,0.271,18.656,5.27,2.572,0.582,0.381,5.951,2.006,1.311,0.268,0.237,11.194,4.546,4.141,0.873,0.424,5.229,2.802,1.313,0.312,0.242,25.205,7.658,3.366,0.621,0.577,21.301,9.573,4.988,1.304,0.542,24.439,9.402,5.063,1.057,0.486
1761327573,2025-10-24,right,12.605,3.754,2.41,0.47,0.315,13.012,4.881,3.038,0.682,0.281,10.874,3.645,1.646,0.336,0.223,26.862,8.242,4.67,1.455,0.454,28.715,4.944,4.022,0.824,0.395,6.275,2.395,0.495,0.309,0.161,14.3,4.061,1.844,0.58,0.261,16.938,5.967,2.514,0.654,0.332,4.712,2.18,1.192,0.259,0.214,12.924,4.367,4.16,0.779,0.403,4.549,3.512,1.254,0.331,0.239,23.196,8.077,3.326,0.638,0.524,26.989,10.098,5.732,1.53,0.503,29.741,9.641,5.538,1.237,0.443
1761327573,2025-10-24,neutral,12.728,3.626,2.374,0.47,0.305,12.772,5.535,3.124,0.778,0.284,8.386,3.45,1.683,0.337,0.208,25.275,10.824,5.3,1.605,0.478,26.474,6.594,4.442,0.893,0.407,5.269,3.001,0.464,0.343,0.16,11.23,4.217,1.819,0.645,0.268,14.427,6.644,2.586,0.725,0.296,3.163,2.157,1.083,0.25,0.192,15.084,4.616,3.897,0.701,0.401,3.767,3.975,1.156,0.343,0.227,19.242,8.447,3.374,0.666,0.471,32.685,12.265,6.536,1.719,0.503,34.715,11.27,6.156,1.393,0.44
1761327573,2025-10-24,neutral,12.373,3.624,2.265,0.448,0.308,11.925,6.115,3.064,0.824,0.326,6.219,3.077,1.626,0.322,0.194,23.3,13.508,5.592,1.675,0.542,24.906,8.188,4.558,0.942,0.473,4.646,3.432,0.491,0.369,0.157,8.927,4.034,1.696,0.666,0.29,12.853,7.101,2.644,0.766,0.275,2.126,1.925,0.955,0.247,0.17,18.931,5.358,3.379,0.682,0.422,3.448,4.07,1.05,0.346,0.208,15.321,8.547,3.34,0.687,0.421,38.647,15.279,7.045,1.859,0.552,38.67,13.644,6.576,1.506,0.484
1761327573,2025-10-24,neutral,11.696,3.748,2.055,0.421,0.324,10.5,6.495,2.822,0.835,0.399,4.684,2.683,1.46,0.296,0.18,22.084,15.651,5.43,1.675,0.647,24.411,9.372,4.346,0.992,0.585,3.904,3.597,0.579,0.382,0.154,7.825,3.698,1.482,0.642,0.325,12.724,7.225,2.592,0.764,0.271,1.354,1.593,0.812,0.25,0.149,24.769,6.485,2.792,0.748,0.463,3.346,3.823,0.97,0.339,0.188,13.059,8.318,3.135,0.701,0.382,44.09,18.028,7.035,1.955,0.651,40.718,15.904,6.545,1.584,0.571
1761327573,2025-10-24,neutral,11.345,4.075,1.806,0.405,0.349,9.587,6.599,2.434,0.834,0.485,4.92,2.485,1.224,0.273,0.172,23.171,16.783,4.844,1.634,0.776,27.057,9.884,3.864,1.064,0.713,3.63,3.492,0.695,0.382,0.155,9.196,3.424,1.215,0.59,0.364,15.02,7.063,2.401,0.727,0.285,1.333,1.298,0.676,0.259,0.134,33.752,7.834,2.339,0.888,0.513,3.645,3.358,0.939,0.325,0.175,14.097,7.937,2.78,0.718,0.363,48.92,19.595,6.475,2.013,0.786,41.331,17.425,6.01,1.635,0.681
1761327573,2025-10-24,neutral,11.278,4.643,1.655,0.408,0.375,9.079,6.429,2.035,0.84,0.558,6.768,2.647,1.01,0.262,0.172,26.263,16.726,4.04,1.573,0.892,31.48,9.665,3.31,1.149,0.814,3.6,3.196,0.8,0.371,0.16,13.017,3.401,0.991,0.532,0.396,19.515,6.77,2.156,0.671,0.312,1.911,1.169,0.585,0.269,0.128,45.845,9.119,2.186,1.057,0.555,4.294,2.855,0.961,0.304,0.172,18.298,7.642,2.426,0.743,0.367,51.981,19.499,5.549,2.017,0.928,40.458,17.952,5.167,1.657,0.78
1761327573,2025-10-24,neutral,12.113,5.334,1.703,0.429,0.389,9.78,6.04,1.763,0.851,0.593,9.833,3.138,0.904,0.269,0.18,31.043,15.656,3.298,1.502,0.96,36.279,8.872,2.87,1.224,0.851,3.684,2.812,0.874,0.351,0.166,18.456,3.677,0.901,0.487,0.411,25.322,6.503,1.982,0.618,0.344,3.053,1.232,0.558,0.274,0.131,58.908,10.041,2.331,1.208,0.579,5.217,2.433,1.008,0.282,0.179,24.818,7.569,2.252,0.774,0.387,53.554,17.795,4.567,1.952,1.038,39.84,17.478,4.349,1.634,0.838
1761327574,2025-10-24,neutral,13.462,5.965,1.965,0.461,0.389,11.524,5.519,1.711,0.851,0.579,13.612,3.773,0.958,0.292,0.191,36.183,13.981,2.889,1.416,0.961,40.024,7.857,2.762,1.26,0.813,4.291,2.466,0.908,0.327,0.171,25.015,4.162,1.018,0.466,0.407,31.327,6.355,1.979,0.59,0.374,5.016,1.455,0.589,0.271,0.142,70.98,10.384,2.64,1.309,0.589,6.735,2.185,1.042,0.266,0.191,32.044,7.716,2.365,0.808,0.414,53.314,15.009,3.82,1.814,1.087,39.39,16.219,3.852,1.554,0.842
1761327574,2025-10-24,neutral,15.594,6.557,2.414,0.503,0.377,13.507,4.97,1.83,0.815,0.522,16.19,4.325,1.145,0.326,0.201,38.699,12.172,2.877,1.302,0.906,39.984,7.549,3.353,1.363,0.766,4.729,2.369,0.996,0.338,0.184,29.138,4.672,1.317,0.467,0.387,34.403,6.308,2.125,0.6,0.397,6.761,1.764,0.656,0.262,0.16,76.772,10.049,2.888,1.352,0.604,8.235,2.117,1.041,0.263,0.203,36.689,7.986,2.702,0.841,0.441,50.932,11.975,3.41,1.632,1.068,39.137,14.573,3.752,1.412,0.805
1761327574,2025-10-24,neutral,19.783,7.493,2.971,0.559,0.366,15.457,4.454,1.999,0.731,0.442,17.452,4.634,1.386,0.366,0.203,38.392,10.533,3.146,1.159,0.823,41.421,9.798,5.468,1.955,0.874,6.591,2.906,1.401,0.491,0.234,30.752,5.027,1.699,0.48,0.359,34.107,6.259,2.322,0.644,0.411,8.523,2.085,0.728,0.256,0.179,75.411,9.133,2.928,1.349,0.638,9.863,2.183,0.994,0.279,0.213,37.98,8.229,3.091,0.867,0.462,47.274,9.417,3.259,1.448,0.997,39.418,12.914,3.915,1.237,0.758
1761327574,2025-10-24,neutral,26.428,9.204,3.51,0.643,0.365,16.503,3.99,2.082,0.627,0.365,17.023,4.629,1.585,0.406,0.196,35.49,9.111,3.474,1.008,0.742,48.833,16.08,9.891,3.502,1.293,10.156,4.384,2.386,0.887,0.349,29.647,5.066,2.029,0.498,0.333,30.578,6.022,2.417,0.7,0.414,9.346,2.342,0.773,0.254,0.199,66.986,7.851,2.72,1.317,0.69,11.011,2.275,0.906,0.31,0.22,36.14,8.253,3.306,0.877,0.474,43.705,7.787,3.137,1.303,0.898,40.791,11.6,4.122,1.095,0.725
1761327574,2025-10-24,neutral,34.705,11.773,3.897,0.762,0.376,16.741,3.559,2.025,0.554,0.307,14.885,4.333,1.668,0.438,0.18,29.89,7.78,3.639,0.874,0.676,64.956,26.261,16.561,6.101,2.049,15.671,6.767,3.955,1.532,0.534,25.495,4.715,2.185,0.512,0.311,24.399,5.447,2.312,0.741,0.401,9.267,2.46,0.77,0.257,0.214,53.653,6.436,2.324,1.266,0.74,11.396,2.277,0.795,0.345,0.223,30.808,7.915,3.207,0.862,0.469,39.66,7.013,2.852,1.214,0.789,44.892,10.763,4.248,1.059,0.712
1761327574,2025-10-24,neutral,43.279,14.657,4.003,0.923,0.396,16.069,3.124,1.882,0.548,0.27,11.937,3.839,1.604,0.453,0.157,23.941,6.419,3.53,0.767,0.62,87.012,38.137,24.179,9.281,2.982,21.948,9.534,5.775,2.296,0.752,20.744,4.015,2.109,0.513,0.291,17.972,4.55,2.018,0.738,0.37,8.136,2.4,0.718,0.259,0.222,39.518,5.076,1.856,1.193,0.759,10.707,2.136,0.675,0.372,0.219,24.55,7.216,2.827,0.809,0.443,36.138,6.68,2.362,1.162,0.68,51.883,10.234,4.289,1.162,0.707
1761327574,2025-10-24,neutral,50.28,16.918,3.777,1.13,0.425,14.906,2.721,1.747,0.616,0.248,8.641,3.286,1.405,0.447,0.135,17.526,5.084,3.13,0.686,0.567,107.426,48.079,30.448,12.12,3.797,27.304,11.824,7.281,2.958,0.938,14.855,3.19,1.834,0.5,0.27,12.147,3.599,1.62,0.677,0.326,6.583,2.167,0.629,0.264,0.221,26.887,3.967,1.442,1.093,0.728,9.244,1.882,0.568,0.382,0.21,17.697,6.429,2.308,0.714,0.401,31.316,6.406,1.746,1.112,0.577,60.316,9.744,4.322,1.383,0.703
1761327574,2025-10-24,neutral,53.418,17.692,3.282,1.386,0.467,13.499,2.481,1.715,0.735,0.233,6.41,2.826,1.137,0.433,0.125,12.684,3.961,2.548,0.636,0.517,118.116,52.544,33.14,13.642,4.205,30.024,12.812,7.921,3.292,1.029,10.585,2.578,1.5,0.484,0.256,8.835,2.976,1.291,0.581,0.287,5.355,1.829,0.538,0.283,0.211,18.191,3.281,1.229,0.99,0.657,7.461,1.599,0.508,0.379,0.205,13.104,5.973,1.884,0.611,0.365,26.475,6.124,1.264,1.06,0.494,67.038,9.288,4.507,1.671,0.7
1761327575,2025-10-24,neutral,52.674,16.695,2.688,1.675,0.527,12.239,2.552,1.83,0.87,0.224,5.496,2.588,0.914,0.433,0.139,9.483,3.288,1.978,0.643,0.487,114.612,49.804,31.219,13.299,4.065,29.14,12.109,7.453,3.184,0.99,7.79,2.496,1.284,0.485,0.264,7.812,2.999,1.201,0.5,0.275,4.911,1.508,0.496,0.328,0.2,13.118,3.221,1.371,0.92,0.582,5.77,1.416,0.544,0.376,0.213,10.688,6.208,1.775,0.559,0.365,21.199,6.115,1.228,1.042,0.456,69.918,9.176,4.999,1.969,0.716
1761327575,2025-10-24,neutral,48.459,14.265,2.209,1.952,0.598,11.476,2.974,2.037,0.979,0.224,6.696,2.616,0.839,0.465,0.179,9.538,3.186,1.59,0.729,0.49,97.731,40.9,25.327,11.227,3.437,24.956,9.958,6.047,2.675,0.839,7.736,3.023,1.288,0.514,0.306,9.506,3.696,1.409,0.474,0.299,5.476,1.325,0.535,0.4,0.191,12.163,3.869,1.94,0.91,0.541,4.678,1.433,0.701,0.383,0.238,12.066,7.172,2.062,0.605,0.418,18.546,6.676,1.8,1.092,0.476,68.282,9.631,5.786,2.215,0.756
1761327575,2025-10-24,neutral,41.429,11.166,1.98,2.145,0.662,10.901,3.605,2.226,1.036,0.231,9.205,2.832,0.946,0.525,0.236,11.77,3.533,1.458,0.881,0.519,73.519,28.552,17.438,8.235,2.565,18.931,6.998,4.192,1.957,0.631,9.367,3.921,1.478,0.565,0.376,12.665,4.748,1.832,0.516,0.353,6.681,1.326,0.657,0.486,0.188,13.217,4.945,2.833,0.954,0.546,4.146,1.656,0.961,0.4,0.272,15.755,8.49,2.648,0.752,0.512,17.709,7.723,2.868,1.203,0.544,61.49,10.462,6.651,2.347,0.807
1761327575,2025-10-24,neutral,32.836,8.268,1.984,2.185,0.693,10.297,4.189,2.302,1.022,0.245,12.242,3.084,1.185,0.591,0.291,15.26,4.055,1.568,1.047,0.552,52.94,17.825,11.074,5.624,1.794,13.848,4.458,2.741,1.344,0.449,11.999,4.791,1.747,0.618,0.453,16.101,5.697,2.306,0.601,0.411,8,1.474,0.836,0.555,0.187,15.772,6.061,3.809,1.023,0.579,4.125,1.995,1.254,0.415,0.302,20.522,9.551,3.322,0.955,0.61,18.175,8.835,4.079,1.328,0.632,50.998,11.207,7.263,2.322,0.841
1761327575,2025-10-24,neutral,25.468,6.201,2.053,2.04,0.675,9.501,4.488,2.204,0.938,0.26,13.812,3.227,1.43,0.633,0.324,17.162,4.47,1.783,1.153,0.559,48.032,14.248,9.902,4.733,1.449,12.674,3.693,2.586,1.159,0.367,13.432,5.263,1.949,0.648,0.508,17.498,6.143,2.638,0.683,0.448,8.486,1.68,1.009,0.582,0.185,16.754,6.858,4.586,1.068,0.602,3.968,2.307,1.481,0.412,0.314,22.931,9.831,3.794,1.14,0.672,17.69,9.509,4.972,1.401,0.706,40.025,11.368,7.317,2.128,0.831
1761327575,2025-10-24,neutral,18.473,5.093,1.992,1.763,0.62,8.147,4.396,1.959,0.804,0.272,13.749,3.16,1.575,0.629,0.324,17.055,4.575,1.986,1.15,0.524,61.018,20.226,15.536,6.187,1.675,15.87,5.286,4.111,1.549,0.418,13.949,5.112,1.996,0.636,0.52,17.053,5.866,2.717,0.726,0.447,8.1,1.843,1.119,0.554,0.176,16.388,7.1,4.937,1.055,0.586,3.893,2.469,1.566,0.385,0.302,23.102,9.108,3.919,1.243,0.671,16.684,9.464,5.288,1.38,0.744,34.202,10.642,6.731,1.804,0.769
1761327575,2025-10-24,neutral,13.03,4.819,1.941,1.561,0.577,7.207,3.964,1.729,0.659,0.281,12.775,2.904,1.622,0.585,0.295,16.503,4.365,2.169,1.037,0.458,94.049,33.953,26.356,9.553,2.368,24.115,8.784,6.901,2.407,0.576,14.818,4.423,1.942,0.604,0.49,16.505,5.004,2.58,0.723,0.411,7.909,1.94,1.176,0.485,0.163,15.192,6.906,4.866,0.988,0.526,3.617,2.451,1.528,0.343,0.271,22.171,7.613,3.819,1.259,0.614,14.927,8.791,5.282,1.29,0.746,31.853,9.221,5.808,1.442,0.675
1761327575,2025-10-24,neutral,11.647,5.225,2.303,1.731,0.617,8.262,3.325,1.624,0.562,0.286,11.814,2.536,1.638,0.545,0.256,16.637,3.945,2.388,0.881,0.394,132.083,49.884,38.318,13.528,3.225,33.332,12.801,9.938,3.413,0.772,17.3,3.483,1.865,0.604,0.437,17.104,3.931,2.338,0.71,0.362,7.936,1.976,1.208,0.402,0.148,13.834,6.512,4.529,0.899,0.445,3.952,2.288,1.443,0.31,0.234,22.511,5.898,3.742,1.242,0.538,14.859,7.808,5.482,1.228,0.738,42.801,7.545,5.045,1.168,0.589
1761327576,2025-10-24,neutral,14.259,6.339,3.458,2.473,0.781,11.615,2.666,1.76,0.558,0.293,13.162,2.176,1.768,0.565,0.231,20.981,3.508,2.77,0.769,0.366,167.618,61.956,47.032,16.605,3.9,42.196,15.83,12.121,4.197,0.927,23.493,2.659,1.892,0.68,0.387,21.355,3.069,2.19,0.736,0.328,9.391,2.011,1.293,0.342,0.137,14.697,6.238,4.262,0.841,0.376,5.073,2.078,1.453,0.31,0.206,27.551,4.568,4.046,1.273,0.487,18.215,7.092,6.547,1.297,0.75,57.683,6.3,4.972,1.091,0.547
1761327576,2025-10-24,neutral,20.588,8.225,5.348,3.74,1.047,18.009,2.119,2.095,0.659,0.304,17.259,1.881,2.051,0.669,0.232,29.583,3.152,3.318,0.757,0.391,184.22,66.454,49.823,17.669,4.136,45.977,16.936,12.778,4.478,0.985,32.609,2.189,2.045,0.837,0.358,28.947,2.694,2.22,0.825,0.321,11.711,2.071,1.447,0.324,0.131,17.553,6.196,4.217,0.843,0.34,7.453,1.888,1.61,0.352,0.194,37.964,3.94,4.807,1.395,0.483,26.745,7.052,8.609,1.54,0.796,81.062,5.953,5.703,1.245,0.562
1761327576,2025-10-24,neutral,29.688,10.403,7.535,5.222,1.334,24.492,1.747,2.546,0.841,0.317,22.956,1.68,2.473,0.837,0.258,40.175,2.938,3.979,0.844,0.455,180.584,61.734,45.808,16.324,3.842,45.112,15.723,11.706,4.15,0.924,42.552,2.103,2.287,1.034,0.355,37.726,2.889,2.44,0.963,0.338,14.195,2.17,1.666,0.35,0.13,21.854,6.375,4.402,0.903,0.34,9.917,1.769,1.909,0.425,0.195,50.881,4.04,5.91,1.593,0.521,36.644,7.833,11.3,1.906,0.86,97.495,6.578,7.066,1.575,0.611
1761327576,2025-10-24,neutral,39.715,12.244,9.27,6.46,1.538,29.89,1.567,2.895,1.052,0.33,28.062,1.572,2.848,1.013,0.292,48.664,2.852,4.512,0.985,0.53,156.128,49.362,36.347,13.035,3.117,38.797,12.591,9.253,3.328,0.764,49.5,2.248,2.487,1.199,0.368,44.303,3.543,2.705,1.103,0.365,15.671,2.292,1.855,0.405,0.132,25.573,6.612,4.592,1,0.359,12.091,1.717,2.201,0.498,0.202,61.543,4.641,6.889,1.811,0.572,44.623,9.145,13.645,2.288,0.911,107.38,7.745,8.369,1.952,0.661
1761327576,2025-10-24,neutral,47.799,13.107,9.93,7.065,1.582,31.344,1.595,2.988,1.225,0.339,30.217,1.588,2.988,1.132,0.314,51.642,2.924,4.677,1.117,0.583,119.969,34.01,24.804,8.931,2.212,29.94,8.731,6.293,2.295,0.558,50.774,2.472,2.521,1.266,0.381,45.796,4.464,2.887,1.195,0.382,15.229,2.441,1.94,0.47,0.133,26.984,6.727,4.55,1.109,0.377,12.725,1.736,2.341,0.542,0.205,65.634,5.485,7.318,1.982,0.602,46.979,10.515,14.718,2.575,0.919,102.018,8.915,8.992,2.229,0.679
1761327576,2025-10-24,neutral,51.709,12.74,9.33,6.879,1.449,29.059,1.799,2.739,1.319,0.341,28.634,1.756,2.783,1.161,0.315,47.865,3.165,4.357,1.225,0.603,83.165,20.83,14.783,5.385,1.456,20.826,5.538,3.72,1.395,0.381,45.749,2.684,2.313,1.222,0.383,41.617,5.405,2.876,1.222,0.379,13.088,2.629,1.886,0.53,0.131,25.52,6.624,4.145,1.214,0.378,12.007,1.847,2.24,0.545,0.204,61.527,6.343,6.977,2.074,0.592,43.048,11.436,14.07,2.722,0.876,86.411,9.689,8.539,2.333,0.657
1761327576,2025-10-24,neutral,50.548,11.404,7.774,6.036,1.192,23.494,2.213,2.276,1.384,0.348,23.794,2.127,2.28,1.112,0.298,39.258,3.847,3.809,1.489,0.62,56.551,13.273,9.065,3.56,1.167,14.47,4.119,2.155,0.919,0.301,36.457,2.964,1.924,1.143,0.379,33.293,6.248,2.706,1.258,0.366,9.755,2.877,1.717,0.578,0.129,21.766,6.374,3.441,1.336,0.363,9.797,2.08,1.937,0.524,0.204,50.863,7.158,5.973,2.129,0.553,34.1,11.827,12.106,2.884,0.819,62.914,10.171,7.26,2.409,0.623
1761327576,2025-10-24,neutral,44.115,9.647,5.88,4.872,0.899,17.044,2.864,1.87,1.525,0.376,17.556,2.707,1.659,1.03,0.273,29.335,5.295,3.573,2.187,0.682,43.782,11.992,8.62,3.93,1.481,11.286,4.85,1.723,0.974,0.347,26.141,3.44,1.564,1.154,0.384,23.866,6.977,2.59,1.425,0.364,6.382,3.173,1.48,0.607,0.126,17.346,6.158,2.703,1.512,0.344,7.256,2.419,1.557,0.513,0.211,37.468,7.969,4.753,2.244,0.51,23.786,11.941,9.887,3.334,0.802,40.897,10.728,5.879,2.728,0.621
1761327577,2025-10-24,neutral,34.563,8.003,4.259,3.781,0.662,11.658,3.802,1.794,1.828,0.431,11.795,3.5,1.132,0.975,0.255,21.523,7.706,4.139,3.47,0.82,44.283,15.136,12.52,6.111,2.283,11.318,7.238,2.143,1.456,0.494,17.778,4.252,1.468,1.356,0.405,16.139,7.687,2.767,1.806,0.389,3.779,3.473,1.233,0.62,0.126,13.741,6.227,2.22,1.768,0.338,4.914,2.834,1.242,0.544,0.233,25.49,8.91,3.811,2.496,0.49,15.362,12.22,8.489,4.259,0.872,24.87,11.796,5.181,3.492,0.685
1761327577,2025-10-24,neutral,25.282,7.615,3.463,3.206,0.571,8.537,5.082,2.186,2.288,0.508,7.777,4.569,0.88,0.981,0.251,17.482,11.026,5.642,5.193,1.029,51.533,19.8,18.58,9.102,3.259,12.776,10.234,2.935,2.119,0.677,12.674,5.419,1.761,1.747,0.445,11.515,8.529,3.384,2.372,0.444,2.3,3.73,1.04,0.624,0.13,11.593,6.788,2.201,2.087,0.354,3.462,3.292,1.079,0.619,0.269,17.483,10.261,3.559,2.883,0.511,10.674,13.202,8.556,5.589,1.038,16.84,13.721,5.635,4.663,0.821
1761327577,2025-10-24,neutral,20.752,10.442,4.178,3.721,0.717,7.645,6.735,2.946,2.791,0.587,5.735,6,0.949,1.044,0.263,16.741,14.954,7.676,6.905,1.257,58.87,23.711,24.381,11.77,4.059,14.279,12.724,3.692,2.708,0.825,10.431,6.888,2.368,2.21,0.493,9.776,9.658,4.347,2.967,0.517,1.797,3.966,0.94,0.624,0.143,10.742,7.924,2.658,2.395,0.393,2.768,3.806,1.086,0.713,0.315,13.74,12.316,4.05,3.291,0.571,9.887,15.292,9.9,6.959,1.269,14.934,16.714,7.101,5.919,1
1761327577,2025-10-24,neutral,25.887,18.253,7,5.759,1.157,8.378,8.697,3.779,3.155,0.646,5.285,7.835,1.238,1.122,0.285,17.959,18.988,9.484,8.041,1.43,61.378,25.742,27.774,13.153,4.408,14.612,13.915,4.091,3.022,0.891,9.87,8.559,3.056,2.565,0.533,9.945,11.15,5.35,3.373,0.583,1.974,4.276,0.924,0.62,0.166,10.9,9.591,3.394,2.591,0.447,2.633,4.431,1.186,0.782,0.361,13.392,15.227,4.968,3.554,0.656,11.804,18.542,11.637,7.864,1.497,16.294,20.682,8.901,6.806,1.17
1761327577,2025-10-24,neutral,41.373,30.914,11.949,9.257,1.857,9.037,10.697,4.401,3.233,0.669,5.364,9.919,1.614,1.165,0.31,18.213,22.433,10.424,8.189,1.492,55.365,25.911,27.465,12.745,4.184,13.064,13.57,3.964,2.949,0.85,9.372,10.242,3.598,2.676,0.553,10.28,12.836,6.088,3.43,0.619,2.47,4.719,0.969,0.609,0.198,10.878,11.518,4.163,2.598,0.504,2.755,5.171,1.275,0.791,0.398,13.914,18.715,5.91,3.545,0.746,13.917,22.343,12.847,7.905,1.653,17.334,24.908,10.284,6.96,1.282
1761327578,2025-10-24,neutral,110.115,60.021,26.171,18.65,3.532,10.527,10.727,3.993,1.547,0.526,7.83,11.544,2.601,0.899,0.356,15.727,19.281,6.343,2.593,0.955,18.211,17.084,5.968,3.033,1.023,4.374,5.232,1,0.843,0.257,7.725,10.703,3.377,1.65,0.482,11.29,12.667,5.119,1.561,0.522,5.258,5.125,1.485,0.515,0.271,12.177,11.611,4.55,1.411,0.57,2.689,5.966,1.199,0.435,0.358,19.27,21.383,6.559,1.998,0.876,22.245,23.341,9.265,2.572,1.262,19.951,25.036,8.448,2.71,1.032
1761327578,2025-10-24,neutral,97.635,48.808,22.137,15.637,2.966,9.063,8.318,3.593,1.249,0.485,7.537,9.156,2.484,0.792,0.342,13.602,14.654,5.147,1.689,0.823,14.221,13.846,2.946,1.925,0.689,3.413,3.794,0.627,0.588,0.185,7.106,8.689,3.019,1.482,0.449,10.185,10.22,4.482,1.275,0.496,5.196,4.23,1.48,0.488,0.257,11.497,9.085,3.911,1.169,0.533,2.57,4.992,1.132,0.378,0.312,17.991,17.161,5.851,1.732,0.825,20.392,18.588,7.671,1.76,1.066,18.247,19.618,7.139,1.981,0.905
1761327578,2025-10-24,neutral,73.483,33.725,16.06,11.203,2.171,6.936,5.798,3.193,1.087,0.444,6.508,6.398,2.21,0.69,0.317,10.969,10.064,4.237,1.248,0.717,11.673,10.309,1.67,1.466,0.549,2.857,2.702,0.455,0.47,0.146,6.369,6.39,2.642,1.351,0.412,8.497,7.619,3.922,1.114,0.472,4.599,3.1,1.367,0.46,0.234,10.151,6.523,3.16,0.994,0.487,2.237,3.754,1.044,0.352,0.266,15.194,12.33,4.952,1.537,0.753,16.661,13.545,6.247,1.397,0.901,14.811,13.992,5.894,1.586,0.79
1761327578,2025-10-24,neutral,46.728,19.531,9.854,6.729,1.389,4.77,3.768,2.784,1.003,0.4,5.345,3.977,1.838,0.606,0.285,8.508,6.38,3.487,1.066,0.62,9.621,6.839,1.303,1.244,0.472,2.38,1.784,0.371,0.404,0.119,6.162,4.302,2.249,1.198,0.373,7.155,5.412,3.409,1.003,0.44,3.998,2.017,1.172,0.431,0.207,8.92,4.586,2.413,0.848,0.441,1.967,2.563,0.929,0.342,0.226,12.193,8.141,3.978,1.363,0.67,12.642,9.507,4.981,1.267,0.769,11.577,9.577,4.756,1.367,0.685
1761327578,2025-10-24,neutral,24.271,9.719,5.139,3.331,0.802,2.989,2.54,2.354,0.949,0.357,4.156,2.33,1.441,0.551,0.249,6.644,4.012,2.798,0.975,0.525,8.728,4.071,1.201,1.033,0.394,2.255,1.053,0.307,0.337,0.094,6.616,2.752,1.836,0.997,0.331,6.484,3.87,2.879,0.894,0.39,3.43,1.202,0.941,0.402,0.179,7.89,3.571,1.762,0.714,0.399,1.626,1.661,0.79,0.335,0.194,9.519,5.331,3.041,1.192,0.586,9.178,7.2,3.845,1.191,0.663,9.174,7.131,3.743,1.199,0.588
1761327578,2025-10-24,neutral,10.864,5.1,2.551,1.436,0.469,2.005,2.086,1.958,0.914,0.322,3.461,1.52,1.1,0.524,0.211,5.882,2.952,2.251,0.941,0.443,9.107,2.373,1.193,0.824,0.323,2.422,0.601,0.262,0.272,0.075,8.081,1.819,1.445,0.779,0.292,7.114,2.945,2.316,0.797,0.329,3.334,0.713,0.717,0.379,0.151,7.483,3.355,1.287,0.619,0.361,1.465,1.118,0.642,0.328,0.173,8.142,3.96,2.272,1.048,0.506,7.564,6.577,2.935,1.142,0.578,8.894,6.566,2.97,1.078,0.502
1761327578,2025-10-24,neutral,5.504,4.128,1.701,0.755,0.333,1.731,2.128,1.653,0.905,0.302,3.155,1.322,0.876,0.525,0.18,5.995,2.811,1.939,0.976,0.391,10.04,1.689,1.236,0.666,0.274,2.708,0.419,0.24,0.22,0.065,9.951,1.397,1.165,0.602,0.262,8.536,2.433,1.806,0.754,0.27,3.443,0.5,0.541,0.37,0.128,7.224,3.579,1.044,0.593,0.329,1.346,0.874,0.508,0.323,0.159,7.836,3.578,1.776,0.974,0.441,7.566,6.994,2.334,1.14,0.511,10.243,7.149,2.504,1.036,0.431
1761327578,2025-10-24,neutral,4.744,4.345,1.67,0.658,0.286,1.891,2.289,1.431,0.925,0.293,3.216,1.398,0.775,0.544,0.161,6.523,3.007,1.838,1.064,0.38,10.588,1.679,1.257,0.585,0.254,2.915,0.415,0.234,0.192,0.066,11.651,1.259,1.047,0.51,0.242,10.364,2.078,1.413,0.786,0.229,3.753,0.451,0.436,0.381,0.112,6.939,3.796,1.007,0.65,0.301,1.463,0.787,0.407,0.321,0.151,8.276,3.544,1.556,0.989,0.398,8.591,7.503,1.995,1.202,0.464,12.195,7.847,2.263,1.088,0.384
1761327579,2025-10-24,neutral,4.899,4.276,1.763,0.683,0.262,2.116,2.304,1.25,0.965,0.293,3.229,1.505,0.773,0.567,0.155,6.714,3.118,1.86,1.153,0.407,9.748,1.935,1.217,0.575,0.257,2.699,0.484,0.235,0.185,0.077,12.204,1.22,1.083,0.506,0.232,11.51,1.734,1.162,0.873,0.212,3.748,0.471,0.403,0.407,0.107,6.195,3.698,1.105,0.77,0.279,1.623,0.738,0.354,0.322,0.144,8.528,3.41,1.559,1.073,0.377,9.392,7.402,1.823,1.308,0.437,13.435,7.903,2.121,1.207,0.365
1761327579,2025-10-24,neutral,4.767,3.828,1.809,0.715,0.25,2.239,2.167,1.098,1.003,0.296,3.191,1.603,0.841,0.577,0.161,6.429,3.119,1.936,1.185,0.455,8.399,2.311,1.144,0.602,0.27,2.374,0.583,0.243,0.191,0.093,11.475,1.249,1.231,0.552,0.225,11.862,1.462,1.06,0.965,0.217,3.513,0.535,0.432,0.434,0.111,5.228,3.33,1.264,0.9,0.263,2.001,0.704,0.355,0.322,0.14,8.472,3.188,1.729,1.167,0.372,9.397,6.654,1.761,1.405,0.425,13.153,7.258,2.026,1.326,0.371
1761327579,2025-10-24,neutral,4.347,3.159,1.782,0.718,0.247,2.229,1.952,0.963,1.008,0.3,2.95,1.7,0.922,0.559,0.172,5.602,3.076,1.984,1.121,0.5,6.514,2.744,1.072,0.62,0.279,1.842,0.697,0.257,0.197,0.11,9.398,1.336,1.415,0.594,0.216,10.921,1.327,1.074,0.999,0.234,2.834,0.635,0.489,0.441,0.12,4.253,2.873,1.386,0.985,0.252,2.221,0.681,0.395,0.313,0.136,7.9,2.984,1.95,1.202,0.37,8.609,5.509,1.737,1.429,0.418,11.696,6.171,1.926,1.37,0.39
1761327579,2025-10-24,neutral,3.749,2.453,1.663,0.68,0.248,2.063,1.708,0.838,0.959,0.304,2.609,1.769,0.958,0.514,0.182,4.447,2.996,1.938,0.969,0.526,5.199,3.149,1.011,0.611,0.274,1.515,0.804,0.276,0.197,0.12,6.668,1.438,1.544,0.6,0.202,9.118,1.338,1.132,0.944,0.253,2.09,0.771,0.544,0.415,0.126,3.622,2.442,1.389,0.992,0.244,2.521,0.657,0.455,0.292,0.136,6.907,2.831,2.096,1.141,0.363,7.26,4.298,1.69,1.348,0.402,9.468,4.936,1.778,1.304,0.405
1761327579,2025-10-24,neutral,3.197,1.874,1.469,0.615,0.248,1.796,1.492,0.746,0.861,0.308,2.147,1.816,0.922,0.454,0.194,3.238,2.914,1.791,0.776,0.531,3.912,3.497,1.027,0.581,0.257,1.129,0.897,0.313,0.193,0.124,3.903,1.556,1.563,0.563,0.19,6.601,1.55,1.178,0.813,0.269,1.272,0.946,0.573,0.361,0.127,3.178,2.248,1.253,0.933,0.237,2.305,0.636,0.521,0.264,0.139,5.51,2.818,2.091,1.011,0.35,5.657,3.309,1.614,1.187,0.375,7.184,3.859,1.586,1.153,0.406
1761327579,2025-10-24,neutral,3.228,1.518,1.252,0.555,0.248,1.935,1.342,0.73,0.742,0.311,2.249,1.862,0.825,0.406,0.213,3.063,2.867,1.601,0.612,0.528,4.199,3.714,1.193,0.556,0.239,1.249,0.957,0.381,0.188,0.123,2.375,1.727,1.483,0.497,0.188,4.781,2.017,1.203,0.66,0.286,0.949,1.156,0.583,0.299,0.124,3.204,2.43,1.04,0.86,0.231,2.251,0.64,0.591,0.244,0.144,4.869,2.984,1.94,0.892,0.342,4.655,2.739,1.572,1.016,0.341,5.933,3.124,1.408,0.991,0.396
1761327579,2025-10-24,neutral,4.426,1.423,1.08,0.537,0.253,2.899,1.294,0.828,0.647,0.315,3.412,1.951,0.71,0.397,0.242,4.802,2.938,1.446,0.541,0.537,7.806,3.85,1.568,0.562,0.238,2.189,0.996,0.499,0.189,0.124,2.7,2.005,1.38,0.432,0.204,4.694,2.752,1.253,0.552,0.31,1.322,1.387,0.598,0.254,0.122,3.975,3.005,0.901,0.841,0.227,2.191,0.702,0.664,0.246,0.147,6.195,3.349,1.741,0.876,0.354,5.26,2.682,1.671,0.918,0.31,6.644,2.819,1.335,0.905,0.387
1761327579,2025-10-24,neutral,7.047,1.543,1.004,0.578,0.269,4.81,1.364,1.041,0.61,0.321,5.778,2.106,0.636,0.439,0.284,8.519,3.175,1.391,0.588,0.57,18.988,3.954,2.135,0.611,0.261,5.21,1.024,0.661,0.202,0.131,4.773,2.394,1.34,0.398,0.24,6.64,3.657,1.389,0.533,0.343,2.436,1.597,0.648,0.243,0.125,5.78,3.839,0.976,0.918,0.225,2.605,0.843,0.741,0.276,0.147,9.854,3.845,1.635,1.013,0.394,8.022,3.063,1.987,0.938,0.296,9.667,2.898,1.443,0.945,0.39
1761327580,2025-10-24,neutral,10.689,1.78,1.039,0.665,0.294,7.311,1.526,1.328,0.637,0.33,8.842,2.293,0.643,0.521,0.328,13.298,3.539,1.459,0.73,0.62,38.039,4.112,2.789,0.687,0.303,10.174,1.05,0.844,0.223,0.143,7.675,2.814,1.397,0.403,0.287,9.944,4.511,1.616,0.599,0.378,3.949,1.73,0.735,0.264,0.134,8.499,4.681,1.304,1.077,0.228,3.302,1.038,0.809,0.324,0.143,15.151,4.313,1.711,1.269,0.454,12.585,3.697,2.495,1.056,0.3,14.395,3.236,1.735,1.094,0.407
1761327580,2025-10-24,neutral,14.114,2.019,1.137,0.757,0.319,9.639,1.689,1.599,0.701,0.339,11.545,2.424,0.715,0.608,0.361,17.562,3.861,1.595,0.901,0.661,63.146,4.303,3.367,0.755,0.347,16.607,1.063,1.007,0.242,0.157,10.205,3.112,1.497,0.432,0.329,13.198,5.021,1.847,0.703,0.4,5.289,1.737,0.83,0.298,0.147,11.372,5.23,1.783,1.257,0.231,4.024,1.23,0.842,0.369,0.135,20.209,4.524,1.934,1.541,0.507,17.358,4.331,3.028,1.2,0.315,19.04,3.66,2.096,1.273,0.428
1761327580,2025-10-24,neutral,15.933,2.142,1.22,0.804,0.329,10.828,1.758,1.751,0.755,0.344,12.859,2.407,0.803,0.658,0.368,19.576,3.952,1.695,1.026,0.664,88.968,4.438,3.673,0.774,0.372,23.249,1.047,1.093,0.245,0.163,11.446,3.162,1.538,0.457,0.348,15.014,4.993,1.959,0.783,0.395,5.998,1.604,0.886,0.322,0.157,13.634,5.288,2.226,1.387,0.229,4.467,1.349,0.817,0.39,0.125,23.09,4.328,2.167,1.707,0.527,20.309,4.685,3.376,1.283,0.326,21.551,3.928,2.361,1.386,0.435
1761327580,2025-10-24,neutral,15.597,2.081,1.219,0.775,0.318,10.696,1.677,1.72,0.751,0.34,12.49,2.196,0.852,0.645,0.346,19.044,3.681,1.653,1.045,0.617,106.22,4.522,3.629,0.722,0.368,27.346,1.036,1.083,0.226,0.158,11.194,2.911,1.445,0.456,0.336,14.864,4.392,1.852,0.797,0.358,5.893,1.355,0.868,0.322,0.159,14.579,4.884,2.474,1.423,0.219,4.344,1.35,0.734,0.376,0.114,22.994,3.714,2.253,1.69,0.502,20.545,4.577,3.371,1.255,0.324,21.161,3.851,2.391,1.364,0.418
1761327580,2025-10-24,neutral,12.844,1.855,1.127,0.673,0.287,8.886,1.458,1.51,0.67,0.323,10.208,1.834,0.85,0.572,0.304,15.472,3.068,1.447,0.948,0.528,112.32,4.519,3.236,0.609,0.335,28.873,1.045,0.971,0.186,0.142,9.161,2.415,1.218,0.422,0.297,12.26,3.393,1.531,0.745,0.296,4.874,1.055,0.779,0.298,0.15,13.573,4.251,2.462,1.367,0.202,3.615,1.237,0.616,0.334,0.103,19.305,2.848,2.119,1.498,0.446,17.367,4.026,3.004,1.13,0.31,17.407,3.405,2.162,1.205,0.38
1761327580,2025-10-24,neutral,9.047,1.571,0.986,0.531,0.245,6.514,1.175,1.187,0.532,0.296,7.244,1.452,0.818,0.468,0.256,10.806,2.293,1.127,0.769,0.428,104.113,4.51,2.668,0.473,0.288,26.34,1.11,0.809,0.139,0.12,6.4,1.818,0.926,0.372,0.247,8.735,2.32,1.091,0.66,0.227,3.503,0.789,0.65,0.263,0.133,11.434,3.699,2.245,1.259,0.186,2.595,1.064,0.507,0.282,0.093,14.023,2.026,1.818,1.212,0.386,12.704,3.262,2.399,0.968,0.296,12.263,2.757,1.764,0.968,0.334
1761327580,2025-10-24,neutral,5.237,1.38,0.858,0.389,0.205,4.02,0.942,0.846,0.378,0.265,4.272,1.206,0.79,0.365,0.217,6.12,1.618,0.81,0.568,0.346,88.589,4.538,2.124,0.354,0.242,22.425,1.223,0.647,0.099,0.099,3.624,1.301,0.675,0.324,0.205,5.015,1.499,0.685,0.574,0.168,2.099,0.635,0.523,0.229,0.113,8.84,3.394,1.94,1.138,0.178,1.536,0.908,0.448,0.237,0.086,8.457,1.529,1.472,0.924,0.348,7.739,2.605,1.764,0.832,0.29,7.053,2.189,1.346,0.723,0.298
1761327580,2025-10-24,neutral,2.524,1.387,0.778,0.281,0.175,2.309,0.842,0.562,0.249,0.235,2.227,1.193,0.781,0.287,0.194,2.86,1.253,0.586,0.399,0.298,67.126,4.551,1.742,0.281,0.21,16.704,1.337,0.532,0.079,0.084,1.807,0.998,0.535,0.295,0.18,2.406,1.107,0.42,0.509,0.129,1.142,0.619,0.426,0.204,0.097,6.868,3.364,1.66,1.029,0.181,0.793,0.837,0.45,0.207,0.081,4.339,1.49,1.191,0.705,0.339,4.213,2.283,1.254,0.755,0.292,3.417,1.932,1.027,0.529,0.279
1761327581,2025-10-24,neutral,1.099,1.6,0.747,0.219,0.154,1.314,0.892,0.379,0.165,0.208,1.11,1.402,0.78,0.243,0.182,1.123,1.273,0.5,0.293,0.277,44.343,4.495,1.561,0.26,0.191,11.069,1.397,0.478,0.079,0.076,1.577,0.951,0.512,0.294,0.174,0.945,1.12,0.33,0.466,0.111,0.675,0.713,0.363,0.188,0.087,5.719,3.498,1.471,0.941,0.193,0.335,0.876,0.489,0.189,0.081,1.957,1.849,1.038,0.578,0.349,2.285,2.339,0.942,0.733,0.293,1.499,2.066,0.865,0.409,0.27
1761327581,2025-10-24,neutral,0.722,1.924,0.724,0.196,0.139,0.941,1.041,0.304,0.126,0.186,0.787,1.722,0.757,0.223,0.173,0.639,1.587,0.524,0.247,0.267,31.464,4.321,1.485,0.274,0.179,7.848,1.369,0.461,0.093,0.072,2.905,1.099,0.557,0.322,0.178,0.54,1.355,0.365,0.439,0.11,0.626,0.848,0.319,0.176,0.083,5.502,3.673,1.384,0.876,0.207,0.231,1,0.52,0.177,0.086,1.152,2.392,0.99,0.526,0.358,1.735,2.634,0.801,0.737,0.289,1.051,2.478,0.833,0.359,0.26
1761327581,2025-10-24,neutral,0.781,2.204,0.664,0.199,0.126,0.775,1.199,0.313,0.117,0.168,0.779,1.989,0.688,0.217,0.161,0.688,1.986,0.593,0.233,0.254,20.719,3.986,1.396,0.298,0.165,5.197,1.24,0.446,0.107,0.069,5.165,1.324,0.603,0.368,0.184,0.573,1.585,0.448,0.421,0.123,0.738,0.947,0.277,0.166,0.085,5.655,3.791,1.356,0.841,0.219,0.261,1.145,0.506,0.171,0.097,1.08,2.85,0.982,0.52,0.355,1.649,2.932,0.754,0.746,0.276,1.167,2.926,0.857,0.363,0.244
1761327581,2025-10-24,neutral,0.903,2.317,0.559,0.218,0.116,0.661,1.29,0.376,0.126,0.156,0.83,2.078,0.584,0.217,0.148,0.844,2.267,0.656,0.226,0.234,16.803,3.46,1.266,0.31,0.148,4.296,1.029,0.417,0.114,0.066,7.338,1.509,0.605,0.416,0.186,0.706,1.65,0.523,0.419,0.146,0.811,0.96,0.235,0.158,0.091,6.017,3.823,1.353,0.84,0.228,0.33,1.247,0.447,0.175,0.112,1.147,3.015,0.966,0.542,0.341,1.486,3.04,0.759,0.762,0.263,1.269,3.184,0.891,0.411,0.225
1761327581,2025-10-24,left,0.96,2.215,0.433,0.244,0.112,0.539,1.273,0.46,0.142,0.153,0.832,1.938,0.477,0.221,0.139,0.952,2.311,0.691,0.214,0.217,13.041,2.853,1.073,0.307,0.133,3.386,0.798,0.36,0.112,0.063,8.955,1.584,0.558,0.452,0.184,0.809,1.522,0.567,0.444,0.178,0.839,0.886,0.2,0.156,0.099,6.072,3.747,1.353,0.871,0.239,0.432,1.268,0.359,0.196,0.13,1.175,2.824,0.93,0.587,0.332,1.243,2.894,0.82,0.799,0.257,1.266,3.137,0.926,0.492,0.214
1761327581,2025-10-24,left,0.996,1.916,0.316,0.272,0.117,0.453,1.146,0.526,0.165,0.159,0.836,1.598,0.391,0.229,0.135,1.011,2.093,0.685,0.202,0.211,10.471,2.217,0.878,0.291,0.126,2.764,0.591,0.295,0.103,0.061,9.271,1.522,0.478,0.466,0.179,0.915,1.248,0.58,0.495,0.213,0.823,0.753,0.179,0.16,0.109,5.96,3.521,1.334,0.911,0.251,0.479,1.199,0.27,0.231,0.144,1.2,2.338,0.879,0.644,0.336,0.992,2.524,0.917,0.857,0.263,1.125,2.787,0.954,0.59,0.219
1761327581,2025-10-24,left,0.979,1.51,0.225,0.297,0.127,0.367,0.939,0.538,0.192,0.17,0.778,1.159,0.326,0.237,0.138,0.951,1.688,0.631,0.197,0.216,7.751,1.687,0.686,0.268,0.128,2.105,0.451,0.226,0.091,0.062,8.474,1.33,0.388,0.45,0.171,0.927,0.929,0.562,0.554,0.243,0.813,0.605,0.169,0.168,0.117,5.357,3.106,1.259,0.926,0.262,0.486,1.059,0.194,0.27,0.152,1.165,1.73,0.811,0.693,0.35,0.825,2.035,1.006,0.918,0.276,0.898,2.243,0.948,0.675,0.236
1761327581,2025-10-24,left,1.065,1.131,0.169,0.316,0.14,0.36,0.71,0.492,0.226,0.182,0.851,0.752,0.277,0.243,0.142,0.959,1.24,0.538,0.208,0.227,5.947,1.316,0.529,0.246,0.139,1.742,0.386,0.169,0.081,0.066,6.584,1.066,0.314,0.41,0.163,0.987,0.675,0.517,0.595,0.259,0.852,0.485,0.164,0.175,0.122,4.787,2.549,1.108,0.896,0.266,0.481,0.908,0.14,0.3,0.151,1.288,1.227,0.726,0.71,0.362,0.829,1.577,1.044,0.951,0.286,0.725,1.673,0.894,0.721,0.258
1761327582,2025-10-24,left,1.184,0.923,0.148,0.331,0.151,0.38,0.558,0.409,0.271,0.193,0.926,0.502,0.242,0.246,0.144,0.974,0.936,0.427,0.238,0.233,3.981,1.151,0.403,0.233,0.153,1.181,0.389,0.127,0.078,0.071,4.495,0.813,0.277,0.358,0.153,0.969,0.568,0.451,0.597,0.26,0.934,0.414,0.158,0.177,0.122,3.943,1.979,0.891,0.824,0.259,0.416,0.814,0.11,0.309,0.14,1.455,1.034,0.635,0.686,0.36,0.965,1.298,1.01,0.936,0.288,0.602,1.274,0.799,0.716,0.274
1761327582,2025-10-24,left,1.506,0.968,0.155,0.35,0.159,0.614,0.584,0.316,0.327,0.203,1.232,0.465,0.225,0.25,0.142,1.353,0.913,0.325,0.29,0.23,3.996,1.23,0.334,0.24,0.17,1.3,0.45,0.104,0.081,0.075,2.825,0.645,0.291,0.314,0.147,1.18,0.616,0.377,0.56,0.248,1.121,0.383,0.156,0.172,0.118,3.353,1.583,0.683,0.73,0.242,0.504,0.806,0.106,0.298,0.126,2.105,1.228,0.564,0.632,0.343,1.431,1.268,0.924,0.877,0.288,0.938,1.187,0.701,0.671,0.284
1761327582,2025-10-24,left,2.175,1.278,0.218,0.382,0.167,1.319,0.854,0.279,0.397,0.217,1.917,0.63,0.259,0.26,0.139,2.543,1.239,0.32,0.369,0.224,3.908,1.579,0.375,0.284,0.187,1.179,0.557,0.114,0.093,0.08,2.393,0.612,0.367,0.294,0.15,2.046,0.789,0.351,0.503,0.235,1.449,0.383,0.184,0.165,0.113,3.345,1.506,0.64,0.643,0.221,0.834,0.88,0.144,0.278,0.115,3.912,1.767,0.603,0.577,0.322,2.597,1.47,0.908,0.804,0.298,2.292,1.464,0.724,0.617,0.296
1761327582,2025-10-24,left,3.424,1.792,0.383,0.435,0.182,2.77,1.35,0.374,0.481,0.242,3.304,0.935,0.392,0.284,0.14,5.003,1.862,0.53,0.484,0.227,5.636,2.202,0.584,0.377,0.206,1.614,0.706,0.167,0.114,0.086,3.478,0.729,0.51,0.301,0.168,4.118,1.027,0.464,0.451,0.233,2.034,0.414,0.275,0.162,0.111,4.717,1.775,0.909,0.586,0.202,1.695,0.99,0.243,0.265,0.114,7.655,2.501,0.884,0.551,0.317,4.983,1.82,1.123,0.755,0.327,5.332,2.039,1.025,0.59,0.322
1761327582,2025-10-24,left,5.238,2.382,0.681,0.504,0.206,4.967,1.952,0.646,0.571,0.276,5.401,1.285,0.645,0.322,0.15,8.689,2.615,1.02,0.631,0.247,9.031,2.931,0.976,0.516,0.227,2.447,0.857,0.271,0.143,0.095,5.891,0.956,0.7,0.329,0.197,7.469,1.282,0.776,0.421,0.244,2.858,0.485,0.446,0.168,0.113,7.412,2.294,1.538,0.561,0.19,3.072,1.075,0.409,0.269,0.129,13.337,3.217,1.483,0.567,0.336,8.657,2.198,1.656,0.748,0.376,10.109,2.744,1.682,0.607,0.369
1761327582,2025-10-24,left,7.32,2.9,1.086,0.575,0.236,7.515,2.485,1.072,0.655,0.311,7.855,1.593,0.98,0.37,0.166,12.866,3.271,1.732,0.791,0.285,12.894,3.594,1.486,0.674,0.248,3.26,0.986,0.413,0.176,0.106,8.817,1.218,0.895,0.364,0.231,11.459,1.52,1.264,0.416,0.267,3.794,0.601,0.675,0.182,0.121,10.856,2.876,2.393,0.559,0.187,4.708,1.092,0.616,0.289,0.158,19.929,3.733,2.338,0.62,0.377,13.027,2.5,2.442,0.781,0.432,15.819,3.378,2.604,0.662,0.426
1761327582,2025-10-24,left,9.16,3.189,1.505,0.628,0.261,9.802,2.78,1.565,0.714,0.333,10.096,1.782,1.31,0.416,0.184,16.509,3.618,2.485,0.926,0.328,17.295,3.988,1.968,0.808,0.263,4.475,1.053,0.553,0.201,0.117,11.541,1.42,1.045,0.389,0.257,15.065,1.709,1.807,0.428,0.293,4.636,0.745,0.905,0.199,0.131,13.994,3.347,3.2,0.566,0.191,6.273,1.027,0.813,0.317,0.195,25.777,3.929,3.241,0.686,0.423,17.046,2.641,3.271,0.832,0.478,21.096,3.749,3.536,0.73,0.476
1761327582,2025-10-24,left,10.084,3.189,1.821,0.647,0.271,11.024,2.754,1.995,0.733,0.332,11.275,1.819,1.537,0.449,0.198,18.254,3.567,3.052,0.996,0.357,19.295,4.01,2.277,0.873,0.266,4.717,1.043,0.65,0.21,0.124,12.706,1.508,1.11,0.391,0.268,16.899,1.836,2.241,0.44,0.309,5.031,0.897,1.074,0.21,0.14,15.667,3.605,3.693,0.569,0.199,7.163,0.912,0.944,0.338,0.229,28.742,3.828,3.929,0.734,0.455,19.266,2.626,3.89,0.872,0.499,24.086,3.787,4.186,0.778,0.498
1761327583,2025-10-24,left,9.848,2.932,1.934,0.627,0.261,10.843,2.438,2.233,0.709,0.306,11.1,1.718,1.591,0.46,0.204,17.693,3.164,3.243,0.978,0.359,18.327,3.686,2.314,0.847,0.256,4.659,0.956,0.673,0.2,0.126,12.487,1.453,1.066,0.363,0.258,16.484,1.882,2.426,0.438,0.31,4.902,1.029,1.133,0.211,0.146,15.457,3.615,3.715,0.562,0.21,7.267,0.786,0.975,0.343,0.248,28.008,3.522,4.179,0.745,0.461,19.078,2.511,4.092,0.885,0.49,23.985,3.536,4.333,0.789,0.481
1761327583,2025-10-24,left,8.42,2.51,1.812,0.571,0.234,9.206,1.954,2.198,0.645,0.261,9.449,1.521,1.464,0.446,0.201,14.806,2.55,2.995,0.873,0.331,17.732,3.145,2.061,0.735,0.232,4.37,0.817,0.617,0.173,0.121,10.358,1.275,0.932,0.31,0.234,13.773,1.831,2.302,0.42,0.296,4.176,1.113,1.071,0.204,0.146,13.477,3.403,3.287,0.542,0.223,6.443,0.69,0.907,0.33,0.247,23.574,3.125,3.913,0.709,0.441,16.386,2.359,3.814,0.87,0.458,20.664,3.107,3.93,0.765,0.429
1761327583,2025-10-24,left,6.31,2.048,1.504,0.491,0.2,6.738,1.458,1.901,0.551,0.212,6.979,1.28,1.207,0.406,0.19,10.709,1.904,2.4,0.706,0.281,14.123,2.56,1.619,0.574,0.201,3.574,0.661,0.506,0.138,0.112,7.512,1.031,0.753,0.244,0.205,9.85,1.678,1.927,0.39,0.273,3.151,1.129,0.918,0.192,0.14,10.737,3.059,2.603,0.511,0.235,5.157,0.636,0.778,0.306,0.227,17.122,2.716,3.236,0.636,0.405,12.203,2.204,3.172,0.834,0.415,15.431,2.628,3.136,0.717,0.36
1761327583,2025-10-24,left,4.185,1.639,1.122,0.403,0.169,4.209,1.075,1.443,0.441,0.171,4.375,1.032,0.909,0.348,0.175,6.645,1.379,1.662,0.524,0.225,13.799,2.052,1.115,0.413,0.17,3.503,0.519,0.377,0.105,0.103,4.476,0.795,0.585,0.183,0.18,5.857,1.44,1.441,0.356,0.247,2.106,1.07,0.73,0.181,0.131,8.118,2.705,1.924,0.473,0.244,3.834,0.625,0.644,0.279,0.195,10.615,2.324,2.382,0.546,0.368,7.859,2.047,2.393,0.787,0.374,9.877,2.194,2.224,0.662,0.292
1761327583,2025-10-24,left,2.599,1.324,0.779,0.323,0.15,2.297,0.857,0.964,0.334,0.143,2.349,0.807,0.653,0.288,0.16,3.654,1.045,0.997,0.368,0.178,12.266,1.648,0.69,0.296,0.145,3.155,0.401,0.264,0.084,0.095,2.27,0.622,0.464,0.143,0.164,2.85,1.15,0.993,0.323,0.224,1.351,0.947,0.556,0.172,0.119,6.245,2.425,1.462,0.436,0.247,2.913,0.64,0.541,0.256,0.161,5.768,1.948,1.593,0.462,0.338,4.594,1.877,1.697,0.734,0.339,5.526,1.858,1.453,0.609,0.239
1761327583,2025-10-24,left,1.81,1.09,0.542,0.262,0.143,1.405,0.781,0.579,0.243,0.128,1.256,0.617,0.48,0.239,0.147,2.3,0.885,0.54,0.263,0.148,13.432,1.31,0.4,0.24,0.128,3.504,0.303,0.186,0.075,0.09,1.102,0.529,0.401,0.129,0.157,1.286,0.854,0.676,0.295,0.205,0.985,0.781,0.424,0.163,0.107,5.3,2.25,1.275,0.407,0.243,2.567,0.659,0.473,0.237,0.133,3.292,1.58,1.022,0.396,0.316,2.967,1.671,1.203,0.672,0.307,3.091,1.612,0.953,0.564,0.204
1761327583,2025-10-24,left,1.66,0.908,0.413,0.219,0.145,1.309,0.783,0.337,0.173,0.122,0.957,0.472,0.386,0.207,0.136,2.164,0.836,0.306,0.207,0.134,12.813,0.975,0.254,0.234,0.121,3.344,0.215,0.147,0.076,0.087,0.871,0.495,0.381,0.137,0.155,0.845,0.604,0.501,0.269,0.188,0.957,0.603,0.335,0.15,0.095,4.869,2.17,1.279,0.388,0.233,2.62,0.686,0.423,0.219,0.116,2.668,1.242,0.69,0.348,0.296,2.704,1.438,0.903,0.6,0.275,2.32,1.439,0.702,0.519,0.183
1761327583,2025-10-24,left,1.702,0.753,0.348,0.191,0.149,1.604,0.797,0.222,0.126,0.122,1.085,0.387,0.334,0.192,0.127,2.564,0.829,0.222,0.182,0.132,12.43,0.664,0.196,0.249,0.122,3.278,0.147,0.138,0.079,0.082,1.114,0.481,0.382,0.158,0.155,1,0.443,0.415,0.246,0.173,1.044,0.44,0.271,0.132,0.087,4.687,2.138,1.314,0.379,0.226,2.824,0.735,0.369,0.196,0.107,2.81,0.979,0.523,0.318,0.275,3.063,1.216,0.711,0.526,0.245,2.38,1.327,0.588,0.474,0.167
1761327584,2025-10-24,left,1.74,0.602,0.302,0.178,0.154,1.93,0.775,0.187,0.104,0.127,1.328,0.355,0.295,0.191,0.122,2.956,0.804,0.206,0.172,0.138,10.457,0.415,0.178,0.264,0.128,2.766,0.107,0.142,0.081,0.077,1.432,0.447,0.384,0.185,0.155,1.296,0.372,0.362,0.229,0.161,1.158,0.307,0.218,0.113,0.084,4.429,2.088,1.269,0.38,0.227,3.053,0.797,0.309,0.171,0.106,2.999,0.798,0.442,0.308,0.253,3.485,1.027,0.565,0.477,0.224,2.658,1.238,0.514,0.438,0.159
1761327584,2025-10-24,neutral,1.58,0.463,0.255,0.181,0.16,2.082,0.708,0.192,0.105,0.139,1.466,0.356,0.257,0.201,0.121,3.075,0.749,0.212,0.172,0.152,8.492,0.296,0.177,0.274,0.138,2.265,0.101,0.152,0.081,0.073,1.596,0.39,0.377,0.212,0.156,1.516,0.359,0.314,0.221,0.153,1.203,0.206,0.175,0.1,0.086,4.125,1.947,1.133,0.388,0.241,3.114,0.842,0.256,0.148,0.11,2.866,0.689,0.402,0.326,0.237,3.619,0.884,0.452,0.478,0.221,2.715,1.14,0.442,0.426,0.162
1761327584,2025-10-24,neutral,1.368,0.357,0.215,0.196,0.166,2.112,0.604,0.211,0.124,0.156,1.514,0.365,0.224,0.215,0.122,3.043,0.661,0.224,0.181,0.172,6.884,0.332,0.197,0.28,0.151,1.795,0.125,0.161,0.08,0.07,1.69,0.319,0.36,0.232,0.159,1.706,0.364,0.279,0.224,0.151,1.234,0.139,0.15,0.096,0.093,3.841,1.711,0.96,0.398,0.264,3.118,0.842,0.228,0.136,0.117,2.592,0.629,0.405,0.374,0.229,3.586,0.796,0.402,0.536,0.237,2.667,1.022,0.382,0.449,0.177
1761327584,2025-10-24,neutral,1.018,0.302,0.186,0.219,0.172,1.946,0.481,0.222,0.157,0.171,1.381,0.369,0.198,0.23,0.124,2.771,0.558,0.229,0.198,0.196,6.899,0.511,0.238,0.285,0.163,1.763,0.173,0.165,0.08,0.069,1.563,0.255,0.335,0.245,0.163,1.702,0.363,0.266,0.235,0.152,1.159,0.099,0.145,0.102,0.1,3.499,1.409,0.802,0.405,0.29,2.864,0.785,0.229,0.14,0.128,2.067,0.601,0.443,0.439,0.231,3.209,0.748,0.418,0.629,0.266,2.292,0.889,0.334,0.5,0.206
1761327584,2025-10-24,neutral,0.718,0.326,0.175,0.243,0.175,1.705,0.378,0.22,0.196,0.18,1.201,0.386,0.178,0.239,0.124,2.428,0.487,0.217,0.221,0.218,8.869,0.796,0.297,0.291,0.17,2.127,0.239,0.16,0.082,0.068,1.407,0.226,0.307,0.251,0.166,1.617,0.367,0.274,0.249,0.154,1.049,0.082,0.153,0.11,0.104,3.139,1.098,0.692,0.406,0.313,2.538,0.686,0.248,0.16,0.14,1.583,0.635,0.502,0.5,0.241,2.744,0.73,0.471,0.716,0.298,1.861,0.803,0.293,0.559,0.245
1761327584,2025-10-24,neutral,0.515,0.437,0.178,0.257,0.174,1.399,0.323,0.204,0.233,0.18,1.013,0.438,0.165,0.239,0.122,2.019,0.482,0.188,0.244,0.236,12.479,1.123,0.368,0.297,0.171,3,0.315,0.149,0.085,0.068,1.138,0.244,0.284,0.251,0.166,1.411,0.396,0.29,0.256,0.155,0.876,0.088,0.164,0.115,0.105,2.693,0.834,0.639,0.398,0.327,2.029,0.571,0.267,0.192,0.153,1.206,0.757,0.559,0.529,0.253,2.176,0.734,0.512,0.752,0.324,1.389,0.822,0.249,0.601,0.287
1761327584,2025-10-24,neutral,0.573,0.614,0.188,0.255,0.166,1.143,0.321,0.186,0.262,0.177,0.959,0.528,0.165,0.228,0.119,1.667,0.545,0.148,0.26,0.248,16.844,1.418,0.436,0.296,0.164,3.974,0.387,0.138,0.087,0.065,0.939,0.301,0.279,0.245,0.161,1.236,0.465,0.31,0.248,0.155,0.715,0.122,0.171,0.113,0.103,2.251,0.655,0.629,0.387,0.328,1.565,0.475,0.278,0.227,0.164,1.138,0.947,0.603,0.511,0.262,1.82,0.763,0.5,0.714,0.335,1.234,0.98,0.202,0.602,0.323
1761327584,2025-10-24,neutral,1.355,0.855,0.205,0.242,0.154,1.01,0.368,0.181,0.283,0.178,1.079,0.645,0.187,0.211,0.118,1.43,0.658,0.116,0.267,0.253,20.044,1.589,0.486,0.283,0.154,4.8,0.434,0.129,0.089,0.062,0.764,0.375,0.303,0.233,0.151,1.089,0.567,0.349,0.229,0.155,0.579,0.199,0.175,0.109,0.1,1.813,0.56,0.665,0.39,0.315,1.161,0.427,0.283,0.257,0.172,1.466,1.156,0.656,0.452,0.267,2.54,0.94,0.441,0.623,0.334,2.514,1.39,0.185,0.569,0.345
1761327585,2025-10-24,neutral,3.824,1.211,0.239,0.229,0.144,1.266,0.461,0.201,0.302,0.191,1.494,0.772,0.241,0.192,0.121,1.495,0.798,0.107,0.27,0.255,21.716,1.578,0.507,0.258,0.143,5.155,0.44,0.124,0.09,0.058,0.694,0.435,0.358,0.215,0.139,1.059,0.682,0.438,0.208,0.156,0.542,0.33,0.18,0.109,0.101,1.573,0.545,0.776,0.425,0.293,1.186,0.428,0.295,0.277,0.175,2.521,1.342,0.756,0.381,0.267,6.487,1.513,0.403,0.525,0.331,7.964,2.291,0.267,0.521,0.354
1761327585,2025-10-24,neutral,8.688,1.731,0.299,0.228,0.144,2.116,0.6,0.252,0.33,0.221,2.264,0.892,0.325,0.18,0.128,2.016,0.945,0.131,0.277,0.255,19.577,1.394,0.503,0.224,0.139,4.68,0.403,0.121,0.089,0.057,0.715,0.467,0.434,0.192,0.127,1.142,0.78,0.587,0.194,0.16,0.639,0.498,0.191,0.121,0.106,1.546,0.603,0.979,0.498,0.264,1.808,0.461,0.321,0.287,0.175,4.529,1.483,0.93,0.326,0.264,15.245,2.65,0.458,0.465,0.335,19.691,3.847,0.502,0.486,0.354
1761327585,2025-10-24,neutral,15.642,2.391,0.385,0.245,0.156,3.601,0.772,0.322,0.372,0.259,3.335,0.988,0.425,0.18,0.138,3.03,1.071,0.178,0.294,0.255,16.435,1.092,0.481,0.192,0.144,3.927,0.33,0.118,0.087,0.061,0.829,0.473,0.512,0.169,0.118,1.365,0.826,0.775,0.197,0.163,0.863,0.664,0.204,0.143,0.113,1.837,0.709,1.253,0.598,0.234,3.158,0.501,0.357,0.289,0.172,7.4,1.579,1.16,0.31,0.259,28.463,4.283,0.635,0.469,0.351,37.29,5.951,0.879,0.487,0.35
1761327585,2025-10-24,neutral,23.268,3.058,0.473,0.276,0.179,5.431,0.938,0.385,0.424,0.295,4.563,1.039,0.511,0.196,0.148,4.384,1.141,0.228,0.319,0.256,11.383,0.763,0.454,0.173,0.157,2.705,0.244,0.115,0.084,0.069,1.044,0.468,0.573,0.15,0.113,1.72,0.81,0.951,0.219,0.165,1.172,0.783,0.216,0.171,0.118,2.293,0.819,1.528,0.702,0.203,5.007,0.533,0.386,0.288,0.167,10.699,1.625,1.39,0.332,0.253,43.317,6.024,0.897,0.532,0.37,57.142,8.124,1.306,0.532,0.345
1761327585,2025-10-24,right,29.177,3.549,0.537,0.306,0.202,7.048,1.053,0.415,0.469,0.314,5.566,1.033,0.557,0.221,0.155,5.628,1.14,0.26,0.341,0.258,7.712,0.496,0.43,0.17,0.174,1.849,0.168,0.116,0.08,0.08,1.26,0.467,0.613,0.138,0.11,2.102,0.743,1.075,0.254,0.163,1.417,0.829,0.221,0.194,0.117,2.781,0.894,1.708,0.774,0.172,6.79,0.551,0.396,0.286,0.16,13.401,1.622,1.549,0.371,0.243,55.164,7.352,1.155,0.612,0.381,73.018,9.727,1.654,0.6,0.337
1761327585,2025-10-24,right,31.589,3.701,0.56,0.322,0.215,8.005,1.086,0.399,0.489,0.309,6.153,0.967,0.554,0.243,0.156,6.479,1.071,0.269,0.351,0.259,4.711,0.339,0.41,0.182,0.189,1.114,0.118,0.122,0.076,0.09,1.465,0.474,0.634,0.131,0.109,2.463,0.651,1.136,0.288,0.154,1.57,0.817,0.222,0.205,0.111,3.149,0.91,1.722,0.787,0.144,8.061,0.553,0.381,0.278,0.15,14.853,1.566,1.589,0.396,0.23,60.212,7.819,1.318,0.665,0.371,79.947,10.211,1.811,0.658,0.322
1761327585,2025-10-24,right,29.418,3.45,0.548,0.314,0.211,7.896,1.045,0.341,0.476,0.283,5.985,0.846,0.507,0.254,0.15,6.533,0.966,0.257,0.34,0.26,3.4,0.293,0.391,0.205,0.194,0.854,0.096,0.135,0.073,0.098,1.527,0.483,0.644,0.127,0.109,2.599,0.573,1.153,0.308,0.14,1.53,0.801,0.222,0.205,0.102,3.213,0.867,1.561,0.735,0.119,8.248,0.543,0.35,0.262,0.137,14.331,1.461,1.502,0.392,0.213,56.373,7.284,1.334,0.665,0.343,74.959,9.394,1.744,0.678,0.298
1761327585,2025-10-24,right,23.812,2.87,0.533,0.288,0.191,6.96,0.979,0.264,0.436,0.244,5.26,0.694,0.435,0.245,0.142,5.976,0.868,0.235,0.311,0.257,2.902,0.311,0.374,0.23,0.189,0.742,0.094,0.152,0.072,0.102,1.481,0.486,0.651,0.124,0.11,2.537,0.548,1.153,0.312,0.123,1.391,0.832,0.229,0.198,0.094,3.033,0.8,1.273,0.642,0.101,7.609,0.539,0.317,0.235,0.12,12.258,1.334,1.322,0.364,0.194,45.591,5.983,1.211,0.613,0.307,60.593,7.556,1.504,0.647,0.266
1761327586,2025-10-24,neutral,16.557,2.161,0.542,0.25,0.166,5.526,0.962,0.194,0.381,0.207,4.158,0.563,0.359,0.217,0.133,5.001,0.83,0.216,0.268,0.251,2.902,0.358,0.372,0.248,0.179,0.756,0.108,0.171,0.074,0.102,1.326,0.497,0.666,0.12,0.115,2.243,0.626,1.157,0.3,0.109,1.203,0.944,0.248,0.189,0.091,2.699,0.764,0.943,0.537,0.092,6.207,0.567,0.297,0.202,0.102,9.319,1.276,1.11,0.323,0.177,31.947,4.486,0.997,0.529,0.283,41.757,5.383,1.193,0.568,0.236
1761327586,2025-10-24,neutral,10.365,1.657,0.6,0.213,0.147,4.185,1.065,0.16,0.329,0.18,3.059,0.545,0.299,0.177,0.129,3.945,0.927,0.216,0.225,0.24,3.139,0.463,0.405,0.255,0.169,0.771,0.146,0.196,0.079,0.103,1.111,0.57,0.679,0.118,0.125,1.731,0.87,1.155,0.278,0.104,1.019,1.132,0.28,0.182,0.094,2.372,0.855,0.671,0.45,0.095,4.592,0.662,0.296,0.169,0.085,6.352,1.446,0.921,0.288,0.171,19.675,3.439,0.77,0.444,0.287,24.979,3.798,0.929,0.458,0.223
1761327586,2025-10-24,neutral,7.995,1.685,0.698,0.188,0.151,3.65,1.335,0.169,0.295,0.168,2.588,0.75,0.266,0.135,0.134,3.454,1.254,0.237,0.195,0.231,3.138,0.656,0.477,0.254,0.169,0.715,0.223,0.227,0.086,0.105,1.069,0.78,0.672,0.125,0.144,1.336,1.327,1.127,0.256,0.115,0.896,1.353,0.317,0.175,0.104,2.272,1.233,0.529,0.393,0.116,3.241,0.873,0.312,0.144,0.073,4.815,2.035,0.787,0.267,0.186,13.155,3.291,0.6,0.386,0.327,16.727,3.542,0.783,0.347,0.242
1761327586,2025-10-24,right,10.676,2.423,0.802,0.181,0.183,4.271,1.777,0.215,0.283,0.169,3.06,1.245,0.258,0.102,0.15,3.87,1.88,0.271,0.187,0.232,3.439,0.951,0.558,0.254,0.181,0.765,0.346,0.255,0.095,0.109,1.371,1.216,0.63,0.149,0.176,1.272,2,1.049,0.241,0.146,0.854,1.548,0.348,0.167,0.12,2.503,1.994,0.514,0.362,0.156,2.533,1.234,0.342,0.131,0.069,5.195,3.192,0.704,0.262,0.229,13.51,4.178,0.528,0.37,0.395,19.398,4.931,0.761,0.266,0.302
1761327586,2025-10-24,right,17.313,3.78,0.867,0.202,0.242,5.789,2.353,0.286,0.289,0.179,4.327,1.996,0.273,0.083,0.176,5.033,2.81,0.32,0.209,0.248,4.845,1.367,0.623,0.265,0.2,1.136,0.515,0.279,0.105,0.114,2.073,1.937,0.563,0.193,0.221,1.587,2.828,0.921,0.239,0.193,0.849,1.671,0.37,0.16,0.142,3.056,3.121,0.565,0.348,0.212,2.345,1.734,0.387,0.132,0.078,7.132,4.874,0.652,0.269,0.296,19.003,5.853,0.551,0.398,0.474,30.778,7.624,0.825,0.244,0.396
1761327586,2025-10-24,right,25.128,5.427,0.868,0.268,0.321,7.603,2.973,0.378,0.309,0.195,5.819,2.852,0.313,0.085,0.207,6.364,3.908,0.401,0.258,0.282,6.982,1.89,0.646,0.291,0.22,1.586,0.711,0.288,0.115,0.116,2.868,2.884,0.496,0.253,0.272,2.069,3.671,0.788,0.256,0.246,0.819,1.705,0.387,0.161,0.167,3.531,4.441,0.629,0.345,0.274,2.478,2.282,0.439,0.14,0.098,9.486,6.77,0.63,0.284,0.377,26.244,7.745,0.652,0.462,0.541,45.242,10.713,0.958,0.301,0.506
1761327586,2025-10-24,right,31.772,6.981,0.829,0.393,0.413,9.015,3.52,0.484,0.335,0.212,6.989,3.589,0.382,0.108,0.235,7.403,4.921,0.528,0.326,0.327,11.986,2.45,0.619,0.325,0.234,2.854,0.902,0.284,0.125,0.113,3.611,3.866,0.454,0.315,0.317,2.515,4.343,0.702,0.297,0.292,0.763,1.652,0.404,0.182,0.19,3.914,5.672,0.68,0.359,0.333,2.64,2.711,0.485,0.151,0.126,11.271,8.398,0.645,0.312,0.45,31.967,9.263,0.802,0.555,0.584,57.293,13.177,1.15,0.437,0.604
1761327586,2025-10-24,right,36.122,8.296,0.794,0.574,0.511,9.765,3.968,0.588,0.362,0.228,7.481,4.055,0.473,0.151,0.253,7.826,5.622,0.689,0.404,0.371,17.208,2.922,0.557,0.352,0.239,3.929,1.039,0.266,0.131,0.107,3.938,4.614,0.444,0.363,0.344,2.713,4.675,0.676,0.358,0.322,0.671,1.539,0.424,0.229,0.206,4.087,6.53,0.702,0.393,0.379,2.757,2.912,0.504,0.159,0.155,12.04,9.395,0.69,0.354,0.493,35.072,10.41,0.962,0.664,0.598,64.078,14.795,1.385,0.624,0.668
1761327587,2025-10-24,neutral,37.619,9.291,0.798,0.776,0.601,9.746,4.322,0.676,0.383,0.24,7.252,4.181,0.561,0.211,0.256,7.6,5.856,0.853,0.48,0.404,23.159,3.196,0.493,0.358,0.235,5.362,1.09,0.246,0.132,0.1,3.861,4.907,0.461,0.382,0.345,2.61,4.582,0.686,0.427,0.33,0.624,1.403,0.446,0.295,0.213,4.099,6.799,0.69,0.447,0.403,2.806,2.841,0.483,0.162,0.18,11.839,9.56,0.74,0.408,0.496,35.724,11.377,1.096,0.775,0.589,65.351,15.732,1.615,0.816,0.682
1761327587,2025-10-24,neutral,36.911,9.936,0.841,0.941,0.664,9.249,4.585,0.727,0.39,0.247,6.532,4.015,0.613,0.275,0.248,6.954,5.612,0.97,0.539,0.422,27.377,3.2,0.462,0.335,0.227,6.253,1.043,0.232,0.126,0.095,3.391,4.658,0.483,0.365,0.319,2.262,4.104,0.684,0.483,0.321,0.631,1.272,0.461,0.36,0.207,3.947,6.424,0.649,0.508,0.403,2.828,2.548,0.423,0.161,0.196,11.078,8.969,0.76,0.459,0.461,35.147,12.322,1.169,0.863,0.567,62.803,16.323,1.765,0.954,0.65
1761327587,2025-10-24,neutral,34.554,10.19,0.895,1.015,0.682,8.529,4.716,0.725,0.378,0.248,5.618,3.679,0.605,0.327,0.232,6.146,5.01,0.998,0.569,0.426,28.897,2.952,0.48,0.291,0.216,6.629,0.92,0.227,0.116,0.092,2.751,3.953,0.488,0.317,0.277,1.798,3.381,0.637,0.508,0.3,0.707,1.162,0.46,0.404,0.19,3.603,5.534,0.593,0.555,0.381,2.774,2.144,0.345,0.156,0.204,10.202,7.898,0.73,0.489,0.402,34.379,13.177,1.16,0.906,0.542,58.736,16.731,1.768,0.998,0.587
1761327587,2025-10-24,neutral,31.293,9.973,0.922,0.973,0.646,7.884,4.646,0.664,0.348,0.244,4.816,3.296,0.534,0.351,0.214,5.496,4.236,0.927,0.565,0.418,27.742,2.534,0.54,0.242,0.203,6.409,0.757,0.23,0.106,0.092,2.143,2.998,0.466,0.251,0.231,1.381,2.595,0.547,0.493,0.274,0.814,1.081,0.437,0.409,0.168,3.117,4.386,0.542,0.572,0.343,2.666,1.733,0.277,0.151,0.205,9.487,6.675,0.653,0.486,0.336,33.767,13.634,1.073,0.89,0.516,54.842,16.806,1.613,0.939,0.511
1761327587,2025-10-24,neutral,27.304,9.199,0.887,0.829,0.563,7.285,4.316,0.552,0.309,0.24,4.222,2.927,0.422,0.344,0.196,5.071,3.465,0.783,0.529,0.399,23.69,2.069,0.606,0.206,0.19,5.466,0.601,0.229,0.1,0.093,1.711,2.042,0.415,0.187,0.191,1.108,1.902,0.431,0.439,0.244,0.914,1.03,0.393,0.374,0.147,2.564,3.266,0.513,0.552,0.299,2.464,1.382,0.24,0.147,0.203,8.84,5.542,0.544,0.447,0.277,32.615,13.291,0.929,0.817,0.486,50.926,16.147,1.344,0.804,0.438
1761327587,2025-10-24,right,22.558,7.864,0.779,0.63,0.45,6.628,3.723,0.418,0.272,0.238,3.815,2.568,0.303,0.311,0.18,4.841,2.798,0.623,0.47,0.369,18.339,1.676,0.639,0.189,0.176,4.303,0.483,0.218,0.099,0.093,1.503,1.28,0.342,0.139,0.164,1.008,1.382,0.315,0.367,0.213,0.991,0.999,0.336,0.314,0.132,2.053,2.381,0.513,0.504,0.257,2.137,1.11,0.237,0.147,0.2,8.077,4.586,0.424,0.384,0.23,29.97,11.914,0.769,0.704,0.448,45.97,14.406,1.042,0.638,0.379
1761327587,2025-10-24,right,17.175,6.119,0.624,0.434,0.333,5.685,2.932,0.297,0.241,0.235,3.441,2.191,0.207,0.267,0.165,4.605,2.246,0.509,0.4,0.33,12.741,1.427,0.628,0.193,0.167,2.957,0.413,0.195,0.103,0.09,1.483,0.803,0.264,0.116,0.148,1.077,1.043,0.232,0.302,0.18,1.053,0.967,0.284,0.251,0.126,1.787,1.793,0.56,0.443,0.221,1.702,0.895,0.256,0.152,0.197,7.008,3.762,0.315,0.323,0.194,25.183,9.624,0.645,0.583,0.397,38.582,11.593,0.79,0.487,0.333
1761327587,2025-10-24,right,11.745,4.235,0.463,0.286,0.237,4.524,2.074,0.222,0.218,0.231,3.02,1.779,0.153,0.229,0.151,4.278,1.774,0.481,0.331,0.284,8.462,1.33,0.586,0.211,0.164,2.001,0.381,0.169,0.109,0.087,1.556,0.588,0.202,0.116,0.136,1.273,0.864,0.214,0.263,0.147,1.101,0.922,0.253,0.209,0.126,1.726,1.468,0.691,0.386,0.195,1.27,0.708,0.278,0.161,0.192,5.725,3.004,0.246,0.285,0.167,18.742,6.884,0.601,0.485,0.334,29.136,8.163,0.649,0.383,0.298
1761327588,2025-10-24,right,7.081,2.617,0.344,0.198,0.176,3.237,1.338,0.214,0.203,0.223,2.534,1.39,0.144,0.207,0.141,3.776,1.392,0.541,0.277,0.24,6.022,1.342,0.557,0.232,0.17,1.438,0.374,0.155,0.114,0.086,1.636,0.562,0.169,0.131,0.123,1.514,0.828,0.279,0.256,0.12,1.133,0.862,0.244,0.2,0.13,1.801,1.363,0.925,0.34,0.181,0.914,0.548,0.285,0.172,0.184,4.456,2.352,0.25,0.28,0.148,12.168,4.433,0.679,0.427,0.272,19.048,5.022,0.646,0.332,0.272
1761327588,2025-10-24,right,3.985,1.526,0.285,0.159,0.147,2.187,0.855,0.267,0.194,0.213,2.134,1.099,0.169,0.202,0.136,3.291,1.138,0.647,0.248,0.205,4.968,1.393,0.564,0.251,0.182,1.233,0.374,0.155,0.117,0.088,1.682,0.632,0.164,0.155,0.11,1.756,0.906,0.409,0.275,0.104,1.13,0.792,0.246,0.223,0.134,1.9,1.432,1.226,0.308,0.179,0.725,0.431,0.269,0.181,0.174,3.489,1.908,0.343,0.306,0.143,6.959,2.824,0.867,0.409,0.221,10.722,2.91,0.744,0.322,0.255
1761327588,2025-10-24,right,2.237,0.958,0.287,0.147,0.14,1.389,0.633,0.359,0.191,0.206,1.802,0.939,0.214,0.213,0.136,2.761,1.015,0.744,0.247,0.186,4.761,1.441,0.606,0.262,0.197,1.244,0.376,0.165,0.116,0.094,1.653,0.725,0.185,0.186,0.098,1.872,1.05,0.576,0.314,0.101,1.099,0.721,0.254,0.269,0.136,1.951,1.62,1.538,0.288,0.191,0.661,0.376,0.23,0.186,0.163,2.857,1.693,0.527,0.353,0.156,3.76,2.145,1.141,0.421,0.194,5.271,1.941,0.91,0.334,0.246
1761327588,2025-10-24,right,1.778,0.815,0.338,0.143,0.142,1.092,0.615,0.468,0.19,0.202,1.843,0.927,0.277,0.233,0.139,2.633,1.04,0.799,0.263,0.178,5.305,1.492,0.656,0.262,0.206,1.398,0.387,0.178,0.114,0.102,1.74,0.798,0.237,0.222,0.091,2.072,1.205,0.747,0.366,0.11,1.176,0.652,0.271,0.324,0.138,3.41,2.333,1.851,0.336,0.235,0.746,0.389,0.179,0.189,0.152,2.852,1.708,0.788,0.409,0.185,2.804,2.125,1.457,0.451,0.192,2.999,1.816,1.118,0.35,0.248
1761327588,2025-10-24,neutral,1.828,0.967,0.411,0.143,0.147,0.995,0.71,0.569,0.189,0.202,1.938,1.057,0.356,0.259,0.144,2.578,1.223,0.81,0.281,0.177,5.471,1.542,0.706,0.25,0.208,1.433,0.407,0.194,0.11,0.11,1.799,0.825,0.318,0.26,0.093,2.116,1.307,0.888,0.424,0.129,1.304,0.597,0.323,0.38,0.141,34.57,10.028,4.511,1.342,0.547,0.87,0.452,0.135,0.192,0.143,3.067,1.899,1.081,0.458,0.223,2.794,2.363,1.749,0.489,0.212,2.304,2.085,1.337,0.363,0.257
1761327588,2025-10-24,neutral,2.416,1.312,0.483,0.148,0.154,1.072,0.834,0.639,0.186,0.201,2.231,1.314,0.447,0.289,0.147,2.784,1.558,0.784,0.288,0.173,6.605,1.574,0.728,0.229,0.201,1.704,0.427,0.206,0.107,0.115,1.908,0.796,0.415,0.29,0.103,2.208,1.322,0.974,0.477,0.152,1.767,0.627,0.453,0.432,0.15,152.521,39.782,15.509,5.287,1.645,1.025,0.537,0.114,0.197,0.136,3.504,2.229,1.344,0.49,0.262,3.268,2.603,1.958,0.524,0.244,2.352,2.46,1.535,0.371,0.27
1761327588,2025-10-24,neutral,2.723,1.772,0.528,0.155,0.162,1.049,0.956,0.657,0.182,0.196,2.286,1.672,0.531,0.316,0.148,2.777,2.005,0.734,0.277,0.164,6.948,1.588,0.717,0.204,0.188,1.707,0.447,0.216,0.103,0.115,1.871,0.727,0.503,0.302,0.119,2.105,1.259,0.99,0.506,0.175,2.694,0.823,0.693,0.476,0.165,419.971,104.303,40.252,13.777,3.955,1.117,0.628,0.129,0.202,0.129,3.74,2.683,1.492,0.492,0.291,3.475,2.81,2.011,0.54,0.279,2.365,2.878,1.647,0.373,0.285
1761327588,2025-10-24,neutral,2.934,2.244,0.533,0.161,0.168,1.004,1.044,0.615,0.177,0.185,2.216,2.07,0.588,0.333,0.148,2.698,2.46,0.67,0.254,0.155,7.259,1.573,0.671,0.18,0.174,1.773,0.463,0.221,0.098,0.109,1.685,0.654,0.559,0.291,0.137,1.928,1.169,0.942,0.499,0.192,4.214,1.221,1.032,0.507,0.184,816.203,203.358,78.635,26.573,7.414,1.208,0.715,0.183,0.203,0.122,3.737,3.226,1.48,0.46,0.306,3.571,3.017,1.891,0.528,0.314,2.324,3.304,1.642,0.367,0.305
1761327589,2025-10-24,left,2.691,2.632,0.499,0.163,0.174,0.849,1.066,0.524,0.175,0.17,1.916,2.425,0.6,0.332,0.149,2.426,2.791,0.599,0.224,0.15,6.737,1.525,0.602,0.161,0.163,1.594,0.471,0.22,0.09,0.098,1.438,0.611,0.568,0.257,0.151,1.708,1.117,0.849,0.449,0.202,5.764,1.778,1.401,0.517,0.204,1258.588,317.81,123.753,41.331,11.319,1.238,0.786,0.27,0.197,0.116,3.478,3.825,1.322,0.399,0.31,3.417,3.25,1.655,0.487,0.349,2.131,3.69,1.532,0.357,0.334
1761327589,2025-10-24,left,2.095,2.921,0.441,0.162,0.18,0.69,1.021,0.405,0.18,0.155,1.388,2.654,0.559,0.309,0.152,1.891,2.893,0.525,0.195,0.154,5.649,1.432,0.517,0.15,0.156,1.366,0.461,0.212,0.081,0.085,1.061,0.606,0.53,0.208,0.159,1.418,1.132,0.731,0.368,0.205,7.054,2.359,1.699,0.501,0.22,1611.777,417.356,164.388,54.508,14.574,1.243,0.831,0.371,0.184,0.111,2.724,4.372,1.069,0.321,0.312,2.823,3.48,1.38,0.434,0.39,1.767,4.103,1.346,0.348,0.375
1761327589,2025-10-24,neutral,15.266,5.543,0.576,0.19,0.204,8.749,2.045,0.194,0.294,0.171,2.044,2.247,0.262,0.169,0.164,2.646,2.334,0.329,0.136,0.256,1.918,0.874,0.383,0.173,0.158,0.553,0.269,0.162,0.064,0.046,0.606,0.519,0.349,0.127,0.172,1.568,1.198,0.685,0.166,0.199,4.817,2.604,1.163,0.264,0.205,1050.388,361.382,153.865,50.519,10.752,1.026,0.715,0.617,0.188,0.102,1.011,4.118,0.548,0.184,0.395,7.926,3.972,0.978,0.516,0.592,34.157,10.68,1.081,0.464,0.553
1761327589,2025-10-24,neutral,21.259,6.158,0.674,0.211,0.202,11.821,2.508,0.228,0.324,0.185,2.832,2.074,0.229,0.163,0.157,3.494,2.408,0.336,0.152,0.283,1.824,0.858,0.434,0.194,0.164,0.54,0.234,0.162,0.068,0.046,0.773,0.466,0.353,0.153,0.178,1.971,1.198,0.846,0.172,0.191,4.29,2.492,0.864,0.231,0.183,817.78,336.829,130.409,42.144,8.481,0.886,0.624,0.592,0.205,0.1,1.275,3.521,0.592,0.201,0.4,10.529,3.819,0.949,0.582,0.598,47.227,12.411,1.128,0.511,0.553
1761327589,2025-10-24,left,25.018,6.225,0.75,0.237,0.193,13.574,2.769,0.29,0.349,0.195,3.408,1.935,0.217,0.169,0.142,4.195,2.541,0.383,0.192,0.294,2.041,0.905,0.493,0.23,0.176,0.607,0.221,0.164,0.076,0.049,1.076,0.444,0.367,0.185,0.181,2.513,1.301,1.011,0.176,0.179,4.583,2.625,0.676,0.23,0.16,794.905,361.147,115.974,37.422,7.811,0.809,0.535,0.548,0.216,0.1,1.626,2.964,0.652,0.224,0.379,12.148,3.521,0.881,0.626,0.57,54.809,12.956,1.165,0.552,0.527
1761327590,2025-10-24,left,25.329,5.628,0.796,0.27,0.181,13.417,2.721,0.374,0.371,0.198,3.613,1.79,0.226,0.186,0.123,4.624,2.618,0.477,0.257,0.287,2.361,0.979,0.54,0.284,0.191,0.695,0.229,0.16,0.089,0.056,1.547,0.462,0.393,0.222,0.181,3.148,1.505,1.129,0.18,0.166,5.955,3.014,0.62,0.258,0.143,1001.088,430.259,113.208,37.989,9.01,0.829,0.465,0.506,0.221,0.101,2.01,2.53,0.733,0.256,0.336,12.445,3.098,0.797,0.644,0.513,54.518,12.027,1.185,0.586,0.482
1761327590,2025-10-24,left,22.205,4.503,0.814,0.313,0.169,11.463,2.378,0.467,0.394,0.196,3.394,1.6,0.253,0.217,0.104,4.698,2.549,0.607,0.342,0.262,2.386,1.02,0.571,0.355,0.208,0.698,0.242,0.15,0.106,0.065,2.104,0.501,0.438,0.269,0.176,3.783,1.73,1.161,0.198,0.158,8.224,3.508,0.653,0.302,0.134,1365.993,516.119,118.775,42.92,11.473,0.945,0.43,0.484,0.223,0.106,2.362,2.225,0.846,0.31,0.282,11.406,2.601,0.733,0.659,0.443,46.388,9.882,1.189,0.625,0.429
1761327590,2025-10-24,left,3.962,0.978,0.58,0.465,0.183,1.875,1.122,0.557,0.389,0.152,1.703,0.782,0.335,0.457,0.115,3.025,1.881,0.883,0.609,0.158,2.652,1.657,0.712,0.605,0.208,0.59,0.392,0.112,0.177,0.071,1.981,0.684,0.637,0.5,0.154,2.506,1.547,0.674,0.651,0.201,12.558,2.318,0.514,0.377,0.153,1721.286,340.332,77.165,39.505,11.544,1.278,0.801,0.496,0.279,0.158,3.472,1.497,1.233,0.759,0.223,4.432,1.816,0.826,0.945,0.268,5.978,2.739,0.928,0.875,0.292
1761327590,2025-10-24,left,2.936,1.142,0.508,0.423,0.186,1.468,1.272,0.527,0.341,0.138,1.648,0.905,0.323,0.454,0.125,2.309,2.179,0.824,0.568,0.153,3.096,2.121,0.659,0.575,0.193,0.681,0.492,0.103,0.171,0.068,1.588,0.795,0.603,0.463,0.152,1.926,1.541,0.656,0.686,0.204,9.259,1.669,0.451,0.353,0.147,1233.529,220.755,50.831,27.752,8.133,1.235,0.856,0.439,0.258,0.168,3.309,1.546,1.217,0.759,0.245,3.358,2.074,0.846,0.899,0.272,4.798,3.003,0.842,0.813,0.299
1761327591,2025-10-24,neutral,1.989,1.302,0.46,0.372,0.186,1.188,1.378,0.528,0.298,0.126,1.603,1.042,0.331,0.432,0.133,1.757,2.453,0.778,0.512,0.147,3.859,2.474,0.562,0.532,0.182,0.942,0.56,0.091,0.161,0.065,1.323,0.881,0.55,0.405,0.149,1.647,1.578,0.681,0.674,0.202,5.833,1.187,0.424,0.333,0.139,748.84,123.946,28.792,16.917,5.026,1.23,0.857,0.373,0.229,0.179,3.264,1.629,1.228,0.729,0.266,2.662,2.246,0.867,0.814,0.282,3.622,3.176,0.782,0.73,0.312
1761327591,2025-10-24,neutral,1.565,1.378,0.45,0.329,0.185,1.154,1.386,0.558,0.27,0.116,1.602,1.11,0.362,0.403,0.14,1.593,2.549,0.756,0.461,0.143,3.637,2.562,0.446,0.487,0.175,0.85,0.57,0.083,0.151,0.063,1.278,0.897,0.489,0.343,0.145,1.714,1.578,0.725,0.627,0.194,3.116,0.88,0.423,0.319,0.132,369.864,58.388,13.937,8.967,2.786,1.123,0.803,0.314,0.204,0.188,3.438,1.679,1.277,0.689,0.284,2.79,2.272,0.887,0.722,0.29,3.076,3.157,0.758,0.656,0.324
1761327591,2025-10-24,neutral,1.563,1.358,0.466,0.302,0.185,1.335,1.297,0.592,0.264,0.112,1.651,1.106,0.409,0.375,0.147,1.769,2.422,0.748,0.424,0.144,3.833,2.359,0.334,0.445,0.172,1.591,0.54,0.078,0.141,0.061,1.429,0.837,0.426,0.294,0.142,2.019,1.498,0.751,0.562,0.184,1.505,0.7,0.423,0.313,0.127,138.727,22.049,6.15,4.338,1.512,1.041,0.721,0.279,0.19,0.192,3.76,1.695,1.339,0.656,0.297,3.457,2.198,0.895,0.654,0.293,3.062,2.958,0.759,0.609,0.331
1761327591,2025-10-24,neutral,1.789,1.334,0.493,0.298,0.189,1.575,1.223,0.607,0.283,0.114,1.572,1.106,0.466,0.355,0.156,2.048,2.212,0.757,0.41,0.153,3.339,2.006,0.264,0.413,0.173,2.27,0.534,0.084,0.135,0.058,1.525,0.765,0.386,0.269,0.144,2.297,1.39,0.74,0.503,0.176,0.871,0.6,0.415,0.313,0.128,35.716,7.575,3.156,2.278,0.957,1.039,0.662,0.278,0.19,0.192,3.957,1.762,1.387,0.64,0.309,4.151,2.198,0.904,0.631,0.29,3.302,2.752,0.793,0.597,0.332
1761327591,2025-10-24,neutral,2.179,1.45,0.533,0.324,0.199,1.969,1.344,0.609,0.336,0.126,1.477,1.229,0.529,0.353,0.167,2.524,2.192,0.817,0.434,0.173,3.434,1.748,0.281,0.409,0.18,3.5,0.621,0.11,0.137,0.057,1.761,0.785,0.413,0.28,0.156,2.526,1.381,0.738,0.474,0.172,0.803,0.56,0.424,0.321,0.135,10.695,4.819,2.657,1.624,0.777,1.36,0.67,0.314,0.209,0.185,4.066,2.031,1.442,0.658,0.319,4.705,2.477,0.979,0.667,0.285,3.783,2.782,0.895,0.624,0.33
1761327591,2025-10-24,neutral,2.779,1.796,0.613,0.384,0.213,2.646,1.772,0.632,0.427,0.151,1.586,1.546,0.61,0.376,0.179,3.438,2.564,0.97,0.508,0.2,3.968,1.776,0.414,0.445,0.191,4.654,0.824,0.161,0.152,0.058,2.301,0.967,0.549,0.332,0.18,2.889,1.571,0.844,0.497,0.177,0.911,0.575,0.483,0.339,0.149,7.403,4.773,2.772,1.401,0.706,2.065,0.759,0.386,0.248,0.174,4.422,2.587,1.58,0.727,0.327,5.339,3.113,1.216,0.767,0.282,4.609,3.175,1.115,0.694,0.33
1761327591,2025-10-24,neutral,3.725,2.367,0.756,0.476,0.229,3.622,2.481,0.711,0.55,0.187,2.027,2.028,0.727,0.422,0.191,4.887,3.324,1.232,0.628,0.229,4.909,2.112,0.645,0.515,0.203,5.311,1.092,0.23,0.179,0.063,3.186,1.298,0.804,0.419,0.211,3.45,1.967,1.146,0.57,0.191,1.093,0.643,0.61,0.364,0.166,7.404,5.125,3.244,1.275,0.654,3.108,0.901,0.485,0.3,0.161,5.225,3.39,1.878,0.843,0.332,6.28,4.018,1.696,0.921,0.284,6.006,3.92,1.463,0.802,0.332
1761327591,2025-10-24,neutral,4.682,3.025,0.967,0.579,0.241,4.53,3.272,0.859,0.678,0.228,2.589,2.536,0.889,0.478,0.203,6.273,4.21,1.557,0.767,0.255,5.876,2.581,0.917,0.597,0.213,5.426,1.322,0.304,0.211,0.071,4.21,1.658,1.128,0.518,0.244,4.01,2.448,1.641,0.672,0.213,1.284,0.736,0.793,0.386,0.18,8.888,5.479,3.929,1.189,0.602,4.029,1.034,0.59,0.354,0.149,6.014,4.234,2.342,0.977,0.332,7.186,4.931,2.404,1.099,0.291,7.631,4.816,1.889,0.922,0.335
1761327592,2025-10-24,neutral,6.876,3.58,1.224,0.667,0.248,5.772,3.879,1.06,0.777,0.27,3.497,2.901,1.093,0.521,0.216,7.87,4.867,1.86,0.884,0.273,6.632,2.933,1.148,0.657,0.217,4.729,1.419,0.364,0.237,0.079,5.344,1.915,1.432,0.599,0.27,4.789,2.85,2.226,0.771,0.238,1.54,0.818,0.987,0.4,0.187,10.435,5.645,4.698,1.125,0.548,4.807,1.099,0.668,0.394,0.138,7.396,4.873,2.892,1.084,0.325,9.354,5.544,3.206,1.258,0.299,12.031,5.592,2.304,1.02,0.335
1761327592,2025-10-24,neutral,10.141,3.872,1.471,0.712,0.246,6.85,4.09,1.264,0.818,0.307,3.946,3.001,1.308,0.533,0.23,8.403,5.028,2.041,0.942,0.281,6.486,3.001,1.263,0.668,0.213,3.66,1.34,0.394,0.245,0.086,5.695,1.987,1.607,0.632,0.283,4.942,3.037,2.714,0.834,0.261,1.577,0.859,1.13,0.401,0.182,11.623,5.479,5.352,1.068,0.499,4.812,1.065,0.699,0.408,0.13,7.97,5.114,3.369,1.125,0.313,12.113,5.641,3.878,1.356,0.302,19.372,6.022,2.598,1.061,0.325
1761327592,2025-10-24,neutral,15.801,3.86,1.65,0.698,0.235,8.875,3.867,1.424,0.785,0.333,4.817,2.831,1.491,0.504,0.241,9.355,4.69,2.051,0.915,0.28,6.508,2.798,1.246,0.62,0.204,2.73,1.126,0.394,0.232,0.091,6.078,1.895,1.605,0.605,0.285,5.348,3.004,2.955,0.843,0.277,1.711,0.869,1.175,0.385,0.168,12.08,4.972,5.641,1.004,0.46,4.658,0.953,0.673,0.395,0.125,9.449,4.948,3.629,1.085,0.298,17.248,5.249,4.21,1.365,0.298,31.72,6.039,2.7,1.022,0.305
1761327592,2025-10-24,neutral,22,3.572,1.68,0.63,0.22,10.702,3.318,1.466,0.688,0.344,4.721,2.466,1.572,0.443,0.247,8.903,4.026,1.86,0.81,0.273,4.868,2.447,1.102,0.528,0.196,1.387,0.858,0.363,0.202,0.093,4.895,1.704,1.421,0.529,0.279,4.44,2.789,2.851,0.794,0.285,1.464,0.866,1.089,0.351,0.148,11.09,4.209,5.387,0.915,0.431,3.714,0.816,0.595,0.362,0.121,9.402,4.46,3.544,0.976,0.286,22.273,4.547,4.053,1.283,0.288,45.592,5.7,2.55,0.91,0.278
1761327592,2025-10-24,neutral,26.742,3.133,1.569,0.536,0.208,11.991,2.65,1.384,0.554,0.339,4.546,2.041,1.537,0.367,0.245,8.161,3.31,1.546,0.66,0.263,3.77,2.123,0.905,0.422,0.196,1.087,0.635,0.317,0.165,0.096,3.974,1.503,1.126,0.431,0.27,3.637,2.497,2.472,0.707,0.286,1.236,0.875,0.904,0.306,0.131,8.977,3.395,4.612,0.803,0.411,2.795,0.727,0.498,0.324,0.118,8.948,3.85,3.162,0.84,0.283,26.016,3.82,3.475,1.137,0.279,56.257,5.153,2.213,0.758,0.254
1761327592,2025-10-24,neutral,29.763,2.655,1.347,0.454,0.204,12.995,2.043,1.19,0.42,0.32,4.22,1.652,1.38,0.3,0.234,7.592,2.734,1.188,0.511,0.254,2.413,1.899,0.705,0.337,0.208,0.557,0.499,0.265,0.133,0.1,2.768,1.334,0.804,0.345,0.263,2.638,2.201,1.96,0.61,0.283,1.004,0.896,0.671,0.258,0.12,6.557,2.71,3.524,0.697,0.404,1.981,0.718,0.405,0.299,0.117,8.44,3.285,2.584,0.725,0.289,28.337,3.25,2.647,0.981,0.28,62.324,4.527,1.77,0.616,0.241
1761327592,2025-10-24,neutral,28.301,2.208,1.093,0.415,0.211,12.227,1.602,0.95,0.314,0.289,3.606,1.343,1.15,0.257,0.217,6.545,2.342,0.877,0.398,0.246,1.652,1.77,0.558,0.292,0.228,0.484,0.449,0.223,0.114,0.103,2.048,1.193,0.546,0.29,0.256,1.942,1.925,1.495,0.528,0.277,0.807,0.911,0.46,0.219,0.116,4.432,2.223,2.421,0.636,0.41,1.356,0.775,0.34,0.293,0.118,7.203,2.832,1.978,0.658,0.299,26.604,2.857,1.838,0.865,0.294,58.943,3.854,1.34,0.523,0.242
1761327592,2025-10-24,neutral,24.249,1.814,0.859,0.425,0.224,10.635,1.303,0.713,0.249,0.251,3.155,1.091,0.89,0.239,0.197,5.753,2.05,0.644,0.331,0.238,1.3,1.629,0.46,0.283,0.246,0.329,0.432,0.19,0.106,0.105,1.653,1.038,0.387,0.265,0.248,1.604,1.632,1.181,0.464,0.269,0.726,0.885,0.309,0.192,0.116,3.144,1.893,1.558,0.634,0.423,1.011,0.834,0.297,0.304,0.119,6.15,2.442,1.459,0.63,0.308,22.563,2.533,1.232,0.81,0.316,48.901,3.129,0.992,0.488,0.255
1761327593,2025-10-24,neutral,17.64,1.483,0.69,0.459,0.235,7.728,1.081,0.533,0.213,0.211,2.457,0.859,0.659,0.236,0.179,4.583,1.75,0.493,0.296,0.23,1.208,1.412,0.403,0.29,0.251,0.231,0.408,0.169,0.103,0.103,1.489,0.846,0.318,0.253,0.236,1.493,1.296,1.033,0.407,0.26,0.626,0.802,0.232,0.172,0.116,2.583,1.631,1.041,0.671,0.431,0.737,0.843,0.269,0.319,0.119,4.71,2.048,1.094,0.607,0.309,16.169,2.181,0.911,0.799,0.337,34.095,2.378,0.764,0.486,0.27
1761327593,2025-10-24,neutral,11.119,1.203,0.583,0.487,0.234,4.855,0.865,0.439,0.192,0.176,1.888,0.629,0.49,0.236,0.165,3.541,1.383,0.406,0.273,0.223,1.376,1.097,0.37,0.293,0.24,0.227,0.363,0.151,0.099,0.096,1.46,0.63,0.305,0.236,0.221,1.574,0.926,0.981,0.347,0.251,0.582,0.664,0.203,0.154,0.112,2.505,1.394,0.813,0.709,0.422,0.609,0.773,0.238,0.325,0.119,3.441,1.631,0.86,0.561,0.302,9.97,1.734,0.812,0.798,0.346,19.722,1.649,0.654,0.486,0.279
1761327593,2025-10-24,neutral,6.112,1.002,0.516,0.488,0.218,2.52,0.664,0.432,0.178,0.154,1.357,0.444,0.393,0.233,0.155,2.824,1.021,0.363,0.252,0.219,1.626,0.767,0.362,0.285,0.219,0.211,0.314,0.138,0.093,0.084,1.431,0.453,0.315,0.21,0.205,1.668,0.61,0.942,0.291,0.244,0.506,0.51,0.191,0.136,0.105,2.766,1.246,0.725,0.721,0.392,0.572,0.646,0.202,0.318,0.118,2.541,1.294,0.712,0.486,0.291,5.412,1.279,0.82,0.786,0.341,9.379,1.084,0.629,0.475,0.279
1761327593,2025-10-24,neutral,3.198,0.885,0.467,0.464,0.191,1.216,0.514,0.493,0.173,0.149,1.033,0.344,0.359,0.227,0.148,2.745,0.758,0.356,0.242,0.219,2.117,0.518,0.376,0.275,0.197,0.25,0.279,0.132,0.088,0.072,1.505,0.378,0.326,0.184,0.191,1.892,0.435,0.872,0.255,0.237,0.47,0.385,0.176,0.123,0.098,3.442,1.253,0.66,0.71,0.347,0.678,0.508,0.162,0.3,0.115,2.162,1.122,0.62,0.402,0.279,3.338,0.921,0.846,0.77,0.324,4.112,0.756,0.655,0.469,0.267
1761327593,2025-10-24,neutral,2.154,0.86,0.427,0.43,0.159,0.918,0.451,0.589,0.182,0.162,0.987,0.338,0.368,0.222,0.143,3.603,0.643,0.368,0.257,0.222,2.913,0.4,0.402,0.276,0.183,0.298,0.27,0.131,0.092,0.061,1.795,0.419,0.328,0.169,0.178,2.4,0.443,0.77,0.251,0.23,0.499,0.321,0.155,0.117,0.093,4.656,1.44,0.573,0.692,0.296,0.919,0.417,0.126,0.278,0.109,2.588,1.136,0.561,0.335,0.269,3.82,0.759,0.834,0.773,0.306,3.381,0.695,0.695,0.488,0.247
1761327593,2025-10-24,neutral,2.708,1.022,0.412,0.41,0.134,1.542,0.547,0.695,0.209,0.188,1.249,0.41,0.393,0.227,0.137,5.199,0.684,0.384,0.304,0.226,4.056,0.398,0.419,0.296,0.182,0.386,0.283,0.13,0.105,0.054,2.29,0.544,0.316,0.171,0.168,3.232,0.617,0.668,0.279,0.219,0.627,0.328,0.143,0.122,0.093,6.384,1.775,0.494,0.688,0.254,1.247,0.416,0.104,0.255,0.103,3.73,1.3,0.535,0.306,0.261,6.115,0.862,0.799,0.817,0.298,6.273,1.068,0.734,0.545,0.226
1761327593,2025-10-24,neutral,4.947,1.465,0.432,0.417,0.122,3.083,0.855,0.79,0.25,0.22,1.766,0.522,0.41,0.249,0.131,7.176,0.842,0.389,0.378,0.229,5.309,0.465,0.419,0.332,0.189,0.524,0.308,0.124,0.124,0.049,2.879,0.699,0.29,0.186,0.158,4.244,0.893,0.601,0.331,0.206,0.848,0.389,0.163,0.138,0.098,8.173,2.172,0.469,0.709,0.232,1.599,0.501,0.105,0.24,0.098,5.403,1.534,0.542,0.324,0.255,9.431,1.2,0.776,0.906,0.307,12.504,1.981,0.762,0.629,0.211
1761327593,2025-10-24,neutral,9.079,2.191,0.485,0.448,0.124,5.628,1.353,0.863,0.296,0.249,2.52,0.618,0.403,0.289,0.125,9.173,1.044,0.374,0.459,0.227,6.138,0.538,0.394,0.375,0.196,0.676,0.326,0.111,0.145,0.047,3.349,0.832,0.252,0.206,0.147,5.177,1.177,0.591,0.387,0.192,1.129,0.466,0.23,0.167,0.109,9.714,2.493,0.531,0.751,0.234,1.963,0.627,0.127,0.234,0.096,7.422,1.715,0.584,0.377,0.251,13.196,1.641,0.792,1.015,0.332,22.275,3.351,0.789,0.714,0.206
1761327594,2025-10-24,neutral,14.262,3.052,0.551,0.484,0.137,8.623,1.93,0.909,0.33,0.267,3.239,0.662,0.373,0.343,0.119,10.404,1.216,0.341,0.526,0.217,6.493,0.58,0.36,0.412,0.196,0.872,0.322,0.095,0.161,0.045,3.412,0.912,0.212,0.225,0.137,5.622,1.39,0.658,0.432,0.182,1.416,0.528,0.344,0.201,0.122,10.131,2.592,0.676,0.788,0.258,2.18,0.732,0.166,0.236,0.097,9.047,1.752,0.657,0.441,0.247,16.168,2.033,0.853,1.096,0.361,33.601,4.884,0.829,0.765,0.208
1761327594,2025-10-24,neutral,19.553,3.822,0.597,0.503,0.153,11.789,2.437,0.918,0.341,0.269,3.979,0.668,0.331,0.397,0.114,11.21,1.327,0.31,0.56,0.202,5.998,0.591,0.337,0.433,0.186,1.008,0.297,0.083,0.169,0.043,3.33,0.93,0.195,0.239,0.13,5.676,1.503,0.823,0.455,0.181,1.68,0.573,0.485,0.235,0.135,10.061,2.426,0.888,0.8,0.295,2.348,0.771,0.213,0.241,0.101,10.363,1.639,0.767,0.488,0.245,18.195,2.28,0.945,1.107,0.381,44.407,6.172,0.886,0.761,0.215
1761327594,2025-10-24,neutral,22.991,4.32,0.612,0.503,0.167,13.84,2.757,0.893,0.334,0.261,4.393,0.708,0.293,0.441,0.111,10.892,1.397,0.305,0.568,0.189,5.528,0.616,0.356,0.439,0.172,1.164,0.278,0.086,0.17,0.042,2.981,0.908,0.234,0.254,0.132,5.161,1.543,1.095,0.458,0.193,1.827,0.627,0.614,0.261,0.146,9.321,2.07,1.144,0.785,0.339,2.334,0.735,0.265,0.244,0.107,10.719,1.488,0.927,0.509,0.252,18.266,2.376,1.043,1.039,0.387,50.943,6.88,0.973,0.715,0.226
1761327594,2025-10-24,neutral,24.482,4.576,0.666,0.499,0.18,15.096,2.912,0.878,0.33,0.25,5.118,0.908,0.314,0.475,0.112,11.155,1.549,0.402,0.58,0.19,5.749,0.764,0.484,0.44,0.163,1.461,0.3,0.119,0.166,0.044,3.188,0.908,0.384,0.274,0.147,5.02,1.61,1.497,0.45,0.219,1.991,0.743,0.706,0.278,0.154,9.551,1.724,1.47,0.762,0.384,2.438,0.663,0.337,0.245,0.115,11.414,1.516,1.236,0.514,0.271,17.943,2.49,1.186,0.925,0.387,52.718,7.036,1.175,0.669,0.247
1761327594,2025-10-24,neutral,24.604,4.789,0.885,0.523,0.193,15.136,3.037,0.946,0.359,0.244,6.001,1.372,0.445,0.506,0.12,11.516,1.932,0.664,0.631,0.208,6.732,1.153,0.8,0.451,0.169,1.955,0.398,0.199,0.163,0.05,3.637,1.004,0.686,0.302,0.176,5.123,1.791,2.028,0.447,0.255,2.07,0.95,0.75,0.289,0.156,9.96,1.587,1.896,0.76,0.428,2.653,0.616,0.444,0.245,0.126,12.124,1.928,1.779,0.535,0.305,17.726,2.937,1.442,0.827,0.393,50.248,7.046,1.609,0.672,0.282
1761327594,2025-10-24,neutral,27.003,5.238,1.364,0.597,0.21,16.211,3.299,1.156,0.443,0.249,8.887,2.098,0.709,0.549,0.136,15.52,2.623,1.104,0.742,0.243,11.477,1.815,1.325,0.477,0.194,3.204,0.572,0.327,0.163,0.061,6.322,1.215,1.133,0.34,0.214,7.994,2.088,2.628,0.46,0.293,2.855,1.234,0.759,0.298,0.151,12.765,1.725,2.41,0.792,0.466,3.625,0.653,0.589,0.251,0.139,16.245,2.757,2.556,0.607,0.353,22.047,3.986,1.853,0.803,0.417,49.668,7.478,2.32,0.754,0.334
1761327594,2025-10-24,neutral,33.096,6.046,2.071,0.717,0.231,18.153,3.781,1.5,0.577,0.266,12.479,2.94,1.054,0.609,0.16,20.515,3.543,1.652,0.895,0.285,16.095,2.65,1.984,0.514,0.236,4.499,0.78,0.477,0.17,0.076,9.351,1.505,1.652,0.38,0.251,11.584,2.42,3.192,0.489,0.324,3.606,1.531,0.751,0.306,0.141,15.055,2.044,2.93,0.845,0.492,4.922,0.797,0.768,0.266,0.15,21.286,3.822,3.444,0.746,0.409,28.901,5.631,2.389,0.873,0.459,53.711,8.649,3.207,0.904,0.401
1761327594,2025-10-24,neutral,44.052,7.087,2.849,0.85,0.254,22.437,4.387,1.896,0.729,0.291,18.359,3.674,1.386,0.674,0.191,29.13,4.461,2.162,1.043,0.322,24.427,3.431,2.604,0.546,0.283,6.776,0.957,0.609,0.181,0.093,14.851,1.787,2.115,0.411,0.274,18.19,2.653,3.568,0.524,0.341,5.499,1.75,0.741,0.308,0.129,19.295,2.351,3.303,0.891,0.5,7.206,1.013,0.946,0.286,0.157,30.277,4.827,4.205,0.929,0.461,41.077,7.518,2.923,1.007,0.506,65.39,10.402,4.028,1.073,0.469
1761327595,2025-10-24,neutral,54.938,7.995,3.479,0.951,0.274,26.307,4.896,2.227,0.85,0.317,22.942,4.091,1.608,0.717,0.223,35.882,5.112,2.502,1.127,0.342,29.48,3.947,3.016,0.557,0.322,8.143,1.056,0.691,0.192,0.108,19.065,2.015,2.407,0.421,0.274,23.292,2.775,3.672,0.545,0.34,6.786,1.833,0.735,0.302,0.117,21.467,2.525,3.41,0.906,0.484,8.88,1.239,1.097,0.302,0.156,37.237,5.515,4.627,1.102,0.493,51.001,9.085,3.329,1.142,0.536,78.535,12.119,4.548,1.19,0.521
1761327595,2025-10-24,neutral,63.163,8.247,3.749,0.978,0.287,29.495,5.003,2.368,0.894,0.337,26.655,4.031,1.641,0.712,0.249,41.168,5.225,2.549,1.112,0.34,33.767,4.021,3.066,0.54,0.342,9.388,1.048,0.697,0.197,0.117,22.895,2.134,2.45,0.407,0.25,27.429,2.803,3.472,0.539,0.32,8.287,1.747,0.717,0.283,0.109,23.052,2.504,3.173,0.886,0.445,10.449,1.382,1.167,0.302,0.145,42.826,5.634,4.541,1.204,0.493,58.718,9.697,3.451,1.217,0.531,89.561,12.876,4.573,1.21,0.537
1761327595,2025-10-24,neutral,62.768,7.617,3.588,0.923,0.289,29.019,4.59,2.279,0.845,0.344,26.713,3.527,1.489,0.648,0.261,41.454,4.763,2.311,0.996,0.318,33.254,3.676,2.756,0.498,0.338,9.262,0.965,0.635,0.191,0.121,23.735,2.136,2.251,0.37,0.21,27.944,2.836,3.049,0.503,0.286,8.508,1.544,0.678,0.253,0.103,22.126,2.349,2.64,0.838,0.387,10.347,1.404,1.145,0.28,0.126,43.146,5.2,3.976,1.197,0.458,58.368,9.14,3.257,1.201,0.486,89.928,12.173,4.11,1.124,0.512
1761327595,2025-10-24,neutral,54.872,6.295,3.087,0.804,0.281,25.745,3.781,2.009,0.721,0.337,24.201,2.78,1.228,0.541,0.255,37.633,3.921,1.915,0.817,0.285,30.183,3.085,2.217,0.441,0.312,8.81,0.873,0.528,0.173,0.12,22.587,2.034,1.89,0.322,0.165,25.63,2.933,2.525,0.444,0.246,8.22,1.305,0.608,0.218,0.098,19.575,2.179,1.981,0.778,0.322,9.549,1.32,1.037,0.241,0.107,39.313,4.44,3.135,1.084,0.396,51.859,7.672,2.832,1.107,0.411,79.871,10.197,3.36,0.962,0.45
1761327595,2025-10-24,neutral,40.861,4.723,2.497,0.664,0.267,19.92,2.84,1.688,0.564,0.319,19.38,2.039,0.992,0.425,0.235,30.516,2.994,1.567,0.63,0.255,24.532,2.481,1.69,0.389,0.276,7.927,0.832,0.414,0.148,0.118,19.345,1.857,1.513,0.277,0.13,21.071,3.055,2.035,0.385,0.211,7.041,1.101,0.532,0.188,0.094,15.81,2.091,1.442,0.719,0.265,7.762,1.174,0.897,0.195,0.094,32.273,3.622,2.343,0.912,0.326,40.195,5.85,2.371,0.983,0.332,61.189,7.659,2.684,0.783,0.371
1761327595,2025-10-24,neutral,26.319,3.345,2.081,0.547,0.253,14.095,2.028,1.448,0.426,0.299,14.239,1.506,0.9,0.338,0.21,22.546,2.268,1.453,0.49,0.239,18.93,2.086,1.393,0.371,0.243,7.318,0.862,0.324,0.128,0.115,15.653,1.707,1.278,0.25,0.114,15.993,3.15,1.694,0.35,0.19,5.745,0.972,0.486,0.175,0.091,11.701,2.123,1.252,0.668,0.232,6.141,1.021,0.787,0.157,0.093,24.552,2.98,1.901,0.748,0.271,27.78,4.289,2.104,0.89,0.275,41.23,5.327,2.426,0.649,0.301
1761327595,2025-10-24,neutral,15.632,2.55,2.007,0.48,0.245,10.344,1.567,1.378,0.342,0.289,10.71,1.345,1.014,0.304,0.192,17.104,1.991,1.658,0.426,0.248,14.644,2.075,1.467,0.407,0.229,7.054,0.962,0.287,0.121,0.115,12.923,1.735,1.294,0.256,0.122,12.601,3.28,1.599,0.359,0.19,4.821,0.966,0.525,0.185,0.09,8.887,2.232,1.513,0.633,0.233,5.07,0.935,0.763,0.139,0.107,19.638,2.787,1.963,0.649,0.249,19.19,3.591,2.202,0.861,0.262,26.438,3.922,2.745,0.6,0.265
1761327595,2025-10-24,neutral,10.25,2.543,2.264,0.462,0.25,9.147,1.574,1.481,0.322,0.295,9.39,1.665,1.31,0.324,0.191,14.846,2.324,2.144,0.434,0.288,13.165,2.526,1.879,0.493,0.245,7.163,1.109,0.309,0.131,0.118,11.92,2.08,1.56,0.294,0.156,11.625,3.572,1.768,0.413,0.219,4.598,1.121,0.67,0.216,0.095,7.711,2.425,2.147,0.618,0.27,4.799,0.99,0.838,0.141,0.133,18.266,3.303,2.5,0.636,0.27,15.492,4.125,2.681,0.896,0.301,18.802,3.874,3.546,0.64,0.28
1761327596,2025-10-24,neutral,10.137,3.304,2.69,0.485,0.271,10.403,2.052,1.694,0.357,0.318,10.448,2.489,1.698,0.382,0.213,16.161,3.315,2.748,0.497,0.354,14.046,3.416,2.494,0.615,0.29,7.451,1.281,0.382,0.156,0.122,12.698,2.791,1.978,0.357,0.213,13.122,4.162,2.13,0.497,0.275,5.111,1.467,0.914,0.259,0.11,8.419,2.81,2.917,0.639,0.334,5.199,1.233,0.988,0.162,0.166,20.832,4.667,3.298,0.701,0.333,17.106,5.877,3.411,0.969,0.386,18.878,5.177,4.52,0.754,0.349
1761327596,2025-10-24,neutral,12.692,4.597,3.068,0.534,0.304,12.71,2.875,1.929,0.438,0.352,12.927,3.705,2.064,0.449,0.252,19.511,4.84,3.277,0.598,0.433,16.472,4.575,3.085,0.744,0.355,7.446,1.453,0.476,0.186,0.127,14.579,3.759,2.395,0.429,0.284,16.141,5.053,2.53,0.585,0.348,6.077,1.978,1.204,0.3,0.136,10.47,3.519,3.543,0.702,0.409,5.879,1.646,1.158,0.197,0.196,25.746,6.773,4.058,0.806,0.423,21.662,8.447,4.167,1.049,0.495,23.069,7.409,5.303,0.913,0.455
1761327596,2025-10-24,neutral,15.649,6.052,3.218,0.595,0.34,14.885,3.839,2.092,0.552,0.381,15.814,5.06,2.294,0.503,0.294,23.379,6.608,3.551,0.716,0.5,19.364,5.722,3.461,0.846,0.419,7.249,1.596,0.559,0.211,0.128,16.688,4.744,2.668,0.488,0.356,19.453,6.072,2.783,0.652,0.419,7.129,2.562,1.452,0.325,0.167,13.06,4.544,3.782,0.8,0.472,6.513,2.151,1.286,0.239,0.219,31.117,9.235,4.481,0.908,0.516,26.875,11.166,4.684,1.108,0.595,28.08,9.888,5.611,1.076,0.566
1761327596,2025-10-24,neutral,17.636,7.334,3.112,0.657,0.365,16.066,4.713,2.153,0.691,0.393,18.003,6.23,2.344,0.531,0.323,26.255,8.226,3.529,0.832,0.534,21.275,6.555,3.545,0.9,0.458,6.787,1.67,0.611,0.224,0.126,17.975,5.447,2.731,0.524,0.414,21.892,6.906,2.788,0.687,0.47,7.875,3.076,1.594,0.328,0.195,14.839,5.701,3.568,0.907,0.506,6.679,2.623,1.33,0.28,0.229,35.077,11.461,4.458,0.98,0.587,30.702,13.412,4.819,1.136,0.656,31.333,11.977,5.375,1.211,0.65
1761327596,2025-10-24,neutral,17.813,8.016,2.77,0.699,0.369,15.678,5.221,2.082,0.828,0.383,18.517,6.849,2.194,0.526,0.328,26.64,9.185,3.211,0.914,0.524,21.244,6.774,3.297,0.888,0.458,5.854,1.632,0.608,0.22,0.119,17.68,5.608,2.565,0.526,0.443,22.181,7.201,2.517,0.678,0.483,7.936,3.35,1.579,0.309,0.211,15.133,6.707,2.983,0.978,0.501,6.349,2.91,1.27,0.308,0.228,35.566,12.735,3.993,0.999,0.615,31.588,14.534,4.48,1.125,0.661,31.469,12.969,4.642,1.281,0.682
1761327596,2025-10-24,neutral,16.939,7.856,2.304,0.702,0.348,14.497,5.186,1.902,0.93,0.354,17.796,6.707,1.897,0.489,0.307,25.433,9.149,2.699,0.927,0.474,19.815,6.277,2.801,0.81,0.418,5.055,1.466,0.553,0.2,0.108,16.241,5.171,2.231,0.493,0.438,20.878,6.792,2.056,0.626,0.453,7.372,3.288,1.43,0.278,0.21,13.857,7.319,2.257,0.981,0.46,5.626,2.914,1.13,0.315,0.219,33.627,12.626,3.256,0.951,0.592,29.809,14.233,3.797,1.068,0.612,29.3,12.521,3.64,1.263,0.653
1761327596,2025-10-24,neutral,13.82,6.849,1.823,0.66,0.308,11.529,4.592,1.643,0.967,0.316,14.684,5.814,1.522,0.432,0.266,20.753,8.077,2.114,0.856,0.403,15.696,5.157,2.173,0.686,0.35,3.698,1.184,0.456,0.169,0.095,12.937,4.265,1.809,0.434,0.4,16.952,5.78,1.534,0.547,0.39,5.951,2.89,1.194,0.248,0.196,11.047,7.361,1.599,0.925,0.397,4.348,2.632,0.949,0.299,0.207,27.318,11.13,2.462,0.85,0.525,24.397,12.582,2.953,0.974,0.527,23.372,10.712,2.624,1.161,0.576
1761327596,2025-10-24,neutral,10.928,5.318,1.424,0.584,0.259,9.108,3.624,1.358,0.927,0.28,11.586,4.471,1.155,0.374,0.219,16.419,6.324,1.583,0.726,0.334,12.148,3.763,1.565,0.551,0.275,2.816,0.851,0.348,0.136,0.083,10.029,3.206,1.395,0.367,0.341,13.103,4.522,1.098,0.466,0.311,4.459,2.298,0.947,0.23,0.173,8.375,6.909,1.137,0.851,0.332,3.309,2.172,0.78,0.268,0.193,21.078,8.777,1.797,0.727,0.433,18.494,10.122,2.16,0.866,0.431,17.736,8.13,1.798,1.004,0.472
1761327597,2025-10-24,neutral,7.318,3.697,1.137,0.496,0.213,6.211,2.559,1.094,0.824,0.254,7.748,3.068,0.851,0.332,0.177,11.158,4.402,1.182,0.582,0.285,7.862,2.458,1.07,0.435,0.21,1.748,0.55,0.258,0.109,0.075,6.809,2.279,1.036,0.308,0.277,8.795,3.356,0.814,0.403,0.235,2.883,1.688,0.734,0.226,0.152,5.898,6.19,0.879,0.799,0.276,2.216,1.659,0.647,0.234,0.181,14.004,6.278,1.334,0.611,0.339,12.146,7.505,1.542,0.768,0.349,11.525,5.501,1.239,0.832,0.367
1761327597,2025-10-24,neutral,4.845,2.371,0.936,0.421,0.179,4.324,1.672,0.873,0.687,0.239,4.983,1.937,0.624,0.31,0.148,7.365,2.81,0.915,0.471,0.259,5.153,1.524,0.714,0.355,0.167,1.175,0.34,0.196,0.095,0.071,4.709,1.635,0.744,0.264,0.222,5.793,2.484,0.651,0.368,0.178,1.842,1.211,0.573,0.23,0.137,4.651,5.461,0.751,0.794,0.237,1.655,1.203,0.547,0.208,0.169,8.936,4.223,1.023,0.526,0.263,7.662,5.285,1.113,0.697,0.291,7.325,3.438,0.887,0.683,0.28
1761327597,2025-10-24,neutral,3.092,1.54,0.781,0.373,0.156,2.932,1.128,0.703,0.551,0.229,3.052,1.244,0.465,0.306,0.133,4.794,1.848,0.752,0.42,0.248,3.281,1.057,0.49,0.314,0.144,0.73,0.241,0.161,0.095,0.071,3.313,1.288,0.524,0.235,0.182,3.939,1.946,0.542,0.357,0.145,1.252,0.943,0.456,0.234,0.129,4.289,4.879,0.666,0.827,0.212,1.478,0.867,0.47,0.191,0.157,5.768,2.919,0.786,0.474,0.214,5.031,3.744,0.828,0.652,0.257,4.884,2.244,0.655,0.575,0.219
1761327597,2025-10-24,neutral,2.445,1.213,0.658,0.351,0.142,2.353,0.964,0.582,0.437,0.22,2.273,1.011,0.366,0.308,0.13,3.69,1.571,0.661,0.422,0.244,2.663,1.003,0.375,0.304,0.135,0.635,0.235,0.142,0.106,0.071,2.8,1.16,0.383,0.218,0.158,3.345,1.677,0.439,0.356,0.129,1.191,0.883,0.371,0.229,0.125,4.574,4.442,0.593,0.863,0.195,1.783,0.669,0.404,0.181,0.143,4.598,2.377,0.6,0.444,0.189,4.288,2.904,0.655,0.62,0.239,4.322,1.909,0.515,0.502,0.182
1761327597,2025-10-24,neutral,2.294,1.237,0.561,0.339,0.133,2.082,1.079,0.502,0.357,0.205,2.052,1.117,0.313,0.304,0.13,3.43,1.79,0.599,0.448,0.238,2.458,1.195,0.334,0.306,0.134,0.579,0.279,0.131,0.12,0.069,2.707,1.178,0.317,0.206,0.143,3.383,1.57,0.34,0.35,0.123,1.383,0.964,0.311,0.212,0.118,4.908,4.049,0.538,0.868,0.18,2.306,0.585,0.342,0.17,0.127,4.507,2.367,0.459,0.415,0.178,4.518,2.566,0.566,0.576,0.228,4.705,2.157,0.459,0.447,0.165
1761327597,2025-10-24,neutral,2.477,1.391,0.475,0.321,0.128,2.095,1.277,0.45,0.306,0.188,2.177,1.36,0.284,0.288,0.128,3.715,2.183,0.538,0.469,0.232,2.539,1.433,0.334,0.306,0.137,0.611,0.33,0.116,0.129,0.063,3.294,1.285,0.304,0.191,0.131,3.738,1.547,0.279,0.333,0.119,1.691,1.078,0.27,0.187,0.106,5.116,3.581,0.532,0.828,0.168,2.862,0.571,0.278,0.157,0.112,4.941,2.544,0.368,0.374,0.172,5.148,2.447,0.544,0.509,0.222,5.503,2.575,0.474,0.395,0.165
1761327597,2025-10-24,neutral,2.694,1.52,0.407,0.291,0.127,2.189,1.412,0.426,0.277,0.173,2.338,1.582,0.278,0.265,0.123,4.184,2.5,0.482,0.467,0.229,2.621,1.58,0.357,0.299,0.143,0.639,0.359,0.095,0.129,0.055,4.575,1.466,0.337,0.172,0.119,4.076,1.618,0.33,0.312,0.115,1.927,1.14,0.251,0.164,0.09,5.192,3.035,0.644,0.757,0.161,3.22,0.593,0.222,0.146,0.098,5.352,2.676,0.352,0.326,0.167,5.645,2.331,0.599,0.435,0.22,6.152,2.851,0.567,0.352,0.179
1761327597,2025-10-24,neutral,2.845,1.564,0.361,0.257,0.133,2.288,1.416,0.427,0.267,0.165,2.434,1.703,0.295,0.243,0.114,4.586,2.608,0.447,0.453,0.232,2.62,1.581,0.394,0.291,0.153,0.669,0.352,0.071,0.12,0.047,6.415,1.697,0.417,0.154,0.106,4.248,1.815,0.583,0.297,0.113,2.006,1.107,0.254,0.151,0.076,5.192,2.504,0.907,0.68,0.162,3.267,0.623,0.188,0.149,0.089,5.488,2.676,0.422,0.288,0.161,5.865,2.143,0.731,0.395,0.228,6.443,2.88,0.725,0.34,0.207
1761327598,2025-10-24,neutral,3.173,1.554,0.334,0.235,0.149,2.418,1.306,0.443,0.277,0.168,2.511,1.702,0.335,0.233,0.105,4.874,2.473,0.44,0.442,0.239,2.522,1.434,0.441,0.291,0.166,0.684,0.313,0.049,0.108,0.04,8.446,1.924,0.541,0.143,0.095,4.281,2.141,1.062,0.297,0.115,1.964,0.981,0.28,0.149,0.066,5.184,2.107,1.313,0.623,0.17,3.105,0.649,0.183,0.171,0.085,5.494,2.561,0.56,0.269,0.157,6.452,1.978,0.908,0.413,0.251,7.033,2.766,0.9,0.373,0.246
1761327598,2025-10-24,neutral,4.282,1.577,0.323,0.235,0.173,2.645,1.143,0.46,0.304,0.179,2.668,1.6,0.384,0.237,0.1,5.039,2.14,0.464,0.451,0.247,2.349,1.189,0.492,0.301,0.18,0.694,0.253,0.036,0.096,0.038,9.955,2.069,0.688,0.141,0.086,4.215,2.542,1.696,0.311,0.123,1.872,0.801,0.315,0.155,0.063,5.294,1.902,1.771,0.597,0.182,2.837,0.665,0.2,0.211,0.087,5.664,2.41,0.723,0.271,0.158,8.934,2.054,1.08,0.494,0.292,9.513,2.713,1.036,0.45,0.291
1761327598,2025-10-24,neutral,6.703,1.717,0.327,0.261,0.201,2.976,1.005,0.463,0.344,0.193,2.95,1.447,0.433,0.255,0.1,4.997,1.717,0.512,0.484,0.252,2.101,0.921,0.54,0.316,0.191,0.679,0.188,0.036,0.089,0.039,10.408,2.062,0.827,0.148,0.083,4.062,2.918,2.337,0.336,0.132,1.843,0.611,0.343,0.162,0.066,5.637,1.867,2.161,0.598,0.194,2.672,0.679,0.224,0.257,0.094,6.135,2.285,0.863,0.286,0.164,14.938,2.518,1.197,0.615,0.35,15.331,2.894,1.088,0.557,0.333
1761327598,2025-10-24,neutral,10.469,1.994,0.346,0.305,0.223,3.411,0.936,0.446,0.384,0.204,3.359,1.295,0.48,0.281,0.104,4.796,1.327,0.572,0.532,0.252,1.813,0.699,0.574,0.329,0.197,0.645,0.133,0.047,0.086,0.042,9.564,1.888,0.927,0.162,0.082,3.864,3.158,2.806,0.364,0.141,1.922,0.449,0.352,0.165,0.071,6.142,1.945,2.383,0.61,0.204,2.641,0.705,0.242,0.295,0.103,6.982,2.207,0.947,0.305,0.171,24.567,3.361,1.229,0.739,0.413,24.687,3.363,1.051,0.667,0.36
1761327598,2025-10-24,neutral,14.834,2.352,0.38,0.349,0.234,3.803,0.938,0.412,0.413,0.206,3.799,1.188,0.525,0.31,0.11,4.466,1.07,0.628,0.576,0.249,1.546,0.568,0.587,0.335,0.197,0.592,0.094,0.063,0.085,0.046,7.733,1.591,0.964,0.18,0.084,3.635,3.177,2.963,0.387,0.143,2.116,0.334,0.339,0.163,0.075,6.697,2.083,2.381,0.621,0.213,2.793,0.763,0.246,0.312,0.111,7.967,2.177,0.96,0.32,0.176,36.085,4.382,1.18,0.829,0.467,35.774,4.018,0.952,0.751,0.361
1761327598,2025-10-24,neutral,18.582,2.673,0.431,0.38,0.234,4.049,0.967,0.374,0.419,0.2,4.123,1.143,0.569,0.333,0.114,4.103,0.984,0.668,0.595,0.25,1.338,0.528,0.578,0.329,0.192,0.534,0.074,0.08,0.084,0.05,5.446,1.245,0.932,0.195,0.084,3.387,2.955,2.769,0.396,0.137,2.32,0.268,0.307,0.158,0.074,7.097,2.247,2.152,0.621,0.222,2.91,0.857,0.233,0.304,0.116,8.748,2.185,0.908,0.33,0.177,46.228,5.263,1.069,0.862,0.496,45.507,4.633,0.843,0.799,0.339
1761327598,2025-10-24,neutral,20.233,2.82,0.497,0.392,0.229,3.925,0.968,0.345,0.401,0.192,4.182,1.142,0.602,0.345,0.116,3.708,1.046,0.679,0.587,0.26,1.229,0.546,0.552,0.313,0.184,0.489,0.067,0.095,0.081,0.054,3.383,0.934,0.85,0.202,0.082,3.104,2.545,2.304,0.385,0.124,2.39,0.236,0.268,0.152,0.069,7.215,2.398,1.766,0.606,0.235,2.908,0.962,0.209,0.278,0.117,8.859,2.203,0.807,0.334,0.173,51.088,5.681,0.924,0.843,0.499,50.051,4.935,0.762,0.823,0.306
1761327598,2025-10-24,neutral,19.245,2.698,0.572,0.393,0.226,3.506,0.897,0.33,0.367,0.187,4.015,1.147,0.614,0.341,0.114,3.355,1.188,0.651,0.559,0.278,1.193,0.579,0.518,0.288,0.175,0.46,0.069,0.104,0.076,0.056,2.026,0.718,0.756,0.202,0.077,2.854,2.056,1.727,0.354,0.11,2.244,0.225,0.235,0.148,0.063,7.093,2.513,1.366,0.579,0.25,2.697,1.036,0.185,0.244,0.116,8.349,2.21,0.683,0.338,0.167,49.001,5.47,0.769,0.797,0.481,47.979,4.755,0.722,0.847,0.28
1761327599,2025-10-24,neutral,15.937,2.324,0.65,0.396,0.231,2.871,0.759,0.331,0.33,0.189,3.722,1.124,0.597,0.321,0.112,3.04,1.331,0.589,0.527,0.299,1.197,0.593,0.488,0.258,0.168,0.444,0.075,0.109,0.07,0.058,1.45,0.599,0.688,0.198,0.071,2.701,1.592,1.199,0.312,0.099,1.901,0.226,0.217,0.151,0.059,6.887,2.558,1.083,0.547,0.264,2.386,1.041,0.174,0.211,0.114,7.483,2.185,0.562,0.345,0.164,40.707,4.703,0.63,0.749,0.453,40.024,4.132,0.718,0.886,0.273
1761327599,2025-10-24,neutral,11.368,1.801,0.719,0.405,0.242,2.167,0.592,0.342,0.301,0.197,3.405,1.056,0.551,0.289,0.11,2.707,1.408,0.514,0.5,0.315,1.157,0.574,0.481,0.224,0.164,0.427,0.08,0.11,0.065,0.061,1.401,0.536,0.667,0.197,0.066,2.642,1.216,0.825,0.271,0.094,1.433,0.233,0.217,0.162,0.058,6.732,2.502,0.971,0.521,0.274,2.047,0.963,0.182,0.185,0.11,6.581,2.098,0.461,0.354,0.161,29.082,3.64,0.53,0.714,0.425,28.955,3.259,0.732,0.929,0.288
1761327599,2025-10-24,neutral,6.899,1.272,0.764,0.414,0.249,1.549,0.448,0.359,0.282,0.205,3.125,0.946,0.49,0.25,0.106,2.328,1.384,0.454,0.482,0.316,1.061,0.53,0.513,0.19,0.161,0.4,0.084,0.111,0.061,0.064,1.474,0.484,0.686,0.202,0.067,2.634,0.941,0.623,0.243,0.096,0.957,0.246,0.229,0.178,0.059,6.676,2.34,1.001,0.502,0.278,1.788,0.814,0.206,0.167,0.106,5.9,1.924,0.39,0.36,0.157,18.135,2.58,0.482,0.691,0.399,18.169,2.375,0.748,0.947,0.313
1761327599,2025-10-24,neutral,3.629,0.86,0.775,0.413,0.243,1.15,0.368,0.373,0.268,0.207,2.886,0.811,0.426,0.212,0.101,1.909,1.272,0.428,0.462,0.297,0.89,0.483,0.577,0.158,0.157,0.351,0.088,0.112,0.06,0.067,1.487,0.431,0.71,0.214,0.075,2.606,0.748,0.537,0.235,0.102,0.588,0.261,0.246,0.194,0.063,6.686,2.09,1.106,0.49,0.277,1.676,0.636,0.234,0.155,0.1,5.49,1.661,0.35,0.36,0.148,10.697,1.777,0.504,0.672,0.372,10.307,1.663,0.76,0.909,0.33
1761327599,2025-10-24,neutral,1.851,0.613,0.754,0.394,0.22,0.952,0.354,0.379,0.249,0.197,2.634,0.676,0.375,0.18,0.093,1.516,1.112,0.441,0.429,0.262,0.713,0.454,0.651,0.131,0.152,0.293,0.097,0.117,0.06,0.07,1.466,0.377,0.707,0.226,0.088,2.535,0.611,0.5,0.247,0.11,0.368,0.278,0.268,0.208,0.067,6.608,1.813,1.223,0.481,0.275,1.664,0.485,0.259,0.149,0.093,5.261,1.336,0.344,0.358,0.135,7.373,1.345,0.611,0.665,0.343,6.052,1.171,0.772,0.811,0.324
1761327599,2025-10-24,neutral,1.168,0.498,0.712,0.358,0.184,0.9,0.378,0.379,0.223,0.18,2.265,0.556,0.354,0.162,0.085,1.141,0.935,0.482,0.378,0.222,0.556,0.453,0.705,0.112,0.145,0.23,0.11,0.126,0.06,0.072,1.36,0.319,0.656,0.232,0.104,2.309,0.512,0.478,0.274,0.118,0.275,0.298,0.295,0.216,0.071,6.035,1.557,1.32,0.474,0.274,1.674,0.394,0.28,0.154,0.088,4.877,1.001,0.381,0.365,0.122,7.406,1.23,0.79,0.684,0.316,4.262,0.845,0.794,0.684,0.297
1761327599,2025-10-24,neutral,0.987,0.463,0.66,0.32,0.15,0.856,0.407,0.372,0.194,0.16,1.796,0.463,0.37,0.159,0.08,0.832,0.77,0.527,0.314,0.19,0.465,0.478,0.72,0.106,0.139,0.18,0.13,0.139,0.06,0.071,1.231,0.26,0.559,0.227,0.118,2.002,0.439,0.472,0.308,0.127,0.27,0.321,0.334,0.218,0.077,5.048,1.359,1.389,0.471,0.274,1.617,0.365,0.296,0.172,0.085,4.317,0.713,0.46,0.392,0.115,9.076,1.289,0.996,0.738,0.3,3.447,0.616,0.821,0.574,0.259
1761327599,2025-10-24,neutral,0.923,0.48,0.614,0.293,0.128,0.815,0.422,0.361,0.17,0.147,1.331,0.415,0.415,0.173,0.082,0.662,0.649,0.555,0.253,0.176,0.482,0.526,0.69,0.11,0.137,0.161,0.154,0.153,0.06,0.07,1.104,0.21,0.441,0.209,0.127,1.662,0.398,0.493,0.345,0.137,0.32,0.35,0.38,0.216,0.085,3.854,1.248,1.438,0.475,0.273,1.491,0.377,0.316,0.199,0.087,3.67,0.531,0.573,0.438,0.122,11.056,1.391,1.183,0.822,0.301,2.724,0.467,0.85,0.516,0.224
1761327600,2025-10-24,neutral,0.954,0.524,0.6,0.285,0.125,0.734,0.414,0.357,0.161,0.144,0.993,0.417,0.478,0.196,0.094,0.639,0.586,0.572,0.214,0.177,0.564,0.583,0.621,0.123,0.138,0.162,0.18,0.161,0.058,0.068,1.027,0.179,0.332,0.186,0.13,1.395,0.403,0.541,0.379,0.146,0.423,0.388,0.421,0.21,0.094,3.004,1.209,1.467,0.489,0.274,1.346,0.397,0.345,0.23,0.091,3.117,0.478,0.703,0.491,0.143,12.569,1.473,1.31,0.911,0.319,2.334,0.408,0.886,0.519,0.205
1761327600,2025-10-24,neutral,1.052,0.576,0.633,0.294,0.139,0.68,0.392,0.362,0.174,0.155,0.832,0.464,0.543,0.221,0.111,0.734,0.582,0.59,0.209,0.188,0.719,0.637,0.527,0.14,0.139,0.198,0.202,0.16,0.055,0.067,0.969,0.173,0.254,0.166,0.129,1.185,0.456,0.602,0.405,0.155,0.549,0.425,0.439,0.198,0.103,2.615,1.201,1.461,0.51,0.279,1.197,0.4,0.385,0.253,0.096,2.708,0.535,0.824,0.529,0.175,12.795,1.453,1.34,0.967,0.343,2.179,0.43,0.925,0.56,0.203
1761327600,2025-10-24,neutral,1.157,0.611,0.705,0.32,0.162,0.655,0.374,0.366,0.212,0.176,0.805,0.54,0.588,0.242,0.131,0.851,0.619,0.615,0.233,0.197,0.902,0.661,0.426,0.157,0.136,0.24,0.213,0.149,0.052,0.068,0.934,0.185,0.214,0.157,0.127,1.03,0.542,0.657,0.418,0.161,0.671,0.449,0.427,0.182,0.109,2.744,1.211,1.409,0.531,0.291,1.065,0.376,0.443,0.265,0.099,2.415,0.662,0.92,0.541,0.208,11.768,1.318,1.276,0.964,0.358,2.222,0.511,0.955,0.605,0.213
1761327600,2025-10-24,neutral,1.211,0.62,0.797,0.356,0.184,0.679,0.377,0.36,0.272,0.204,0.844,0.624,0.607,0.262,0.146,0.927,0.671,0.642,0.277,0.199,1.195,0.641,0.335,0.176,0.127,0.329,0.208,0.13,0.05,0.07,0.89,0.208,0.209,0.159,0.124,0.896,0.639,0.699,0.42,0.164,0.745,0.451,0.392,0.163,0.109,3.15,1.243,1.32,0.547,0.309,0.958,0.333,0.526,0.266,0.098,2.199,0.825,0.99,0.533,0.231,9.642,1.142,1.16,0.91,0.356,2.338,0.644,0.98,0.633,0.227
1761327600,2025-10-24,neutral,1.183,0.609,0.884,0.398,0.197,0.736,0.408,0.344,0.342,0.232,0.903,0.704,0.607,0.282,0.156,0.935,0.718,0.656,0.331,0.194,1.524,0.575,0.261,0.193,0.112,0.435,0.189,0.109,0.051,0.072,0.852,0.23,0.229,0.169,0.122,0.775,0.728,0.723,0.413,0.161,0.762,0.432,0.349,0.148,0.104,3.525,1.295,1.231,0.553,0.325,0.877,0.294,0.636,0.26,0.094,2.023,1.002,1.039,0.519,0.238,7.172,1.038,1.04,0.832,0.336,2.454,0.826,1.005,0.641,0.238
1761327600,2025-10-24,neutral,1.097,0.59,0.94,0.437,0.198,0.8,0.46,0.322,0.406,0.254,0.96,0.764,0.601,0.302,0.158,0.887,0.756,0.645,0.385,0.184,1.943,0.486,0.209,0.206,0.096,0.588,0.161,0.097,0.054,0.072,0.806,0.244,0.258,0.18,0.119,0.675,0.794,0.73,0.4,0.153,0.718,0.397,0.316,0.142,0.097,3.664,1.343,1.181,0.547,0.331,0.86,0.282,0.757,0.252,0.091,1.916,1.184,1.073,0.517,0.228,4.803,1.062,0.959,0.761,0.307,2.523,1.041,1.029,0.634,0.24
1761327600,2025-10-24,neutral,1.001,0.58,0.954,0.461,0.188,0.87,0.515,0.312,0.448,0.264,1.014,0.799,0.6,0.317,0.156,0.848,0.788,0.612,0.428,0.171,2.393,0.403,0.183,0.212,0.081,0.753,0.135,0.1,0.058,0.071,0.778,0.249,0.282,0.184,0.115,0.617,0.826,0.722,0.379,0.14,0.631,0.352,0.304,0.147,0.091,3.483,1.376,1.192,0.529,0.318,0.89,0.318,0.863,0.245,0.092,1.902,1.369,1.092,0.524,0.204,3.172,1.226,0.937,0.712,0.282,2.584,1.266,1.067,0.615,0.235
1761327600,2025-10-24,neutral,0.903,0.597,0.933,0.455,0.172,0.903,0.555,0.33,0.456,0.26,1.026,0.818,0.605,0.319,0.156,0.828,0.825,0.578,0.447,0.161,2.687,0.353,0.182,0.206,0.073,0.888,0.121,0.119,0.061,0.069,0.763,0.252,0.291,0.178,0.11,0.607,0.829,0.696,0.35,0.124,0.532,0.304,0.311,0.161,0.087,3.035,1.417,1.253,0.5,0.29,0.954,0.403,0.926,0.237,0.099,1.93,1.565,1.092,0.528,0.178,2.257,1.486,0.977,0.679,0.27,2.603,1.475,1.137,0.582,0.229
1761327601,2025-10-24,neutral,0.87,0.655,0.892,0.414,0.161,0.96,0.576,0.378,0.425,0.246,1.022,0.834,0.607,0.305,0.163,0.9,0.868,0.563,0.436,0.154,3.016,0.351,0.201,0.189,0.073,1.015,0.124,0.147,0.061,0.067,0.792,0.267,0.283,0.163,0.105,0.685,0.813,0.647,0.314,0.11,0.45,0.259,0.324,0.18,0.089,2.447,1.491,1.327,0.465,0.255,0.991,0.517,0.927,0.228,0.113,2.022,1.768,1.059,0.513,0.16,1.987,1.779,1.071,0.642,0.274,2.688,1.649,1.246,0.533,0.233
1761327601,2025-10-24,neutral,1.141,0.79,0.852,0.344,0.16,1.183,0.607,0.446,0.365,0.228,1.056,0.874,0.594,0.278,0.182,1.145,0.928,0.573,0.398,0.156,3.168,0.385,0.227,0.166,0.081,1.078,0.144,0.171,0.059,0.066,0.895,0.304,0.258,0.144,0.101,0.904,0.793,0.577,0.278,0.101,0.419,0.222,0.33,0.198,0.095,1.958,1.616,1.385,0.435,0.227,1.004,0.634,0.863,0.221,0.133,2.266,1.987,0.992,0.473,0.159,2.119,2.083,1.206,0.598,0.295,3.442,1.861,1.384,0.476,0.256
1761327601,2025-10-24,neutral,2.242,1.15,0.846,0.272,0.173,1.941,0.725,0.525,0.295,0.218,1.275,0.981,0.566,0.251,0.211,1.696,1.042,0.608,0.35,0.168,3.237,0.439,0.25,0.144,0.098,1.078,0.179,0.182,0.055,0.068,1.062,0.377,0.226,0.13,0.098,1.267,0.783,0.496,0.254,0.099,0.454,0.199,0.322,0.211,0.105,1.854,1.782,1.415,0.416,0.214,1.05,0.738,0.755,0.218,0.154,2.832,2.25,0.903,0.423,0.177,3.224,2.416,1.362,0.57,0.336,6.635,2.387,1.543,0.432,0.305
1761327601,2025-10-24,neutral,4.764,1.932,0.908,0.236,0.2,3.723,1.012,0.606,0.242,0.222,1.868,1.202,0.543,0.237,0.243,2.801,1.261,0.661,0.317,0.193,3.103,0.495,0.282,0.136,0.128,0.999,0.226,0.185,0.055,0.075,1.332,0.493,0.205,0.125,0.095,1.779,0.792,0.439,0.251,0.101,0.55,0.194,0.304,0.218,0.114,2.277,1.953,1.411,0.417,0.217,1.185,0.833,0.634,0.223,0.172,3.957,2.605,0.822,0.389,0.209,5.79,2.838,1.52,0.597,0.396,14.489,3.586,1.719,0.423,0.373
1761327601,2025-10-24,neutral,8.558,3.207,1.05,0.258,0.236,6.462,1.49,0.687,0.223,0.24,2.792,1.543,0.545,0.24,0.267,4.259,1.598,0.721,0.313,0.225,2.833,0.544,0.34,0.151,0.173,0.863,0.282,0.187,0.061,0.087,1.626,0.651,0.215,0.127,0.091,2.297,0.826,0.441,0.272,0.106,0.673,0.209,0.286,0.218,0.12,3.103,2.073,1.366,0.439,0.227,1.391,0.921,0.53,0.233,0.183,5.469,3.053,0.775,0.39,0.245,9.689,3.348,1.658,0.694,0.465,27.22,5.58,1.901,0.458,0.445
1761327601,2025-10-24,neutral,13.136,4.818,1.244,0.331,0.273,9.923,2.092,0.757,0.24,0.266,3.975,1.946,0.58,0.255,0.275,5.992,2.026,0.777,0.339,0.258,2.573,0.58,0.437,0.194,0.23,0.735,0.34,0.2,0.075,0.104,1.953,0.84,0.265,0.134,0.086,2.711,0.892,0.521,0.303,0.109,0.81,0.236,0.275,0.21,0.121,4.176,2.106,1.274,0.471,0.235,1.648,0.992,0.451,0.239,0.184,7.186,3.542,0.77,0.42,0.271,14.534,3.859,1.757,0.837,0.527,43.241,8.108,2.066,0.52,0.499
1761327601,2025-10-24,neutral,17.241,6.382,1.423,0.422,0.303,13.084,2.662,0.805,0.281,0.288,5.046,2.3,0.634,0.271,0.265,7.479,2.462,0.828,0.382,0.283,2.331,0.611,0.565,0.254,0.287,0.625,0.393,0.225,0.095,0.122,2.219,1.034,0.347,0.143,0.08,2.964,0.997,0.661,0.328,0.107,0.902,0.264,0.275,0.194,0.114,5.171,2.026,1.129,0.497,0.234,1.821,1.03,0.395,0.233,0.175,8.573,3.97,0.792,0.458,0.279,18.876,4.21,1.807,0.964,0.56,58.301,10.521,2.177,0.575,0.515
1761327601,2025-10-24,neutral,19.495,7.428,1.521,0.488,0.321,14.975,3.013,0.823,0.328,0.296,5.629,2.481,0.684,0.274,0.241,8.22,2.794,0.878,0.417,0.293,2.05,0.657,0.699,0.313,0.331,0.529,0.431,0.261,0.114,0.136,2.334,1.201,0.44,0.152,0.075,2.898,1.135,0.814,0.331,0.101,0.936,0.286,0.282,0.17,0.101,5.838,1.849,0.942,0.5,0.224,1.848,1.011,0.349,0.213,0.159,9.04,4.203,0.813,0.477,0.269,21.34,4.251,1.809,1.013,0.551,67.454,12.053,2.205,0.59,0.487
1761327602,2025-10-24,neutral,19.28,7.604,1.492,0.5,0.321,14.973,3.021,0.81,0.364,0.29,5.561,2.42,0.712,0.256,0.213,8.105,2.925,0.937,0.426,0.29,1.728,0.731,0.802,0.353,0.349,0.432,0.448,0.294,0.127,0.141,2.327,1.311,0.517,0.159,0.071,2.703,1.283,0.93,0.309,0.094,0.914,0.297,0.29,0.14,0.086,6.026,1.637,0.747,0.478,0.213,1.704,0.926,0.309,0.182,0.143,8.524,4.162,0.825,0.465,0.247,21.064,3.94,1.771,0.954,0.5,67.572,12.185,2.137,0.548,0.425
1761327602,2025-10-24,neutral,16.468,6.839,1.334,0.451,0.305,12.878,2.672,0.77,0.379,0.27,4.75,2.115,0.708,0.221,0.189,7.002,2.82,1.001,0.401,0.277,1.546,0.826,0.852,0.358,0.339,0.391,0.437,0.312,0.129,0.136,2.142,1.337,0.552,0.164,0.071,2.316,1.387,0.975,0.272,0.087,0.827,0.295,0.294,0.112,0.072,5.723,1.464,0.59,0.443,0.21,1.41,0.779,0.271,0.15,0.131,7.011,3.832,0.823,0.422,0.225,17.946,3.347,1.696,0.809,0.42,58.234,10.845,1.968,0.459,0.349
1761327602,2025-10-24,neutral,12.315,5.398,1.089,0.359,0.275,9.651,2.089,0.72,0.37,0.244,3.613,1.643,0.678,0.179,0.177,5.484,2.522,1.053,0.351,0.265,1.253,0.91,0.833,0.324,0.304,0.314,0.4,0.303,0.12,0.12,1.884,1.268,0.535,0.164,0.074,1.975,1.395,0.944,0.234,0.083,0.736,0.28,0.29,0.09,0.062,5.101,1.39,0.504,0.416,0.22,1.112,0.597,0.237,0.127,0.127,5.191,3.283,0.809,0.364,0.212,13.336,2.639,1.591,0.632,0.335,43.083,8.475,1.729,0.35,0.283
1761327602,2025-10-24,neutral,7.976,3.782,0.827,0.256,0.238,6.156,1.488,0.679,0.342,0.215,2.44,1.153,0.643,0.14,0.172,3.892,2.16,1.067,0.29,0.256,1.101,0.966,0.76,0.263,0.257,0.285,0.347,0.27,0.103,0.099,1.559,1.126,0.474,0.159,0.08,1.626,1.298,0.87,0.205,0.083,0.631,0.259,0.281,0.076,0.061,4.348,1.455,0.496,0.414,0.24,0.827,0.423,0.213,0.117,0.131,3.476,2.69,0.795,0.309,0.21,8.534,2.019,1.469,0.477,0.264,26.844,5.88,1.488,0.254,0.24
1761327602,2025-10-24,neutral,4.705,2.463,0.607,0.17,0.201,3.492,1.066,0.652,0.305,0.186,1.681,0.786,0.614,0.113,0.172,2.749,1.865,1.025,0.236,0.252,0.941,0.981,0.651,0.19,0.209,0.244,0.295,0.221,0.083,0.078,1.243,0.948,0.391,0.146,0.086,1.374,1.133,0.797,0.187,0.085,0.557,0.24,0.275,0.07,0.068,3.796,1.643,0.534,0.444,0.263,0.612,0.301,0.198,0.12,0.14,2.4,2.226,0.78,0.27,0.217,5.053,1.627,1.334,0.377,0.219,14.053,3.807,1.29,0.19,0.224
1761327602,2025-10-24,left,2.865,1.666,0.457,0.117,0.174,1.942,0.897,0.632,0.27,0.161,1.464,0.604,0.594,0.102,0.169,2.151,1.686,0.929,0.2,0.251,1.026,0.95,0.527,0.128,0.169,0.296,0.261,0.166,0.067,0.06,1.014,0.767,0.313,0.128,0.091,1.241,0.956,0.753,0.176,0.09,0.489,0.23,0.275,0.068,0.082,3.634,1.875,0.572,0.499,0.281,0.479,0.247,0.187,0.132,0.148,2.111,1.964,0.757,0.254,0.231,3.289,1.484,1.188,0.329,0.197,6.647,2.597,1.146,0.163,0.228
1761327602,2025-10-24,left,2.342,1.328,0.38,0.096,0.163,1.462,0.92,0.612,0.245,0.143,1.809,0.578,0.584,0.109,0.165,2.072,1.587,0.805,0.19,0.254,2.21,0.881,0.411,0.088,0.139,0.66,0.247,0.117,0.059,0.048,0.924,0.61,0.256,0.107,0.093,1.289,0.818,0.742,0.167,0.097,0.459,0.232,0.282,0.068,0.101,3.942,2.049,0.579,0.557,0.291,0.438,0.246,0.179,0.144,0.152,2.585,1.868,0.73,0.261,0.25,3.204,1.502,1.05,0.311,0.191,4.209,2.126,1.052,0.167,0.243
1761327602,2025-10-24,left,2.625,1.231,0.357,0.101,0.168,1.598,1.003,0.586,0.233,0.134,2.524,0.635,0.582,0.133,0.163,2.364,1.504,0.698,0.204,0.261,6.026,0.828,0.323,0.075,0.119,1.75,0.262,0.082,0.058,0.042,1.004,0.49,0.23,0.087,0.093,1.561,0.748,0.751,0.159,0.107,0.493,0.245,0.294,0.074,0.123,4.612,2.08,0.568,0.599,0.295,0.489,0.269,0.172,0.152,0.151,3.583,1.853,0.711,0.287,0.275,4.116,1.548,0.938,0.306,0.194,4.737,2.007,0.992,0.196,0.264
1761327603,2025-10-24,left,3.218,1.197,0.357,0.122,0.185,1.927,1.039,0.55,0.232,0.137,3.337,0.736,0.577,0.171,0.166,2.795,1.415,0.637,0.235,0.272,13.612,0.852,0.271,0.082,0.104,3.81,0.31,0.061,0.062,0.042,1.254,0.416,0.228,0.072,0.093,2.047,0.749,0.759,0.156,0.119,0.623,0.272,0.304,0.087,0.143,5.406,1.957,0.588,0.618,0.295,0.619,0.296,0.175,0.156,0.146,4.789,1.88,0.709,0.324,0.309,5.366,1.552,0.855,0.314,0.207,6.088,1.949,0.948,0.246,0.289
1761327603,2025-10-24,left,3.782,1.182,0.39,0.156,0.202,2.276,1.024,0.53,0.243,0.151,3.959,0.881,0.572,0.218,0.175,3.209,1.376,0.644,0.277,0.286,24.296,0.989,0.262,0.104,0.098,6.671,0.39,0.054,0.069,0.046,1.528,0.396,0.247,0.067,0.096,2.567,0.797,0.76,0.166,0.133,0.867,0.321,0.31,0.111,0.158,5.965,1.761,0.706,0.624,0.297,0.761,0.32,0.196,0.16,0.14,5.76,1.955,0.746,0.368,0.348,6.428,1.512,0.809,0.348,0.233,7.243,1.887,0.944,0.316,0.317
1761327603,2025-10-24,left,4.176,1.237,0.463,0.211,0.213,2.592,1.015,0.551,0.269,0.172,4.267,1.083,0.574,0.27,0.187,3.59,1.475,0.716,0.325,0.301,36.044,1.208,0.3,0.141,0.106,9.72,0.482,0.061,0.079,0.056,1.845,0.421,0.281,0.08,0.106,3.056,0.865,0.771,0.195,0.15,1.199,0.399,0.312,0.145,0.166,6.622,1.981,1.017,0.658,0.313,0.949,0.341,0.245,0.174,0.136,6.343,2.098,0.838,0.421,0.389,7.026,1.481,0.81,0.424,0.272,7.83,1.914,1.007,0.406,0.346
1761327603,2025-10-24,left,4.299,1.396,0.565,0.289,0.213,2.81,1.075,0.626,0.316,0.193,4.221,1.333,0.587,0.323,0.2,3.858,1.758,0.83,0.385,0.312,45.358,1.446,0.374,0.195,0.13,12.099,0.561,0.077,0.095,0.071,2.035,0.496,0.333,0.116,0.124,3.348,0.963,0.829,0.247,0.17,1.508,0.51,0.313,0.186,0.167,10.249,3.581,1.68,0.799,0.359,1.068,0.369,0.32,0.203,0.134,6.389,2.347,0.985,0.487,0.422,6.902,1.527,0.854,0.546,0.323,7.721,2.107,1.135,0.513,0.371
1761327603,2025-10-24,left,4.221,1.626,0.661,0.383,0.204,2.955,1.217,0.735,0.382,0.206,4.011,1.581,0.599,0.374,0.209,4.145,2.188,0.944,0.459,0.317,49.138,1.629,0.465,0.267,0.168,12.915,0.602,0.101,0.119,0.091,2.246,0.612,0.41,0.174,0.148,3.643,1.12,0.96,0.315,0.188,1.789,0.647,0.311,0.227,0.161,20.442,7.385,2.776,1.107,0.44,1.194,0.419,0.409,0.247,0.136,6.233,2.701,1.146,0.563,0.438,6.312,1.715,0.916,0.694,0.375,7.162,2.485,1.285,0.627,0.386
1761327603,2025-10-24,left,4.094,1.861,0.719,0.477,0.191,3.05,1.403,0.849,0.457,0.207,3.869,1.78,0.59,0.414,0.213,4.613,2.666,1.019,0.542,0.313,49.535,1.756,0.552,0.344,0.208,12.829,0.606,0.137,0.148,0.11,2.349,0.745,0.511,0.249,0.173,3.865,1.34,1.151,0.387,0.202,1.88,0.787,0.307,0.26,0.151,38.413,13.313,4.198,1.58,0.546,1.232,0.504,0.489,0.297,0.14,6.09,3.122,1.26,0.634,0.432,5.319,2.067,0.978,0.832,0.417,6.457,2.995,1.412,0.729,0.384
1761327603,2025-10-24,neutral,3.8,2.011,0.72,0.548,0.179,2.911,1.554,0.933,0.526,0.195,3.709,1.882,0.546,0.433,0.21,4.892,3.046,1.032,0.62,0.302,48.848,1.848,0.631,0.41,0.239,12.337,0.586,0.187,0.173,0.125,2.334,0.864,0.627,0.328,0.191,4.035,1.577,1.351,0.449,0.21,1.837,0.893,0.3,0.275,0.138,61.539,20.142,5.636,2.123,0.65,1.221,0.62,0.536,0.339,0.144,5.952,3.502,1.28,0.68,0.404,4.201,2.528,1.03,0.918,0.437,5.625,3.495,1.483,0.796,0.366
1761327603,2025-10-24,neutral,3.68,2.025,0.673,0.576,0.172,2.791,1.603,0.971,0.57,0.175,3.769,1.869,0.475,0.425,0.203,5.28,3.225,0.99,0.67,0.281,46.475,1.918,0.71,0.443,0.251,11.375,0.558,0.25,0.186,0.132,2.289,0.942,0.731,0.395,0.197,4.208,1.752,1.485,0.487,0.211,1.634,0.929,0.284,0.268,0.124,83.438,25.857,6.678,2.58,0.72,1.179,0.742,0.534,0.361,0.144,6.124,3.721,1.191,0.68,0.361,3.362,2.991,1.073,0.922,0.433,5.084,3.839,1.492,0.805,0.336
1761327604,2025-10-24,neutral,3.33,1.905,0.594,0.554,0.17,2.377,1.529,0.968,0.578,0.151,3.609,1.752,0.391,0.393,0.194,5.092,3.168,0.909,0.676,0.253,49.591,1.954,0.773,0.434,0.24,11.909,0.529,0.309,0.18,0.131,2.038,0.969,0.801,0.437,0.19,4.086,1.794,1.506,0.492,0.207,1.321,0.878,0.26,0.241,0.111,96.64,28.507,6.991,2.808,0.731,1.075,0.833,0.486,0.356,0.139,5.999,3.692,1.017,0.629,0.314,2.617,3.306,1.099,0.843,0.407,4.417,3.907,1.453,0.753,0.302
1761327604,2025-10-24,neutral,3.07,1.707,0.514,0.493,0.17,2.038,1.364,0.937,0.55,0.129,3.43,1.56,0.319,0.343,0.186,4.732,2.913,0.808,0.633,0.216,50.658,1.928,0.83,0.386,0.211,11.899,0.499,0.355,0.158,0.122,1.731,0.944,0.814,0.447,0.173,3.785,1.67,1.385,0.467,0.199,1.032,0.749,0.226,0.201,0.099,96.212,27.16,6.467,2.735,0.678,0.962,0.859,0.404,0.323,0.129,5.731,3.402,0.8,0.541,0.272,2.218,3.354,1.093,0.703,0.369,3.854,3.665,1.389,0.652,0.27
1761327604,2025-10-24,left,2.544,1.51,0.45,0.413,0.169,1.544,1.166,0.887,0.5,0.114,2.913,1.329,0.271,0.288,0.181,3.842,2.536,0.706,0.549,0.176,54.803,1.768,0.837,0.314,0.174,13.008,0.442,0.363,0.125,0.109,1.303,0.882,0.768,0.431,0.154,3.105,1.411,1.146,0.421,0.187,0.749,0.578,0.188,0.161,0.088,82.171,22.283,5.289,2.395,0.58,0.816,0.822,0.316,0.276,0.118,4.881,2.907,0.59,0.439,0.242,1.816,3.105,1.038,0.539,0.327,3.065,3.169,1.317,0.526,0.247
1761327604,2025-10-24,left,2.135,1.369,0.414,0.338,0.166,1.172,0.983,0.823,0.447,0.109,2.375,1.077,0.247,0.239,0.179,2.872,2.104,0.613,0.444,0.138,51.064,1.472,0.804,0.24,0.139,11.974,0.36,0.337,0.094,0.094,0.887,0.791,0.685,0.399,0.138,2.323,1.09,0.855,0.365,0.171,0.585,0.411,0.154,0.13,0.078,59.668,15.528,3.854,1.907,0.467,0.786,0.751,0.264,0.239,0.11,3.851,2.295,0.422,0.353,0.227,1.559,2.609,0.93,0.391,0.289,2.369,2.517,1.236,0.406,0.233
1761327604,2025-10-24,left,1.773,1.32,0.4,0.284,0.16,0.828,0.851,0.736,0.406,0.112,1.821,0.833,0.238,0.204,0.18,1.922,1.682,0.532,0.342,0.108,45.873,1.067,0.711,0.18,0.116,11.039,0.254,0.275,0.071,0.08,0.615,0.691,0.597,0.362,0.127,1.524,0.8,0.59,0.311,0.154,0.462,0.282,0.127,0.114,0.071,36.245,9.035,2.585,1.423,0.369,0.842,0.693,0.275,0.236,0.114,2.786,1.693,0.31,0.301,0.223,1.3,2.002,0.773,0.282,0.259,1.762,1.87,1.129,0.314,0.225
1761327604,2025-10-24,left,1.68,1.427,0.4,0.256,0.151,0.637,0.816,0.623,0.383,0.123,1.426,0.643,0.233,0.185,0.182,1.196,1.332,0.454,0.26,0.091,33.11,0.717,0.595,0.144,0.107,7.763,0.172,0.203,0.06,0.069,0.484,0.616,0.538,0.327,0.121,0.939,0.608,0.417,0.268,0.141,0.414,0.205,0.109,0.116,0.068,18.226,4.352,1.741,1.057,0.301,1.061,0.678,0.347,0.275,0.131,1.955,1.222,0.246,0.288,0.227,1.14,1.483,0.595,0.225,0.24,1.518,1.489,0.997,0.26,0.223
1761327604,2025-10-24,left,2.514,1.703,0.42,0.246,0.143,0.924,0.909,0.504,0.374,0.141,1.325,0.548,0.229,0.179,0.181,0.991,1.114,0.377,0.208,0.086,21.556,0.517,0.469,0.132,0.11,5.373,0.128,0.137,0.059,0.062,0.689,0.608,0.509,0.297,0.117,0.713,0.561,0.351,0.237,0.139,0.435,0.174,0.1,0.13,0.07,8.358,1.974,1.35,0.849,0.264,1.347,0.694,0.452,0.349,0.156,1.667,0.968,0.219,0.307,0.233,1.623,1.239,0.446,0.236,0.231,2.961,1.555,0.891,0.247,0.224
1761327604,2025-10-24,neutral,5.173,2.137,0.497,0.243,0.138,2.296,1.163,0.421,0.369,0.164,1.844,0.608,0.241,0.182,0.178,1.786,1.152,0.316,0.184,0.092,10.599,0.61,0.361,0.14,0.12,2.464,0.16,0.092,0.062,0.058,1.348,0.768,0.493,0.271,0.114,1.174,0.708,0.363,0.22,0.152,0.625,0.187,0.105,0.148,0.079,5.653,1.332,1.252,0.771,0.247,1.82,0.747,0.546,0.433,0.181,2.426,1.022,0.244,0.345,0.239,3.677,1.347,0.386,0.319,0.233,7.907,2.124,0.917,0.269,0.228
1761327605,2025-10-24,neutral,10.123,2.745,0.66,0.239,0.137,5.181,1.649,0.422,0.36,0.189,3.214,0.902,0.289,0.191,0.172,4.006,1.644,0.307,0.186,0.106,6.266,1.156,0.273,0.164,0.13,1.742,0.298,0.067,0.067,0.059,2.859,1.23,0.466,0.249,0.113,2.546,1.136,0.42,0.213,0.181,1.022,0.263,0.126,0.163,0.092,7.152,1.557,1.229,0.754,0.24,2.522,0.877,0.589,0.499,0.194,4.632,1.542,0.352,0.389,0.246,8.044,1.864,0.451,0.464,0.247,17.395,3.191,1.159,0.317,0.237
1761327605,2025-10-24,neutral,16.832,3.522,0.903,0.232,0.143,9.414,2.393,0.522,0.342,0.213,5.414,1.483,0.384,0.204,0.166,7.614,2.722,0.38,0.204,0.125,6.294,2.225,0.213,0.204,0.138,1.549,0.55,0.061,0.073,0.062,5.077,2.058,0.421,0.237,0.116,4.793,1.907,0.494,0.213,0.218,1.671,0.432,0.163,0.171,0.105,10.324,2.221,1.164,0.746,0.241,3.462,1.14,0.567,0.524,0.191,8.226,2.665,0.562,0.428,0.258,14.552,2.775,0.621,0.641,0.269,30.567,4.656,1.599,0.378,0.253
1761327605,2025-10-24,neutral,23.792,4.373,1.175,0.222,0.156,14.113,3.303,0.692,0.314,0.234,8.028,2.31,0.521,0.215,0.165,11.937,4.3,0.536,0.226,0.148,9.31,3.69,0.17,0.255,0.139,2.403,0.88,0.062,0.08,0.066,7.798,3.156,0.36,0.243,0.123,7.465,2.977,0.57,0.218,0.249,2.475,0.707,0.206,0.17,0.114,13.211,3.192,1.062,0.716,0.251,4.528,1.555,0.491,0.502,0.171,12.521,4.355,0.852,0.452,0.273,21.863,3.952,0.842,0.799,0.295,44.401,6.26,2.114,0.436,0.275
1761327605,2025-10-24,neutral,28.903,5.135,1.395,0.208,0.174,17.887,4.17,0.873,0.28,0.246,10.324,3.224,0.67,0.219,0.168,15.792,6.053,0.745,0.238,0.17,12.613,5.212,0.137,0.308,0.134,3.142,1.212,0.067,0.087,0.067,10.218,4.259,0.294,0.268,0.134,9.826,4.133,0.636,0.226,0.264,3.2,1.052,0.242,0.16,0.115,14.905,4.265,0.964,0.656,0.269,5.439,2.059,0.39,0.44,0.141,16.307,6.3,1.16,0.457,0.291,27.818,5.138,1.052,0.885,0.319,54.72,7.648,2.523,0.469,0.299
1761327605,2025-10-24,neutral,30.534,5.61,1.485,0.192,0.195,19.516,4.736,0.994,0.245,0.247,11.585,4,0.793,0.213,0.177,17.958,7.519,0.953,0.233,0.188,13.971,6.404,0.117,0.351,0.125,3.44,1.461,0.072,0.092,0.065,11.642,5.018,0.234,0.31,0.146,11.084,5.049,0.688,0.235,0.259,3.616,1.383,0.26,0.144,0.107,15.064,5.156,0.923,0.567,0.29,5.913,2.511,0.296,0.362,0.109,18.367,8.005,1.403,0.444,0.307,30.508,6.001,1.204,0.872,0.337,58.164,8.454,2.665,0.469,0.322
1761327605,2025-10-24,neutral,28.493,5.783,1.417,0.18,0.216,18.578,4.876,1.009,0.219,0.236,11.398,4.453,0.851,0.199,0.187,17.765,8.307,1.097,0.211,0.201,15.441,6.856,0.1,0.372,0.118,3.801,1.546,0.074,0.093,0.06,11.654,5.18,0.193,0.356,0.157,10.785,5.436,0.726,0.242,0.237,3.594,1.614,0.256,0.129,0.094,13.797,5.884,0.994,0.468,0.309,5.771,2.764,0.227,0.292,0.086,18.048,9.022,1.516,0.42,0.319,29.189,6.362,1.297,0.776,0.347,54.248,8.672,2.495,0.444,0.337
1761327605,2025-10-24,neutral,23.979,5.695,1.215,0.178,0.232,15.763,4.606,0.911,0.207,0.216,9.905,4.483,0.824,0.18,0.196,15.459,8.221,1.125,0.179,0.205,14.076,6.45,0.1,0.369,0.12,3.396,1.449,0.077,0.09,0.055,11.406,4.722,0.237,0.389,0.168,9.076,5.177,0.749,0.248,0.208,3.335,1.702,0.239,0.119,0.081,21.582,9.089,1.654,0.529,0.363,5.039,2.735,0.186,0.245,0.075,15.583,9.114,1.479,0.395,0.327,24.653,6.235,1.342,0.652,0.355,45.376,8.471,2.091,0.415,0.343
1761327605,2025-10-24,neutral,19.311,5.421,0.952,0.189,0.244,12.534,4.049,0.733,0.214,0.191,7.723,4.1,0.725,0.163,0.201,12.149,7.333,1.031,0.147,0.203,12.82,5.331,0.104,0.346,0.135,3.155,1.209,0.077,0.084,0.054,14.318,3.985,0.674,0.427,0.18,6.528,4.371,0.753,0.253,0.182,3.287,1.673,0.228,0.119,0.07,59.254,24.539,4.057,1.206,0.543,4.015,2.436,0.161,0.223,0.076,12.015,8.311,1.323,0.38,0.333,18.871,5.759,1.352,0.564,0.366,36.003,8.06,1.612,0.407,0.34
1761327606,2025-10-24,neutral,16.38,5.036,0.707,0.213,0.249,10.309,3.39,0.528,0.239,0.165,5.642,3.42,0.583,0.154,0.199,9.112,5.939,0.848,0.127,0.197,10.379,3.897,0.123,0.314,0.161,2.538,0.909,0.078,0.077,0.058,24.378,3.764,1.912,0.518,0.201,3.971,3.278,0.727,0.26,0.163,3.8,1.617,0.241,0.129,0.065,162.052,63.928,9.371,3.046,0.937,2.959,1.981,0.14,0.216,0.083,8.619,6.888,1.107,0.383,0.336,13.999,5.14,1.331,0.551,0.382,29.943,7.593,1.21,0.437,0.33
1761327606,2025-10-24,neutral,15.945,4.595,0.54,0.243,0.247,9.762,2.786,0.346,0.274,0.143,4.285,2.624,0.435,0.155,0.188,7.321,4.437,0.635,0.123,0.19,8.618,2.548,0.149,0.285,0.191,2.228,0.634,0.078,0.071,0.064,44.273,4.784,4.123,0.707,0.232,2.129,2.205,0.67,0.271,0.152,5.027,1.62,0.283,0.146,0.065,333.335,131.968,17.586,6.318,1.551,2.235,1.524,0.124,0.213,0.09,6.457,5.247,0.888,0.4,0.334,11.371,4.549,1.276,0.604,0.395,28.678,7.098,0.961,0.497,0.313
1761327606,2025-10-24,neutral,17.04,4.107,0.459,0.267,0.239,10.441,2.308,0.22,0.304,0.128,3.726,1.889,0.309,0.164,0.171,6.781,3.151,0.444,0.132,0.183,7.297,1.555,0.179,0.264,0.217,1.977,0.43,0.076,0.068,0.071,71.65,7.197,6.995,0.992,0.269,1.197,1.381,0.588,0.282,0.143,6.665,1.704,0.341,0.161,0.067,556.691,219.047,27.059,10.703,2.284,1.869,1.172,0.123,0.205,0.093,5.641,3.745,0.699,0.425,0.323,10.828,4.061,1.17,0.676,0.396,30.656,6.495,0.841,0.561,0.29
1761327606,2025-10-24,neutral,17.901,3.554,0.429,0.279,0.223,11.142,1.934,0.153,0.318,0.121,3.622,1.321,0.224,0.177,0.15,6.812,2.226,0.309,0.15,0.177,6.291,0.977,0.209,0.252,0.23,1.825,0.309,0.073,0.067,0.075,99.865,10.388,9.773,1.308,0.301,0.965,0.88,0.506,0.291,0.133,8.168,1.814,0.39,0.171,0.069,776.249,303.18,35.078,15.237,2.963,1.745,0.942,0.137,0.188,0.09,5.618,2.58,0.553,0.445,0.302,11.072,3.655,1.024,0.714,0.377,32.301,5.694,0.774,0.601,0.264
1761327606,2025-10-24,neutral,17.012,2.948,0.419,0.281,0.204,10.805,1.606,0.14,0.313,0.123,3.52,0.94,0.179,0.188,0.132,6.578,1.628,0.235,0.173,0.173,6.078,0.681,0.222,0.245,0.229,1.873,0.235,0.066,0.067,0.076,119.765,13.192,11.548,1.548,0.318,1.062,0.636,0.45,0.297,0.123,8.886,1.858,0.409,0.173,0.071,924.411,357.805,39.119,18.696,3.416,1.641,0.79,0.161,0.163,0.085,5.592,1.786,0.446,0.458,0.274,10.697,3.25,0.874,0.693,0.337,30.787,4.695,0.713,0.606,0.235
1761327606,2025-10-24,neutral,14.023,2.306,0.44,0.287,0.185,9.183,1.275,0.173,0.297,0.133,3.21,0.7,0.168,0.197,0.118,5.733,1.233,0.209,0.201,0.171,5.023,0.534,0.221,0.24,0.216,1.583,0.188,0.059,0.067,0.074,123.908,14.521,11.719,1.617,0.311,1.246,0.551,0.438,0.299,0.115,8.513,1.752,0.387,0.167,0.07,962.759,365.01,37.936,20.113,3.551,1.466,0.662,0.187,0.138,0.081,5.199,1.282,0.383,0.465,0.247,9.101,2.781,0.77,0.626,0.289,25.393,3.557,0.703,0.59,0.212
1761327606,2025-10-24,neutral,10.038,1.738,0.512,0.311,0.173,6.966,0.976,0.234,0.281,0.148,2.809,0.562,0.182,0.202,0.109,4.576,0.946,0.208,0.237,0.173,4.873,0.435,0.202,0.237,0.196,1.623,0.146,0.049,0.068,0.072,110.95,13.797,10.247,1.477,0.281,1.473,0.541,0.477,0.297,0.112,7.205,1.492,0.335,0.156,0.068,887.989,323.404,31.999,19.208,3.388,1.29,0.545,0.209,0.124,0.08,4.616,0.985,0.375,0.468,0.228,6.82,2.307,0.738,0.543,0.248,18.305,2.53,0.808,0.577,0.2
1761327606,2025-10-24,neutral,6.656,1.338,0.642,0.351,0.17,5.154,0.75,0.3,0.274,0.164,2.485,0.516,0.218,0.204,0.103,3.623,0.731,0.215,0.279,0.177,3.465,0.372,0.177,0.239,0.177,1.104,0.118,0.041,0.07,0.071,84.506,11.264,7.648,1.168,0.237,1.717,0.564,0.564,0.293,0.114,5.289,1.145,0.278,0.144,0.065,732.51,249.159,23.366,16.472,3.033,1.209,0.449,0.229,0.122,0.085,4.104,0.848,0.443,0.465,0.22,4.723,1.914,0.79,0.475,0.226,12.437,1.823,1.075,0.581,0.205
1761327607,2025-10-24,neutral,5.158,1.118,0.812,0.395,0.177,4.506,0.617,0.355,0.276,0.18,2.398,0.547,0.276,0.204,0.1,3.284,0.571,0.228,0.322,0.183,3.081,0.324,0.159,0.246,0.163,1.138,0.097,0.034,0.071,0.072,54.409,7.827,4.771,0.795,0.193,1.954,0.604,0.67,0.293,0.12,3.464,0.803,0.237,0.134,0.062,558.331,167.26,14.736,12.877,2.618,1.302,0.393,0.251,0.133,0.093,3.906,0.821,0.58,0.455,0.22,3.638,1.651,0.899,0.437,0.226,10.278,1.493,1.488,0.601,0.227
1761327607,2025-10-24,neutral,6.001,1.056,0.97,0.424,0.188,5.24,0.571,0.384,0.279,0.195,2.592,0.659,0.352,0.205,0.097,3.633,0.465,0.245,0.361,0.188,2.67,0.289,0.166,0.255,0.156,0.906,0.088,0.036,0.072,0.074,28.067,4.574,2.418,0.472,0.161,2.132,0.665,0.754,0.3,0.128,2.087,0.558,0.222,0.129,0.062,404.249,99.851,8.113,9.422,2.243,1.611,0.389,0.279,0.152,0.103,4.062,0.872,0.746,0.437,0.223,3.935,1.519,1.01,0.425,0.239,12.747,1.496,1.943,0.621,0.259
1761327607,2025-10-24,neutral,9.094,1.096,1.059,0.425,0.198,7.21,0.583,0.38,0.277,0.209,3.059,0.842,0.443,0.208,0.097,4.679,0.423,0.272,0.391,0.191,3.146,0.27,0.205,0.263,0.153,1.139,0.107,0.054,0.073,0.077,11.675,2.268,0.994,0.273,0.147,2.177,0.749,0.788,0.321,0.135,1.41,0.441,0.235,0.131,0.068,299.64,57.359,4.163,6.732,1.944,2.077,0.438,0.312,0.173,0.112,4.53,0.979,0.898,0.416,0.224,5.73,1.489,1.085,0.43,0.256,19.553,1.69,2.293,0.625,0.293
1761327607,2025-10-24,left,13.006,1.177,1.053,0.399,0.202,9.363,0.62,0.347,0.264,0.221,3.636,1.071,0.539,0.213,0.1,5.77,0.449,0.32,0.408,0.192,4.078,0.274,0.27,0.263,0.152,1.467,0.186,0.112,0.081,0.082,3.674,1.108,0.424,0.199,0.147,2.168,0.864,0.769,0.353,0.145,0.983,0.425,0.272,0.14,0.08,228.606,36.82,2.342,4.906,1.707,2.635,0.528,0.342,0.192,0.118,5.184,1.138,1.003,0.404,0.223,8.228,1.534,1.125,0.449,0.269,28.016,1.924,2.431,0.609,0.325
1761327607,2025-10-24,left,16.321,1.276,0.973,0.361,0.2,10.972,0.665,0.309,0.244,0.229,3.948,1.303,0.634,0.217,0.107,6.488,0.537,0.4,0.409,0.192,5.035,0.304,0.345,0.253,0.149,1.674,0.343,0.217,0.101,0.09,2.11,0.756,0.334,0.202,0.152,2.008,1.01,0.724,0.393,0.16,1.042,0.455,0.321,0.153,0.094,171.61,27.504,1.677,3.678,1.499,2.927,0.635,0.363,0.205,0.123,5.446,1.349,1.066,0.411,0.224,10.555,1.652,1.162,0.483,0.277,35.195,2.112,2.335,0.581,0.35
1761327607,2025-10-24,left,18.743,1.435,0.881,0.327,0.192,12.008,0.753,0.302,0.219,0.234,4.444,1.531,0.731,0.222,0.116,7.317,0.749,0.533,0.395,0.194,5.982,0.403,0.412,0.235,0.144,2.196,0.575,0.378,0.133,0.101,2.175,0.803,0.394,0.222,0.154,2.101,1.218,0.705,0.43,0.176,0.891,0.501,0.379,0.167,0.107,122.355,20.718,1.568,2.801,1.327,3.198,0.747,0.372,0.21,0.127,6.304,1.69,1.126,0.442,0.228,12.828,1.889,1.254,0.536,0.283,40.349,2.275,2.096,0.559,0.369
1761327607,2025-10-24,neutral,18.702,1.693,0.814,0.309,0.185,11.713,0.921,0.351,0.197,0.232,4.765,1.734,0.815,0.227,0.124,7.779,1.156,0.709,0.371,0.2,6.724,0.625,0.47,0.213,0.138,2.392,0.846,0.563,0.171,0.115,2.636,0.961,0.471,0.232,0.147,2.643,1.533,0.73,0.456,0.19,1.099,0.55,0.44,0.175,0.114,88.315,14.737,1.666,2.244,1.224,3.106,0.836,0.366,0.204,0.127,7.378,2.247,1.202,0.49,0.234,14.111,2.252,1.396,0.598,0.288,40.547,2.421,1.799,0.55,0.381
1761327607,2025-10-24,neutral,17.347,2.075,0.822,0.305,0.181,11.114,1.186,0.489,0.178,0.224,5.609,1.922,0.89,0.233,0.13,8.996,1.803,0.93,0.339,0.212,7.314,1.015,0.519,0.196,0.134,2.809,1.097,0.731,0.203,0.127,3.797,1.246,0.568,0.229,0.133,3.976,1.981,0.815,0.463,0.198,1.415,0.603,0.499,0.173,0.113,61.182,10.198,1.882,2.007,1.189,3.156,0.882,0.359,0.187,0.125,9.754,3.067,1.334,0.537,0.237,15.541,2.715,1.588,0.648,0.288,37.676,2.571,1.573,0.549,0.384
1761327608,2025-10-24,neutral,14.178,2.567,0.905,0.303,0.183,9.656,1.511,0.71,0.162,0.21,6.34,2.118,0.938,0.24,0.133,10.174,2.644,1.161,0.301,0.232,8.45,1.556,0.576,0.187,0.137,3.315,1.266,0.836,0.219,0.135,5.206,1.621,0.652,0.214,0.116,5.753,2.522,0.915,0.448,0.195,1.885,0.647,0.538,0.161,0.104,45.425,7.318,2.125,2.036,1.205,2.996,0.874,0.351,0.162,0.122,12.304,4.095,1.487,0.555,0.232,16.002,3.214,1.756,0.664,0.278,31.256,2.772,1.476,0.539,0.377
1761327608,2025-10-24,neutral,11.368,3.108,1.056,0.296,0.192,8.53,1.833,0.997,0.151,0.194,7.286,2.334,0.956,0.244,0.133,11.767,3.536,1.37,0.261,0.257,9.113,2.175,0.676,0.216,0.155,3.511,1.293,0.845,0.221,0.137,6.642,2.005,0.719,0.194,0.1,7.72,3.047,0.991,0.418,0.183,2.448,0.677,0.548,0.143,0.09,38.538,6.139,2.303,2.211,1.263,3.108,0.823,0.351,0.138,0.122,15.017,5.153,1.628,0.533,0.221,16.698,3.691,1.845,0.643,0.265,24.884,3.072,1.531,0.519,0.365
1761327608,2025-10-24,neutral,8.991,3.581,1.233,0.284,0.207,7.276,2.068,1.308,0.152,0.179,7.703,2.532,0.931,0.248,0.133,12.732,4.257,1.513,0.228,0.281,11.946,3.5,1.342,0.469,0.228,4.345,1.379,0.901,0.26,0.144,7.452,2.271,0.751,0.179,0.087,9.029,3.392,0.995,0.392,0.165,2.855,0.678,0.519,0.125,0.075,35.942,7.113,2.469,2.385,1.369,3.051,0.746,0.343,0.123,0.13,16.45,5.97,1.686,0.484,0.207,16.489,4.054,1.792,0.602,0.26,19.295,3.458,1.693,0.505,0.353
1761327608,2025-10-24,neutral,7.786,3.85,1.397,0.275,0.224,6.226,2.155,1.594,0.172,0.168,7.588,2.642,0.873,0.257,0.135,12.76,4.594,1.572,0.21,0.295,16.76,6.628,3.361,1.231,0.417,5.226,1.877,1.239,0.415,0.171,7.437,2.322,0.751,0.181,0.08,9.367,3.423,0.925,0.388,0.148,3.081,0.644,0.455,0.113,0.064,33.05,10.452,2.75,2.455,1.525,3.047,0.665,0.329,0.123,0.147,16.265,6.287,1.634,0.437,0.196,15.597,4.217,1.617,0.565,0.273,15.602,3.827,1.897,0.519,0.347
1761327608,2025-10-24,neutral,7.258,3.822,1.521,0.277,0.237,5.093,2.087,1.817,0.213,0.162,6.715,2.603,0.799,0.274,0.138,11.534,4.456,1.56,0.213,0.295,26.297,12.326,7.141,2.659,0.75,7.433,3.067,2.021,0.734,0.233,6.571,2.129,0.723,0.205,0.077,8.548,3.108,0.807,0.414,0.133,3.051,0.573,0.375,0.112,0.058,29.382,15.932,3.221,2.399,1.694,2.732,0.587,0.307,0.138,0.171,14.386,6.006,1.497,0.421,0.191,13.585,4.116,1.4,0.551,0.306,13.292,4.045,2.091,0.573,0.347
1761327608,2025-10-24,neutral,7.126,3.506,1.576,0.296,0.242,3.956,1.902,1.948,0.269,0.162,5.323,2.381,0.719,0.304,0.139,9.241,3.876,1.501,0.238,0.279,37.511,20.079,12.301,4.607,1.189,9.687,4.863,3.19,1.185,0.325,5.122,1.742,0.671,0.247,0.078,6.845,2.516,0.679,0.463,0.12,2.797,0.474,0.302,0.122,0.058,24.581,22.422,3.849,2.227,1.815,2.256,0.511,0.284,0.16,0.194,11.345,5.19,1.326,0.462,0.193,10.925,3.775,1.234,0.571,0.347,11.865,3.984,2.208,0.669,0.347
1761327608,2025-10-24,neutral,7.629,3.044,1.543,0.334,0.236,3.172,1.677,1.975,0.328,0.167,3.931,2.002,0.636,0.351,0.138,6.783,3.037,1.42,0.282,0.255,50.12,28.067,17.499,6.608,1.628,12.606,6.805,4.419,1.653,0.426,3.663,1.285,0.609,0.298,0.082,4.969,1.798,0.569,0.52,0.11,2.468,0.371,0.25,0.14,0.063,20.2,28.04,4.497,1.994,1.834,1.719,0.441,0.271,0.182,0.209,8.366,4.073,1.164,0.564,0.196,9.319,3.313,1.152,0.633,0.382,12.176,3.784,2.206,0.797,0.344
1761327608,2025-10-24,neutral,9.73,2.646,1.435,0.385,0.222,3.209,1.489,1.905,0.38,0.177,3.022,1.552,0.552,0.412,0.136,5.042,2.168,1.335,0.341,0.232,57.486,33.755,21.131,8.046,1.93,14.057,8.226,5.296,1.986,0.504,2.674,0.904,0.555,0.347,0.09,3.355,1.152,0.501,0.57,0.102,2.189,0.3,0.226,0.164,0.07,17.576,30.789,4.985,1.765,1.732,1.403,0.397,0.271,0.199,0.21,6.34,2.967,1.045,0.711,0.2,10.601,2.915,1.142,0.739,0.398,16.424,3.756,2.09,0.937,0.331
1761327609,2025-10-24,neutral,13.813,2.544,1.284,0.437,0.205,4.264,1.405,1.753,0.42,0.195,2.883,1.153,0.47,0.475,0.133,4.584,1.484,1.254,0.406,0.22,58.928,35.048,21.89,8.435,1.988,14.44,8.552,5.465,2.066,0.528,3.932,0.817,0.533,0.381,0.103,2.494,0.749,0.478,0.604,0.1,1.999,0.294,0.228,0.19,0.079,17.952,29.56,5.154,1.59,1.532,1.506,0.418,0.282,0.214,0.197,5.705,2.154,0.973,0.868,0.202,15.443,2.832,1.158,0.881,0.391,25.273,4.232,1.887,1.066,0.312
1761327609,2025-10-24,neutral,21.319,2.948,1.135,0.48,0.193,6.782,1.493,1.544,0.446,0.22,3.628,0.919,0.397,0.526,0.131,5.792,1.137,1.17,0.463,0.225,51.598,31.399,19.539,7.649,1.78,12.467,7.652,4.869,1.865,0.49,10.567,1.286,0.561,0.396,0.121,2.195,0.666,0.494,0.618,0.109,1.98,0.37,0.245,0.215,0.087,20.159,24.737,4.964,1.496,1.288,2.119,0.56,0.289,0.232,0.176,6.774,1.803,0.933,0.999,0.206,25.364,3.362,1.155,1.039,0.371,41.46,5.547,1.633,1.158,0.293
1761327609,2025-10-24,neutral,29.753,3.887,1.024,0.506,0.189,9.772,1.79,1.311,0.462,0.251,4.647,0.908,0.337,0.549,0.134,7.502,1.186,1.069,0.501,0.248,39.676,23.987,14.88,5.979,1.38,9.695,5.832,3.708,1.456,0.401,22.813,2.428,0.638,0.392,0.141,2.221,0.862,0.529,0.612,0.129,1.814,0.506,0.259,0.236,0.095,23.875,17.918,4.409,1.481,1.053,3.095,0.846,0.277,0.262,0.152,8.227,1.929,0.885,1.072,0.214,37.53,4.603,1.084,1.178,0.347,61.106,7.776,1.359,1.199,0.278
1761327609,2025-10-24,neutral,42.032,5.19,0.969,0.515,0.194,14.822,2.3,1.093,0.467,0.282,6.887,1.11,0.296,0.538,0.142,11.094,1.598,0.948,0.519,0.28,25.218,15.336,9.51,3.993,0.924,6.08,3.724,2.382,0.977,0.291,42.036,4.122,0.742,0.376,0.161,2.718,1.224,0.573,0.587,0.158,2.007,0.657,0.257,0.25,0.101,25.913,11.309,3.616,1.516,0.86,4.909,1.247,0.245,0.306,0.133,12.098,2.433,0.808,1.076,0.228,55.888,6.384,0.955,1.261,0.324,89.147,10.688,1.101,1.183,0.273
1761327609,2025-10-24,neutral,50.191,6.504,0.956,0.515,0.202,18.039,2.929,0.915,0.46,0.306,8.049,1.429,0.275,0.496,0.156,12.622,2.232,0.813,0.518,0.315,13.901,8.006,4.913,2.265,0.546,3.449,1.946,1.248,0.564,0.194,60.966,5.956,0.829,0.358,0.176,2.533,1.621,0.603,0.545,0.188,1.669,0.758,0.23,0.251,0.106,26.748,6.958,2.813,1.577,0.721,6.181,1.654,0.192,0.36,0.12,13.872,3.105,0.686,1.015,0.246,69.979,8.191,0.78,1.256,0.304,111.875,13.64,0.876,1.116,0.276
1761327609,2025-10-24,neutral,58.044,7.39,0.963,0.512,0.21,22.054,3.511,0.793,0.444,0.318,10.034,1.726,0.279,0.433,0.174,15.203,2.863,0.692,0.504,0.344,6.486,3.552,2.008,1.136,0.326,1.644,0.886,0.535,0.295,0.13,75.802,7.333,0.889,0.349,0.184,3.008,1.95,0.625,0.486,0.213,1.764,0.784,0.193,0.239,0.113,26.086,6.007,2.326,1.67,0.635,7.956,1.941,0.143,0.407,0.114,17.337,3.71,0.555,0.908,0.266,84.396,9.429,0.626,1.158,0.284,132.459,15.698,0.706,1.013,0.285
1761327609,2025-10-24,neutral,58.463,7.551,0.961,0.51,0.217,22.678,3.854,0.721,0.428,0.315,10.294,1.874,0.298,0.363,0.192,15.085,3.256,0.604,0.483,0.363,3.776,1.805,0.736,0.614,0.26,1.055,0.487,0.219,0.17,0.1,80.249,7.786,0.913,0.351,0.186,2.767,2.148,0.628,0.412,0.227,1.451,0.741,0.156,0.216,0.119,25.105,8.3,2.362,1.847,0.603,8.29,2.02,0.102,0.433,0.112,17.775,4.048,0.441,0.781,0.284,88.419,9.657,0.511,0.989,0.263,138.161,16.222,0.59,0.887,0.298
1761327609,2025-10-24,neutral,54.471,6.917,0.916,0.511,0.221,21.888,3.832,0.661,0.422,0.302,10.052,1.819,0.32,0.3,0.205,14.354,3.281,0.545,0.461,0.368,3.463,1.574,0.434,0.467,0.288,0.999,0.453,0.136,0.134,0.093,72.489,7.174,0.937,0.363,0.181,2.645,2.195,0.612,0.335,0.228,1.319,0.676,0.131,0.189,0.124,26.261,13.342,3.019,2.181,0.624,8.263,1.881,0.076,0.426,0.113,17.409,4.042,0.361,0.661,0.299,85.105,8.81,0.442,0.797,0.242,131.021,15.081,0.511,0.763,0.309
1761327610,2025-10-24,neutral,45.239,5.681,0.812,0.512,0.224,18.562,3.429,0.59,0.439,0.282,8.63,1.578,0.336,0.258,0.209,12.164,2.943,0.51,0.442,0.359,3.906,1.619,0.419,0.439,0.341,1.097,0.477,0.119,0.128,0.094,56.356,5.737,0.983,0.378,0.173,2.255,2.113,0.582,0.269,0.218,1.157,0.632,0.128,0.165,0.125,30.875,20.072,4.278,2.721,0.699,7.115,1.579,0.062,0.387,0.115,15.024,3.718,0.317,0.57,0.309,72.646,7.184,0.408,0.633,0.226,110.753,12.659,0.448,0.661,0.315
1761327610,2025-10-24,neutral,33.551,4.192,0.664,0.509,0.223,14.084,2.757,0.499,0.477,0.262,6.646,1.236,0.353,0.24,0.205,9.358,2.368,0.505,0.428,0.338,4.571,1.557,0.426,0.425,0.385,1.266,0.476,0.11,0.129,0.096,36.05,3.994,1.066,0.389,0.164,1.794,1.94,0.53,0.226,0.201,1.065,0.641,0.144,0.149,0.122,40.919,27.713,6.661,3.416,0.839,5.533,1.219,0.057,0.326,0.117,11.58,3.175,0.314,0.517,0.313,55.077,5.259,0.408,0.523,0.215,82.829,9.636,0.407,0.59,0.314
1761327610,2025-10-24,neutral,22.015,2.776,0.517,0.494,0.218,9.369,1.996,0.412,0.526,0.246,4.59,0.892,0.38,0.241,0.193,6.516,1.738,0.541,0.417,0.309,5.997,1.418,0.422,0.416,0.409,1.606,0.465,0.109,0.134,0.097,18.964,2.466,1.159,0.387,0.156,1.497,1.715,0.457,0.208,0.181,1.144,0.699,0.186,0.144,0.114,65.397,36.987,11.829,4.146,1.078,3.888,0.893,0.064,0.26,0.118,8.001,2.537,0.35,0.498,0.31,36.64,3.478,0.441,0.466,0.207,54.089,6.646,0.408,0.548,0.304
1761327610,2025-10-24,neutral,12.364,1.69,0.417,0.463,0.211,5.333,1.333,0.349,0.563,0.237,2.812,0.641,0.425,0.249,0.179,4.074,1.225,0.619,0.408,0.279,9.126,1.279,0.415,0.404,0.409,2.402,0.462,0.119,0.141,0.097,7.216,1.481,1.233,0.367,0.149,1.356,1.467,0.372,0.208,0.162,1.32,0.779,0.262,0.144,0.103,117.215,49.714,21.504,4.785,1.438,2.367,0.664,0.081,0.203,0.119,4.922,1.937,0.422,0.502,0.302,20.862,2.153,0.508,0.442,0.2,29.808,4.185,0.472,0.534,0.29
1761327610,2025-10-24,neutral,6.004,1.038,0.392,0.418,0.202,2.642,0.896,0.324,0.573,0.231,1.7,0.528,0.491,0.252,0.165,2.465,0.939,0.733,0.398,0.254,14.256,1.196,0.421,0.383,0.389,3.709,0.475,0.142,0.145,0.095,2.299,1.032,1.268,0.331,0.144,1.458,1.22,0.311,0.216,0.145,1.65,0.849,0.377,0.146,0.093,201.176,66.443,35.686,5.233,1.886,1.422,0.541,0.104,0.163,0.119,2.991,1.465,0.526,0.511,0.292,10.299,1.388,0.608,0.434,0.196,13.683,2.534,0.619,0.54,0.281
1761327610,2025-10-24,neutral,2.783,0.793,0.426,0.365,0.197,1.263,0.704,0.324,0.548,0.224,1.216,0.551,0.565,0.242,0.155,1.725,0.902,0.858,0.39,0.241,20.481,1.194,0.454,0.352,0.36,5.262,0.508,0.173,0.148,0.092,0.703,0.924,1.257,0.285,0.14,1.629,1.016,0.31,0.223,0.131,1.996,0.891,0.52,0.143,0.084,304.96,84.956,51.777,5.44,2.325,0.806,0.493,0.125,0.141,0.121,2.239,1.153,0.653,0.512,0.282,5.01,1.099,0.72,0.43,0.201,5.861,1.692,0.825,0.559,0.286
1761327610,2025-10-24,left,1.987,0.911,0.48,0.311,0.198,0.877,0.723,0.326,0.496,0.214,1.203,0.687,0.628,0.22,0.152,1.621,1.085,0.963,0.385,0.241,26.238,1.256,0.505,0.314,0.329,6.757,0.545,0.201,0.147,0.087,0.44,0.936,1.21,0.24,0.138,1.687,0.907,0.383,0.226,0.119,2.272,0.9,0.662,0.135,0.08,401.94,100.507,65.3,5.389,2.622,0.626,0.488,0.136,0.137,0.127,2.256,1.021,0.786,0.499,0.272,3.422,1.175,0.83,0.426,0.216,3.962,1.541,1.043,0.581,0.306
1761327610,2025-10-24,left,2.366,1.303,0.516,0.264,0.203,0.882,0.865,0.311,0.437,0.199,1.389,0.902,0.662,0.198,0.156,1.823,1.411,1.013,0.386,0.253,29.294,1.341,0.554,0.276,0.305,7.444,0.571,0.22,0.143,0.081,0.368,0.941,1.138,0.206,0.137,1.591,0.917,0.505,0.228,0.111,2.358,0.878,0.767,0.124,0.078,460.157,107.597,71.653,5.072,2.664,0.538,0.499,0.136,0.148,0.138,2.629,1.061,0.898,0.479,0.264,3.185,1.462,0.931,0.427,0.238,4.476,1.808,1.209,0.598,0.335
1761327611,2025-10-24,left,3.044,1.846,0.525,0.233,0.21,0.871,1.036,0.283,0.387,0.18,1.581,1.148,0.657,0.187,0.164,2.005,1.777,0.991,0.395,0.272,28.736,1.397,0.576,0.244,0.289,7.355,0.567,0.221,0.136,0.074,0.382,0.918,1.046,0.189,0.137,1.335,1.022,0.634,0.233,0.108,2.194,0.824,0.801,0.114,0.078,457.461,102.877,68.361,4.499,2.412,0.576,0.51,0.128,0.173,0.15,2.882,1.239,0.97,0.463,0.257,2.76,1.812,1.022,0.434,0.258,4.797,2.222,1.278,0.607,0.359
1761327611,2025-10-24,left,3.799,2.393,0.531,0.223,0.211,0.827,1.162,0.265,0.359,0.16,1.798,1.364,0.618,0.194,0.174,2.173,2.06,0.902,0.407,0.288,24.445,1.387,0.567,0.218,0.277,6.168,0.526,0.213,0.124,0.069,0.482,0.875,0.94,0.188,0.135,1.115,1.161,0.723,0.25,0.11,1.84,0.739,0.748,0.11,0.078,393.705,86.828,56.259,3.714,1.926,0.738,0.518,0.124,0.209,0.16,3.154,1.494,0.997,0.46,0.251,2.27,2.124,1.103,0.447,0.266,4.814,2.611,1.25,0.605,0.362
1761327611,2025-10-24,left,4.589,2.775,0.561,0.228,0.203,0.779,1.205,0.286,0.351,0.143,2.056,1.505,0.561,0.219,0.181,2.332,2.169,0.773,0.418,0.294,17.806,1.305,0.539,0.198,0.266,4.584,0.457,0.208,0.112,0.066,0.654,0.806,0.81,0.195,0.131,1.017,1.276,0.739,0.28,0.114,1.374,0.635,0.618,0.11,0.074,289.384,63.666,39.255,2.81,1.344,0.995,0.507,0.134,0.249,0.164,3.419,1.753,0.987,0.474,0.244,1.949,2.315,1.172,0.454,0.258,4.744,2.842,1.149,0.589,0.337
1761327611,2025-10-24,left,5.063,2.863,0.634,0.241,0.187,0.731,1.153,0.371,0.357,0.132,2.286,1.55,0.512,0.251,0.181,2.442,2.078,0.641,0.422,0.287,10.956,1.153,0.515,0.187,0.253,2.806,0.377,0.218,0.102,0.067,0.872,0.708,0.654,0.206,0.125,1.074,1.328,0.677,0.322,0.121,0.928,0.541,0.448,0.111,0.069,177.06,39.562,22.5,1.932,0.818,1.248,0.469,0.168,0.286,0.161,3.615,1.954,0.967,0.501,0.237,1.863,2.349,1.239,0.448,0.239,4.533,2.854,1.031,0.556,0.291
1761327611,2025-10-24,left,5.11,2.638,0.754,0.255,0.169,0.692,1.029,0.528,0.375,0.132,2.433,1.511,0.501,0.283,0.173,2.476,1.842,0.549,0.415,0.272,5.579,0.954,0.523,0.186,0.238,1.565,0.299,0.247,0.099,0.071,1.089,0.593,0.49,0.218,0.121,1.32,1.317,0.572,0.37,0.129,0.598,0.478,0.284,0.112,0.061,86.57,20.047,10.129,1.229,0.455,1.399,0.407,0.23,0.317,0.151,3.695,2.064,0.98,0.537,0.232,1.943,2.245,1.338,0.431,0.22,4.197,2.671,0.959,0.506,0.241
1761327611,2025-10-24,left,4.611,2.188,0.885,0.267,0.154,0.667,0.884,0.728,0.4,0.139,2.426,1.422,0.531,0.308,0.16,2.416,1.57,0.499,0.396,0.256,2.63,0.746,0.563,0.192,0.224,0.825,0.239,0.286,0.104,0.077,1.273,0.484,0.342,0.232,0.12,1.696,1.249,0.461,0.416,0.138,0.428,0.451,0.162,0.113,0.054,31.718,7.934,3.591,0.789,0.276,1.43,0.342,0.31,0.339,0.137,3.555,2.066,1.038,0.574,0.229,2.087,2.059,1.47,0.419,0.212,3.7,2.387,0.954,0.451,0.203
1761327611,2025-10-24,left,3.862,1.667,0.986,0.278,0.147,0.704,0.77,0.933,0.43,0.152,2.35,1.315,0.6,0.324,0.146,2.353,1.373,0.492,0.368,0.246,1.5,0.569,0.617,0.203,0.217,0.605,0.205,0.319,0.115,0.084,1.423,0.416,0.235,0.245,0.123,2.222,1.145,0.387,0.449,0.146,0.404,0.451,0.096,0.113,0.05,9.098,2.618,1.515,0.588,0.227,1.389,0.295,0.388,0.351,0.124,3.342,1.964,1.141,0.604,0.226,2.238,1.852,1.628,0.422,0.219,3.155,2.106,1.02,0.408,0.185
1761327611,2025-10-24,left,3.03,1.212,1.022,0.293,0.15,0.797,0.723,1.096,0.462,0.166,2.173,1.202,0.68,0.337,0.136,2.327,1.314,0.512,0.344,0.243,1.396,0.451,0.652,0.217,0.217,0.587,0.196,0.332,0.125,0.09,1.493,0.406,0.177,0.259,0.127,2.666,1.009,0.363,0.464,0.154,0.447,0.455,0.081,0.115,0.05,4.756,1.258,1.409,0.54,0.234,1.32,0.275,0.443,0.351,0.115,2.939,1.76,1.259,0.625,0.222,2.363,1.644,1.775,0.452,0.235,2.555,1.884,1.128,0.394,0.185
1761327612,2025-10-24,left,2.558,0.936,0.986,0.32,0.161,1.024,0.772,1.178,0.498,0.177,2.177,1.101,0.744,0.358,0.131,2.574,1.397,0.54,0.345,0.245,1.562,0.413,0.651,0.245,0.221,0.629,0.207,0.321,0.136,0.093,1.663,0.458,0.162,0.275,0.13,3.169,0.872,0.393,0.467,0.16,0.548,0.455,0.101,0.122,0.054,5.634,1.384,1.641,0.567,0.252,1.409,0.296,0.465,0.341,0.114,2.933,1.539,1.362,0.652,0.217,2.685,1.493,1.877,0.523,0.254,2.346,1.774,1.234,0.433,0.195
1761327612,2025-10-24,left,2.628,0.9,0.919,0.371,0.177,1.362,0.954,1.176,0.54,0.183,2.426,1.057,0.795,0.4,0.131,3.183,1.629,0.603,0.396,0.247,1.86,0.488,0.643,0.31,0.227,0.71,0.236,0.3,0.152,0.092,1.916,0.59,0.208,0.307,0.131,3.715,0.805,0.484,0.482,0.168,0.788,0.461,0.148,0.14,0.062,6.223,1.845,1.829,0.627,0.271,1.596,0.378,0.467,0.326,0.121,3.508,1.464,1.463,0.713,0.215,3.413,1.5,1.935,0.646,0.273,2.689,1.864,1.323,0.546,0.208
1761327612,2025-10-24,left,3.427,1.133,0.9,0.451,0.195,1.895,1.307,1.137,0.593,0.184,3.189,1.147,0.881,0.468,0.136,4.351,2.053,0.788,0.508,0.243,2.501,0.751,0.699,0.428,0.231,0.883,0.293,0.298,0.182,0.089,2.761,0.835,0.353,0.371,0.129,4.658,0.922,0.672,0.537,0.179,1.255,0.504,0.225,0.171,0.072,7.443,2.59,1.973,0.734,0.287,1.987,0.541,0.482,0.313,0.135,5.301,1.748,1.655,0.837,0.223,4.914,1.812,2.022,0.825,0.294,3.979,2.296,1.458,0.741,0.223
1761327612,2025-10-24,left,4.815,1.599,0.983,0.553,0.215,2.535,1.825,1.125,0.658,0.183,4.35,1.42,1.064,0.556,0.142,5.965,2.699,1.172,0.67,0.236,3.497,1.231,0.881,0.593,0.234,1.164,0.388,0.338,0.226,0.084,3.984,1.203,0.627,0.473,0.127,6.032,1.301,0.983,0.644,0.194,1.919,0.606,0.329,0.216,0.083,8.334,3.474,2.07,0.886,0.299,2.5,0.786,0.536,0.312,0.153,8.24,2.49,2.033,1.03,0.246,7.152,2.501,2.22,1.045,0.323,6.15,3.137,1.712,1,0.245
1761327612,2025-10-24,neutral,6.502,2.208,1.161,0.654,0.233,3.241,2.431,1.18,0.722,0.183,5.747,1.851,1.359,0.644,0.15,7.788,3.511,1.738,0.845,0.228,4.811,1.879,1.187,0.772,0.241,1.537,0.521,0.421,0.276,0.081,5.662,1.646,1.004,0.598,0.13,7.812,1.903,1.381,0.788,0.212,2.703,0.76,0.443,0.266,0.096,9.336,4.302,2.122,1.06,0.308,3.154,1.084,0.623,0.326,0.169,12.009,3.577,2.593,1.257,0.285,9.821,3.487,2.542,1.267,0.358,8.884,4.281,2.097,1.268,0.279
1761327612,2025-10-24,neutral,8.002,2.826,1.378,0.726,0.246,3.84,2.98,1.295,0.771,0.187,6.949,2.335,1.711,0.703,0.159,9.392,4.319,2.355,0.982,0.223,6.528,2.551,1.541,0.915,0.252,1.997,0.671,0.524,0.315,0.08,7.361,2.053,1.403,0.714,0.139,9.607,2.57,1.769,0.925,0.232,3.372,0.923,0.54,0.311,0.109,10.104,4.812,2.115,1.213,0.317,3.787,1.373,0.717,0.35,0.179,15.614,4.71,3.207,1.448,0.333,12.275,4.522,2.914,1.439,0.395,11.467,5.465,2.532,1.477,0.321
1761327612,2025-10-24,neutral,8.811,3.297,1.545,0.746,0.251,4.187,3.317,1.424,0.786,0.192,7.565,2.721,2.011,0.711,0.167,10.333,4.902,2.839,1.034,0.224,8.365,3.08,1.837,0.977,0.267,2.446,0.801,0.612,0.33,0.083,8.564,2.316,1.71,0.78,0.153,10.896,3.105,2.031,1.007,0.253,3.746,1.056,0.597,0.339,0.123,10.232,4.865,2.039,1.299,0.326,4.275,1.58,0.775,0.37,0.179,18.008,5.546,3.684,1.533,0.378,13.764,5.297,3.193,1.509,0.422,13.148,6.359,2.87,1.564,0.361
1761327612,2025-10-24,neutral,8.731,3.48,1.592,0.705,0.249,4.181,3.346,1.509,0.759,0.197,7.439,2.868,2.146,0.658,0.173,10.385,5.062,3.032,0.983,0.227,9.874,3.328,1.983,0.936,0.278,2.757,0.869,0.655,0.313,0.087,9.033,2.357,1.83,0.766,0.164,11.262,3.344,2.086,0.999,0.271,3.723,1.126,0.6,0.342,0.137,10.214,4.474,1.877,1.29,0.333,4.446,1.651,0.763,0.375,0.169,18.515,5.824,3.851,1.466,0.406,13.861,5.565,3.243,1.448,0.428,13.471,6.689,2.978,1.501,0.386
1761327613,2025-10-24,neutral,7.729,3.313,1.489,0.613,0.242,3.782,3.062,1.495,0.689,0.198,6.583,2.722,2.051,0.553,0.175,9.457,4.72,2.867,0.842,0.229,10.655,3.231,1.931,0.801,0.278,2.846,0.85,0.634,0.268,0.092,8.412,2.161,1.725,0.669,0.169,10.471,3.22,1.9,0.899,0.283,3.265,1.121,0.55,0.318,0.149,9.516,3.791,1.639,1.187,0.336,4.208,1.576,0.671,0.358,0.152,16.919,5.476,3.609,1.257,0.411,12.507,5.24,2.982,1.27,0.41,12.335,6.36,2.792,1.313,0.386
1761327613,2025-10-24,neutral,6.122,2.849,1.264,0.5,0.235,3.094,2.563,1.37,0.587,0.192,5.301,2.337,1.752,0.426,0.175,7.808,3.96,2.404,0.655,0.226,10.442,2.836,1.705,0.614,0.262,2.677,0.75,0.553,0.211,0.094,7.049,1.793,1.433,0.515,0.163,8.728,2.792,1.517,0.738,0.29,2.586,1.058,0.463,0.276,0.156,9.05,3.032,1.358,1.033,0.335,3.631,1.399,0.514,0.327,0.134,13.756,4.653,3.009,0.967,0.394,10.101,4.444,2.453,1.033,0.376,10.132,5.493,2.359,1.064,0.364
1761327613,2025-10-24,neutral,4.311,2.223,0.983,0.398,0.233,2.248,1.998,1.157,0.473,0.182,3.907,1.833,1.337,0.305,0.171,5.811,2.987,1.797,0.472,0.218,9.306,2.274,1.38,0.423,0.232,2.311,0.604,0.435,0.156,0.091,5.192,1.376,1.063,0.349,0.149,6.506,2.205,1.056,0.564,0.292,1.803,0.97,0.366,0.227,0.156,8.26,2.374,1.09,0.876,0.332,2.847,1.206,0.341,0.3,0.122,9.883,3.627,2.222,0.677,0.364,7.27,3.44,1.803,0.803,0.338,7.462,4.353,1.81,0.825,0.327
1761327613,2025-10-24,neutral,2.786,1.608,0.728,0.331,0.234,1.487,1.51,0.924,0.371,0.173,2.782,1.357,0.926,0.218,0.166,3.986,2.068,1.226,0.332,0.205,7.537,1.711,1.064,0.271,0.195,1.842,0.464,0.314,0.115,0.084,3.532,1.053,0.743,0.215,0.13,4.494,1.634,0.66,0.417,0.288,1.244,0.888,0.279,0.18,0.15,7.729,1.901,0.881,0.755,0.33,2.096,1.082,0.201,0.288,0.119,6.415,2.672,1.476,0.456,0.332,4.753,2.505,1.218,0.635,0.307,5.065,3.244,1.318,0.65,0.287
1761327613,2025-10-24,neutral,1.684,1.132,0.552,0.303,0.237,0.902,1.187,0.734,0.298,0.168,1.986,1.02,0.614,0.174,0.16,2.529,1.412,0.821,0.253,0.191,5.496,1.28,0.843,0.175,0.157,1.354,0.369,0.22,0.09,0.075,2.277,0.919,0.557,0.133,0.111,2.997,1.218,0.426,0.315,0.278,0.876,0.825,0.219,0.143,0.138,7.041,1.587,0.745,0.681,0.328,1.509,1.071,0.128,0.293,0.125,3.806,1.974,0.936,0.334,0.302,2.848,1.806,0.827,0.543,0.286,3.227,2.382,1.002,0.55,0.252
1761327613,2025-10-24,neutral,1.145,0.883,0.487,0.308,0.237,0.644,1.053,0.628,0.263,0.169,1.607,0.873,0.453,0.176,0.154,1.666,1.112,0.636,0.235,0.18,4.074,1.069,0.754,0.14,0.129,1.051,0.342,0.168,0.08,0.066,1.733,1.018,0.534,0.103,0.098,2.223,1.042,0.397,0.258,0.261,0.833,0.796,0.195,0.119,0.123,6.624,1.407,0.678,0.647,0.325,1.202,1.169,0.129,0.305,0.135,2.426,1.619,0.677,0.311,0.279,1.906,1.432,0.702,0.52,0.272,2.313,1.885,0.917,0.516,0.225
1761327613,2025-10-24,neutral,1.346,0.884,0.538,0.34,0.233,0.927,1.077,0.612,0.272,0.177,1.835,0.889,0.445,0.212,0.15,1.774,1.112,0.653,0.27,0.184,4.059,1.074,0.791,0.162,0.117,1.1,0.367,0.158,0.083,0.06,2.067,1.296,0.658,0.116,0.096,2.447,1.089,0.56,0.238,0.244,1.17,0.788,0.212,0.112,0.11,7.013,1.311,0.674,0.643,0.318,1.272,1.318,0.187,0.312,0.143,2.753,1.55,0.688,0.378,0.265,2.438,1.369,0.845,0.55,0.263,2.906,1.73,1.042,0.535,0.208
1761327613,2025-10-24,neutral,2.373,1.156,0.69,0.397,0.229,1.866,1.249,0.672,0.326,0.189,2.831,1.04,0.559,0.273,0.153,3.102,1.356,0.818,0.353,0.208,6.167,1.287,0.918,0.239,0.126,1.677,0.425,0.177,0.098,0.062,3.304,1.674,0.883,0.163,0.108,3.828,1.32,0.853,0.256,0.235,1.96,0.795,0.273,0.127,0.102,8.714,1.305,0.743,0.666,0.31,1.732,1.455,0.275,0.315,0.146,5.04,1.735,0.905,0.538,0.266,4.654,1.608,1.197,0.634,0.262,5.341,1.904,1.309,0.608,0.203
1761327614,2025-10-24,neutral,4.036,1.704,0.921,0.481,0.231,3.35,1.567,0.803,0.424,0.206,4.49,1.303,0.76,0.349,0.165,5.521,1.813,1.097,0.475,0.254,9.631,1.698,1.103,0.361,0.154,2.57,0.504,0.217,0.126,0.071,5.132,2.065,1.166,0.24,0.133,6.123,1.686,1.204,0.317,0.24,3.08,0.808,0.373,0.164,0.101,11.635,1.411,0.901,0.72,0.304,2.482,1.536,0.373,0.319,0.145,8.9,2.168,1.272,0.789,0.286,8.127,2.145,1.69,0.779,0.28,9.251,2.402,1.664,0.749,0.219
1761327614,2025-10-24,neutral,5.84,2.452,1.181,0.582,0.245,5.02,1.984,0.977,0.549,0.227,6.359,1.634,0.998,0.424,0.186,8.425,2.432,1.435,0.618,0.309,13.951,2.249,1.284,0.502,0.192,3.675,0.593,0.262,0.16,0.088,7.069,2.37,1.444,0.334,0.162,8.637,2.106,1.525,0.414,0.259,4.2,0.816,0.492,0.215,0.106,14.819,1.624,1.136,0.8,0.301,3.341,1.557,0.457,0.33,0.139,13.191,2.801,1.695,1.099,0.323,11.84,2.881,2.218,0.973,0.322,13.55,3.13,2.029,0.949,0.262
1761327614,2025-10-24,neutral,7.289,3.243,1.405,0.678,0.27,6.433,2.416,1.145,0.669,0.249,7.906,1.977,1.213,0.484,0.208,11.063,3.132,1.755,0.748,0.355,17.402,2.857,1.425,0.623,0.227,4.511,0.683,0.303,0.19,0.107,8.484,2.537,1.66,0.422,0.187,10.701,2.476,1.739,0.524,0.281,5.04,0.808,0.592,0.266,0.113,17.356,1.87,1.394,0.88,0.3,4.088,1.524,0.513,0.348,0.131,16.699,3.526,2.064,1.395,0.368,14.816,3.636,2.649,1.17,0.386,17.087,3.908,2.311,1.167,0.329
1761327614,2025-10-24,right,8.022,3.904,1.528,0.748,0.301,7.217,2.784,1.251,0.753,0.271,8.664,2.3,1.343,0.516,0.227,12.763,3.855,1.963,0.833,0.377,19.262,3.449,1.481,0.692,0.251,4.949,0.77,0.327,0.205,0.122,9.305,2.573,1.757,0.486,0.201,11.787,2.739,1.792,0.618,0.296,5.3,0.781,0.641,0.301,0.119,18.456,2.104,1.575,0.932,0.3,4.56,1.474,0.533,0.365,0.123,18.48,4.252,2.273,1.595,0.409,16.306,4.258,2.856,1.318,0.463,18.979,4.59,2.424,1.347,0.411
1761327614,2025-10-24,right,8.062,4.361,1.533,0.787,0.336,7.306,3.063,1.252,0.782,0.293,8.545,2.633,1.352,0.525,0.243,13.33,4.587,1.998,0.856,0.374,19.09,3.993,1.435,0.701,0.261,4.813,0.864,0.331,0.202,0.131,9.251,2.589,1.729,0.522,0.206,11.812,2.97,1.687,0.682,0.297,4.99,0.76,0.628,0.315,0.122,18.085,2.351,1.599,0.941,0.305,4.707,1.479,0.524,0.373,0.12,18.406,5.033,2.289,1.655,0.442,16.316,4.772,2.79,1.382,0.541,19.215,5.198,2.344,1.446,0.499
1761327614,2025-10-24,right,7.852,4.663,1.465,0.802,0.369,7.009,3.295,1.151,0.762,0.319,7.766,3.052,1.265,0.528,0.264,13.129,5.368,1.885,0.822,0.362,16.523,4.548,1.338,0.671,0.263,4.075,0.992,0.33,0.187,0.133,8.853,2.752,1.624,0.544,0.211,10.995,3.367,1.508,0.719,0.288,4.237,0.794,0.571,0.314,0.127,16.855,2.706,1.444,0.912,0.322,4.603,1.63,0.514,0.375,0.123,17.098,6.049,2.203,1.586,0.47,15.533,5.366,2.518,1.359,0.612,18.79,5.911,2.144,1.447,0.586
1761327614,2025-10-24,right,8.162,4.893,1.406,0.809,0.399,6.85,3.533,0.999,0.715,0.351,6.867,3.597,1.159,0.545,0.294,12.94,6.179,1.719,0.755,0.358,13.864,5.135,1.251,0.639,0.27,3.26,1.163,0.336,0.171,0.13,8.238,3.153,1.535,0.57,0.226,10.046,4.051,1.369,0.743,0.278,3.442,0.914,0.508,0.309,0.134,15.578,3.223,1.17,0.863,0.355,4.472,1.946,0.533,0.378,0.135,15.802,7.368,2.161,1.445,0.498,15.172,6.201,2.202,1.279,0.674,19.348,6.861,1.973,1.366,0.669
1761327614,2025-10-24,right,9.241,5.082,1.402,0.817,0.422,7.049,3.768,0.843,0.666,0.386,6.189,4.191,1.1,0.588,0.334,13.015,6.882,1.58,0.683,0.375,10.947,5.687,1.229,0.628,0.286,2.423,1.349,0.359,0.165,0.127,7.849,3.716,1.513,0.61,0.253,9.218,4.944,1.344,0.765,0.278,2.812,1.099,0.47,0.309,0.147,14.731,3.861,0.874,0.82,0.403,4.309,2.347,0.595,0.385,0.155,15.097,8.794,2.257,1.303,0.533,15.621,7.238,1.993,1.185,0.727,21.503,7.965,1.926,1.236,0.745
1761327615,2025-10-24,right,11.009,5.165,1.451,0.829,0.435,7.586,3.941,0.726,0.633,0.417,5.931,4.663,1.101,0.654,0.376,13.452,7.276,1.508,0.635,0.413,9.337,6.056,1.25,0.648,0.31,2.034,1.499,0.388,0.173,0.125,7.494,4.25,1.55,0.659,0.287,8.781,5.806,1.423,0.788,0.293,2.556,1.298,0.467,0.319,0.164,14.089,4.497,0.65,0.805,0.456,4.218,2.689,0.687,0.401,0.183,15.222,9.918,2.469,1.212,0.57,16.886,8.212,1.957,1.122,0.771,24.946,8.912,2.006,1.101,0.808
1761327615,2025-10-24,right,12.597,5.044,1.529,0.846,0.435,8.028,3.981,0.683,0.631,0.437,5.906,4.837,1.137,0.734,0.41,13.675,7.216,1.513,0.636,0.465,8.127,6.088,1.299,0.693,0.332,1.967,1.562,0.419,0.195,0.127,7.207,4.566,1.603,0.712,0.319,8.57,6.343,1.553,0.809,0.317,2.58,1.453,0.49,0.335,0.18,13.468,4.968,0.561,0.822,0.494,4.041,2.819,0.77,0.424,0.215,15.563,10.319,2.715,1.194,0.6,17.943,8.759,2.069,1.119,0.8,27.974,9.329,2.162,1.009,0.85
1761327615,2025-10-24,right,13.593,4.641,1.6,0.865,0.422,8.248,3.853,0.717,0.665,0.439,6.129,4.617,1.159,0.812,0.422,13.768,6.698,1.558,0.701,0.518,7.897,5.72,1.334,0.755,0.344,2.323,1.508,0.44,0.224,0.129,7.044,4.582,1.634,0.763,0.34,8.853,6.356,1.651,0.83,0.34,2.844,1.516,0.513,0.352,0.191,12.659,5.125,0.627,0.865,0.503,4.005,2.654,0.797,0.448,0.244,16.094,9.779,2.901,1.235,0.611,18.342,8.589,2.242,1.184,0.803,29.462,8.958,2.326,1,0.858
1761327615,2025-10-24,right,13.472,3.973,1.652,0.884,0.395,7.934,3.568,0.817,0.735,0.421,6.348,4.029,1.142,0.876,0.406,13.348,5.858,1.606,0.824,0.557,7.728,5.016,1.354,0.827,0.337,2.82,1.353,0.452,0.258,0.131,7.051,4.32,1.644,0.814,0.342,9.439,5.823,1.68,0.852,0.351,3.14,1.468,0.513,0.365,0.196,11.869,4.922,0.824,0.921,0.473,3.986,2.22,0.756,0.469,0.262,16.431,8.387,2.984,1.299,0.594,17.409,7.658,2.397,1.298,0.772,28.27,7.801,2.457,1.081,0.823
1761327615,2025-10-24,neutral,12.655,3.168,1.698,0.9,0.355,7.285,3.183,0.96,0.826,0.387,6.631,3.202,1.094,0.914,0.366,12.729,4.901,1.64,0.978,0.573,7.991,4.157,1.381,0.901,0.315,3.313,1.145,0.465,0.294,0.13,7.35,3.887,1.674,0.866,0.327,10.437,4.889,1.655,0.878,0.344,3.431,1.315,0.489,0.372,0.194,11.445,4.424,1.098,0.975,0.411,4.139,1.644,0.665,0.485,0.263,16.931,6.473,2.983,1.353,0.551,15.667,6.196,2.502,1.425,0.705,25.091,6.126,2.548,1.226,0.747
1761327615,2025-10-24,neutral,11.604,2.493,1.768,0.911,0.309,6.556,2.832,1.124,0.92,0.346,7.003,2.399,1.064,0.924,0.315,12.182,4.124,1.687,1.123,0.565,8.299,3.457,1.457,0.97,0.285,3.719,0.973,0.486,0.328,0.126,7.973,3.511,1.79,0.918,0.301,11.834,3.937,1.642,0.907,0.324,3.702,1.142,0.461,0.377,0.19,11.758,3.89,1.408,1.02,0.335,4.378,1.131,0.578,0.495,0.247,17.816,4.64,2.976,1.38,0.495,13.766,4.782,2.596,1.529,0.616,20.97,4.493,2.631,1.383,0.643
1761327615,2025-10-24,neutral,11.159,2.254,1.862,0.912,0.268,6.191,2.684,1.273,0.997,0.309,7.594,1.9,1.081,0.908,0.27,12.203,3.82,1.767,1.225,0.542,9.333,3.278,1.591,1.027,0.26,3.937,0.935,0.513,0.36,0.123,8.807,3.486,1.976,0.963,0.271,13.588,3.456,1.681,0.94,0.304,4.07,1.079,0.45,0.387,0.188,12.688,3.664,1.663,1.06,0.27,4.753,0.872,0.535,0.499,0.222,19.345,3.543,2.99,1.382,0.447,12.743,4.073,2.683,1.592,0.53,17.719,3.514,2.702,1.501,0.537
1761327615,2025-10-24,neutral,11.439,2.616,1.938,0.903,0.248,6.315,2.849,1.37,1.053,0.285,8.305,1.896,1.133,0.876,0.249,12.825,4.149,1.871,1.271,0.513,10.485,3.823,1.716,1.073,0.248,4.065,1.09,0.527,0.39,0.122,9.58,4.002,2.145,0.998,0.244,15.365,3.799,1.754,0.98,0.296,4.536,1.249,0.46,0.408,0.191,13.785,4.04,1.777,1.105,0.242,5.162,0.96,0.542,0.496,0.196,21.134,3.591,2.972,1.375,0.426,12.861,4.475,2.711,1.623,0.473,16.176,3.539,2.708,1.554,0.458
1761327616,2025-10-24,neutral,12.413,3.502,1.96,0.892,0.259,6.874,3.312,1.408,1.089,0.275,9.007,2.392,1.19,0.843,0.257,13.811,5.044,1.969,1.277,0.486,11.642,5.007,1.786,1.111,0.252,3.957,1.421,0.522,0.418,0.122,10.153,5.043,2.197,1.026,0.224,16.768,4.972,1.801,1.027,0.303,5.105,1.672,0.485,0.439,0.197,14.243,5.074,1.71,1.164,0.26,5.593,1.338,0.579,0.488,0.176,22.572,4.751,2.854,1.38,0.434,13.997,5.908,2.629,1.65,0.456,16.464,4.493,2.607,1.548,0.42
1761327616,2025-10-24,neutral,13.705,4.615,1.927,0.886,0.298,7.797,3.912,1.418,1.119,0.279,9.728,3.209,1.223,0.825,0.29,15.067,6.182,2.039,1.267,0.464,13.083,6.432,1.751,1.146,0.265,3.974,1.824,0.489,0.44,0.124,10.634,6.341,2.087,1.052,0.213,17.764,6.59,1.763,1.079,0.321,5.718,2.233,0.51,0.478,0.201,13.86,6.524,1.498,1.231,0.321,6.051,1.826,0.611,0.477,0.168,23.531,6.543,2.609,1.409,0.465,16.041,7.861,2.435,1.699,0.475,18.313,5.982,2.425,1.516,0.422
1761327616,2025-10-24,right,15.729,5.636,1.856,0.893,0.353,9.344,4.432,1.455,1.153,0.294,10.748,4.081,1.223,0.825,0.335,16.932,7.15,2.095,1.268,0.452,14.916,7.627,1.665,1.182,0.285,4.228,2.176,0.445,0.455,0.125,11.312,7.505,1.865,1.08,0.216,18.695,8.1,1.632,1.132,0.344,6.438,2.736,0.529,0.518,0.202,13.352,7.949,1.222,1.291,0.407,6.771,2.222,0.62,0.469,0.171,24.666,8.345,2.289,1.455,0.504,20.584,9.761,2.167,1.777,0.515,22.989,7.607,2.226,1.489,0.45
1761327616,2025-10-24,right,19.672,6.409,1.84,0.909,0.403,12.018,4.731,1.606,1.197,0.315,12.381,4.829,1.241,0.837,0.379,19.855,7.702,2.229,1.284,0.448,17.776,8.296,1.674,1.222,0.306,4.918,2.384,0.422,0.458,0.125,12.269,8.223,1.673,1.104,0.237,19.756,9.085,1.486,1.173,0.365,7.228,3.009,0.557,0.553,0.197,13.46,8.933,1.022,1.311,0.495,7.99,2.423,0.622,0.467,0.183,26.807,9.76,2.068,1.493,0.544,30.702,11.312,1.99,1.85,0.558,33.22,9.194,2.165,1.48,0.488
1761327616,2025-10-24,right,26.146,6.895,1.953,0.924,0.428,15.958,4.751,1.917,1.247,0.338,14.583,5.323,1.323,0.844,0.406,23.639,7.732,2.5,1.305,0.45,21.128,8.332,1.884,1.259,0.324,5.883,2.409,0.439,0.446,0.124,13.145,8.294,1.617,1.11,0.273,20.565,9.296,1.417,1.188,0.385,7.985,2.951,0.619,0.574,0.188,14.58,9.176,1.003,1.267,0.563,9.696,2.405,0.646,0.468,0.199,30.031,10.531,2.076,1.496,0.578,48.352,12.387,2.062,1.87,0.592,50.749,10.64,2.339,1.477,0.518
1761327616,2025-10-24,right,35.773,7.092,2.174,0.924,0.42,21.244,4.494,2.342,1.289,0.36,17.364,5.486,1.466,0.831,0.41,28.359,7.26,2.863,1.314,0.456,25.204,7.794,2.295,1.284,0.336,7.019,2.254,0.49,0.417,0.122,13.771,7.695,1.699,1.084,0.32,21.018,8.724,1.46,1.165,0.403,8.659,2.574,0.734,0.577,0.176,16.971,8.572,1.191,1.153,0.596,11.901,2.209,0.699,0.466,0.217,34.415,10.543,2.311,1.445,0.607,73.226,12.9,2.416,1.806,0.614,75.438,11.761,2.705,1.459,0.53
1761327616,2025-10-24,right,46.262,7.052,2.402,0.898,0.384,26.455,4.033,2.749,1.306,0.376,19.879,5.328,1.613,0.796,0.391,32.471,6.439,3.172,1.292,0.465,28.242,6.874,2.784,1.29,0.343,7.846,1.966,0.546,0.375,0.12,13.588,6.615,1.826,1.025,0.367,20.546,7.633,1.568,1.102,0.422,8.959,2.014,0.902,0.559,0.163,19.882,7.316,1.527,0.991,0.595,13.866,1.926,0.758,0.458,0.235,38.461,9.912,2.638,1.342,0.629,99.671,12.889,2.941,1.66,0.63,101.802,12.408,3.115,1.411,0.523
1761327616,2025-10-24,right,54.009,6.811,2.538,0.852,0.336,30.114,3.491,3.008,1.295,0.386,21.351,4.92,1.701,0.753,0.356,34.842,5.511,3.298,1.238,0.477,30.081,5.864,3.187,1.279,0.349,8.319,1.635,0.581,0.33,0.12,12.866,5.386,1.895,0.947,0.407,19.114,6.425,1.68,1.015,0.444,8.774,1.46,1.101,0.522,0.149,22.372,5.825,1.928,0.826,0.571,15.056,1.655,0.798,0.442,0.252,40.506,8.896,2.913,1.216,0.644,119.544,12.406,3.454,1.474,0.646,121.222,12.421,3.421,1.341,0.506
1761327617,2025-10-24,right,56.401,6.32,2.534,0.803,0.294,30.914,2.964,3.034,1.261,0.389,21.077,4.321,1.691,0.72,0.316,34.406,4.629,3.184,1.171,0.494,29.481,4.933,3.374,1.259,0.358,8.081,1.327,0.582,0.293,0.122,11.436,4.279,1.851,0.875,0.434,16.833,5.375,1.746,0.93,0.462,8.033,1.046,1.276,0.472,0.139,23.919,4.453,2.305,0.705,0.536,14.984,1.438,0.804,0.421,0.266,39.521,7.667,3.039,1.106,0.644,126.265,11.393,3.76,1.31,0.66,127.487,11.615,3.548,1.279,0.486
1761327617,2025-10-24,right,52.026,5.623,2.421,0.768,0.271,28.507,2.509,2.825,1.206,0.383,19.09,3.638,1.598,0.709,0.279,31.352,3.87,2.889,1.104,0.51,27.508,4.122,3.316,1.227,0.369,7.448,1.071,0.558,0.272,0.124,10.125,3.404,1.716,0.826,0.445,14.399,4.557,1.758,0.869,0.468,6.877,0.804,1.371,0.416,0.133,24.174,3.394,2.587,0.655,0.501,13.582,1.283,0.776,0.397,0.271,35.565,6.383,3.02,1.043,0.623,116.606,9.858,3.748,1.209,0.664,117.198,10.055,3.529,1.25,0.468
1761327617,2025-10-24,right,44.085,4.88,2.311,0.75,0.267,24.156,2.128,2.466,1.126,0.366,16.445,3.018,1.486,0.711,0.249,27.228,3.254,2.557,1.04,0.518,24.114,3.359,3.115,1.173,0.377,6.441,0.859,0.536,0.266,0.126,9.076,2.741,1.581,0.798,0.441,12.492,3.907,1.764,0.833,0.454,5.737,0.687,1.349,0.362,0.131,23.729,2.676,2.763,0.663,0.47,11.498,1.174,0.732,0.371,0.265,30.617,5.213,2.944,1.027,0.579,95.991,7.978,3.449,1.173,0.647,96.302,8.118,3.471,1.252,0.449
1761327617,2025-10-24,right,33.812,4.343,2.338,0.742,0.277,18.488,1.827,2.082,1.018,0.339,13.518,2.616,1.432,0.709,0.228,22.608,2.82,2.339,0.981,0.513,20.102,2.616,2.925,1.096,0.375,5.289,0.681,0.542,0.27,0.126,8.419,2.258,1.531,0.781,0.427,11.238,3.386,1.815,0.813,0.422,4.638,0.634,1.218,0.316,0.133,22.286,2.261,2.835,0.695,0.445,8.991,1.107,0.697,0.346,0.249,25.501,4.39,2.922,1.044,0.519,69.219,6.154,3.007,1.172,0.607,69.616,6.421,3.482,1.27,0.43
1761327617,2025-10-24,right,25.759,4.162,2.559,0.739,0.289,13.879,1.616,1.778,0.898,0.307,11.798,2.509,1.47,0.692,0.218,19.782,2.609,2.295,0.932,0.498,16.718,1.98,2.839,1.006,0.363,4.399,0.544,0.581,0.277,0.124,8.39,1.964,1.594,0.768,0.407,11.268,2.997,1.927,0.808,0.381,4.071,0.625,1.022,0.284,0.139,20.972,2.074,2.821,0.723,0.427,7.039,1.077,0.684,0.329,0.231,22.647,4.071,3.003,1.085,0.462,46.466,4.791,2.597,1.18,0.55,47.43,5.486,3.593,1.296,0.411
1761327617,2025-10-24,neutral,20.558,4.28,2.933,0.741,0.301,10.71,1.47,1.599,0.795,0.274,11.132,2.617,1.574,0.669,0.216,18.703,2.55,2.375,0.908,0.48,14.087,1.497,2.852,0.933,0.344,3.739,0.446,0.637,0.285,0.122,8.731,1.848,1.721,0.763,0.388,12.181,2.734,2.041,0.827,0.344,3.83,0.656,0.813,0.272,0.145,19.788,2.007,2.71,0.742,0.422,5.682,1.078,0.691,0.334,0.215,21.858,4.192,3.137,1.162,0.429,31.066,4.035,2.311,1.194,0.494,33.054,5.412,3.728,1.334,0.4
1761327617,2025-10-24,neutral,18.454,4.519,3.319,0.754,0.311,9.435,1.409,1.521,0.737,0.251,11.484,2.825,1.676,0.654,0.224,19.317,2.599,2.451,0.915,0.468,13.292,1.363,2.919,0.906,0.328,3.645,0.434,0.692,0.295,0.123,9.605,1.932,1.825,0.769,0.371,13.624,2.629,2.08,0.876,0.324,3.922,0.733,0.637,0.278,0.149,19.075,2.014,2.501,0.767,0.434,5.048,1.117,0.698,0.365,0.208,22.626,4.596,3.214,1.285,0.434,24.048,3.788,2.16,1.225,0.458,27.11,5.886,3.767,1.398,0.406
1761327617,2025-10-24,neutral,17.245,4.631,3.526,0.775,0.322,9.056,1.424,1.475,0.728,0.244,11.755,2.951,1.695,0.655,0.242,20.067,2.635,2.393,0.943,0.472,13.867,1.709,3.018,0.948,0.325,3.833,0.539,0.742,0.309,0.131,10.531,2.125,1.822,0.782,0.356,14.688,2.621,1.986,0.946,0.325,3.863,0.848,0.513,0.293,0.149,18.345,2.047,2.205,0.806,0.464,4.657,1.183,0.682,0.414,0.209,23.077,4.971,3.123,1.44,0.479,21.191,3.753,2.073,1.273,0.454,25.014,6.317,3.599,1.48,0.44
1761327618,2025-10-24,neutral,15.722,4.342,3.403,0.794,0.335,9.138,1.492,1.392,0.752,0.259,11.586,2.86,1.581,0.67,0.27,20.343,2.569,2.147,0.975,0.496,16.179,2.567,3.135,1.056,0.34,4.492,0.761,0.787,0.331,0.146,11.592,2.29,1.679,0.793,0.342,15.111,2.618,1.759,1.014,0.344,3.697,0.972,0.447,0.308,0.145,17.525,2.073,1.848,0.862,0.507,4.34,1.246,0.632,0.464,0.214,22.484,5.023,2.815,1.592,0.553,19.402,3.654,1.953,1.322,0.485,23.489,6.187,3.185,1.557,0.503
1761327618,2025-10-24,neutral,17.753,4.154,2.983,0.801,0.35,9.011,1.585,1.254,0.781,0.294,10.547,2.545,1.349,0.684,0.306,19.412,2.373,1.766,0.987,0.535,19.013,3.792,3.278,1.198,0.368,5.139,1.063,0.833,0.358,0.166,12.303,2.316,1.431,0.79,0.328,14.407,2.556,1.455,1.052,0.371,3.308,1.065,0.441,0.317,0.139,19.937,4.05,2.203,1.144,0.608,3.853,1.276,0.551,0.494,0.217,20.306,4.651,2.344,1.693,0.632,16.816,3.416,1.75,1.342,0.539,20.719,5.429,2.589,1.596,0.583
1761327618,2025-10-24,neutral,34.509,5.433,2.431,0.807,0.362,8.589,1.729,1.095,0.782,0.34,9.004,2.195,1.075,0.676,0.341,17.472,2.204,1.372,0.961,0.574,21.505,5.138,3.442,1.316,0.396,5.741,1.38,0.878,0.379,0.187,12.673,2.204,1.137,0.758,0.313,12.873,2.462,1.157,1.039,0.39,3.365,1.184,0.483,0.321,0.131,66.834,18.507,7.799,2.978,1.099,3.365,1.267,0.452,0.487,0.212,17.154,4.083,1.842,1.703,0.69,13.825,3.251,1.509,1.305,0.591,17.067,4.448,1.972,1.567,0.653
1761327618,2025-10-24,neutral,76.562,9.309,1.962,0.83,0.365,7.865,1.913,0.938,0.738,0.382,7.274,1.947,0.836,0.634,0.363,14.982,2.147,1.059,0.889,0.592,22.561,6.21,3.505,1.351,0.409,5.852,1.619,0.897,0.381,0.201,12.359,1.97,0.847,0.695,0.294,10.83,2.33,0.909,0.969,0.389,4.256,1.434,0.545,0.328,0.125,222.247,62.266,25.303,8.354,2.478,2.89,1.232,0.362,0.44,0.199,13.844,3.524,1.419,1.61,0.702,11.044,3.291,1.323,1.204,0.617,13.592,3.732,1.515,1.46,0.686
1761327618,2025-10-24,neutral,142.158,15.889,1.787,0.881,0.353,7.09,2.162,0.806,0.654,0.406,5.85,1.91,0.704,0.558,0.359,12.414,2.288,0.892,0.788,0.576,21.71,6.702,3.333,1.271,0.398,5.571,1.709,0.861,0.358,0.202,11.491,1.715,0.609,0.612,0.27,8.924,2.207,0.734,0.863,0.363,6.853,1.923,0.592,0.351,0.121,553.7,148.821,57.583,18.688,5.08,2.676,1.239,0.312,0.368,0.18,11.116,3.211,1.163,1.438,0.657,9.101,3.855,1.321,1.065,0.604,11.517,3.913,1.417,1.299,0.662
1761327618,2025-10-24,neutral,217.546,24.01,1.999,0.961,0.33,7.558,2.559,0.729,0.564,0.41,5.674,2.166,0.715,0.471,0.328,11.989,2.768,0.904,0.695,0.527,20.694,6.634,2.89,1.091,0.367,5.198,1.66,0.761,0.311,0.191,11.124,1.648,0.477,0.532,0.247,8.344,2.279,0.638,0.751,0.323,11.662,2.749,0.617,0.401,0.125,1053.508,274.009,102.262,34.587,8.98,3.03,1.38,0.329,0.295,0.16,10.757,3.43,1.114,1.242,0.567,9.619,5.336,1.59,0.939,0.561,13.333,5.471,1.799,1.138,0.591
1761327618,2025-10-24,neutral,281.648,31.274,2.513,1.051,0.306,8.281,3.142,0.737,0.5,0.4,5.905,2.681,0.856,0.398,0.282,12.049,3.625,1.095,0.644,0.463,17.999,6.264,2.271,0.86,0.328,4.426,1.54,0.622,0.253,0.169,10.458,1.935,0.493,0.478,0.231,8.381,2.682,0.622,0.66,0.286,17.721,3.871,0.644,0.472,0.14,1661.146,415.309,150.466,55.145,13.823,3.622,1.693,0.42,0.239,0.146,11.25,4.286,1.259,1.071,0.463,11.226,7.793,2.115,0.867,0.511,16.75,8.332,2.641,1.03,0.503
1761327621,2025-10-24,neutral,9.046,1.568,1.321,0.594,0.275,3.857,0.841,0.557,0.449,0.26,3.076,0.602,0.461,0.352,0.161,4.158,1.238,0.853,0.638,0.332,5.112,0.572,0.361,0.313,0.217,1.355,0.15,0.168,0.117,0.076,1.108,0.485,0.303,0.325,0.076,2.301,0.978,0.36,0.388,0.084,6.838,1.794,1.361,0.523,0.16,492.941,193.53,167.518,45.691,7.48,99.987,21.976,10.643,3.311,0.309,4.986,1.221,1.198,0.738,0.226,11.708,5.034,1.616,0.966,0.559,20.566,4.291,1.969,0.855,0.432
1761327621,2025-10-24,neutral,8.026,1.789,1.364,0.63,0.29,3.968,0.884,0.495,0.501,0.282,2.996,0.676,0.452,0.404,0.167,4.583,1.279,0.809,0.712,0.374,6.77,0.794,0.317,0.31,0.254,1.865,0.225,0.135,0.112,0.083,1.662,0.576,0.264,0.339,0.08,2.807,0.97,0.393,0.432,0.083,7.961,1.959,1.174,0.517,0.152,458.747,167.982,135.393,41.198,7.419,90.127,22.011,10.78,3.353,0.298,4.867,1.444,1.252,0.795,0.223,10.096,5.663,1.618,1.101,0.583,17.628,5.04,2.012,0.902,0.454
1761327621,2025-10-24,neutral,9.858,2.227,1.345,0.669,0.297,5.44,1.236,0.494,0.568,0.3,3.869,1.117,0.468,0.48,0.176,6.197,1.792,0.772,0.793,0.416,8.201,1.458,0.318,0.326,0.302,2.244,0.446,0.107,0.116,0.096,2.834,0.971,0.264,0.371,0.093,3.935,1.418,0.458,0.485,0.093,8.595,2.089,0.911,0.483,0.137,444.772,137.791,102.934,33.55,7.233,74.197,19.183,9.514,2.964,0.259,6.776,2.285,1.279,0.859,0.223,11.837,6.224,1.623,1.245,0.575,19.783,5.879,1.981,0.963,0.46
1761327621,2025-10-24,neutral,12.725,2.966,1.316,0.686,0.289,7.856,1.962,0.567,0.625,0.303,5.489,1.906,0.514,0.552,0.185,8.989,2.816,0.769,0.848,0.44,10.156,2.543,0.36,0.347,0.338,2.911,0.797,0.093,0.126,0.11,4.934,1.691,0.28,0.412,0.112,6.081,2.328,0.554,0.535,0.111,9.354,2.161,0.679,0.431,0.122,423.104,107.257,75.851,24.733,6.842,52.741,14.446,7.261,2.281,0.205,10.347,3.773,1.305,0.898,0.225,14.879,6.943,1.677,1.346,0.545,25.172,7.109,1.967,1.008,0.453
1761327621,2025-10-24,neutral,19.339,4.131,1.302,0.672,0.268,12.039,3.103,0.691,0.657,0.291,7.793,2.964,0.571,0.595,0.189,12.891,4.297,0.795,0.858,0.436,11.736,3.934,0.434,0.371,0.349,3.326,1.227,0.096,0.139,0.12,7.08,2.701,0.317,0.455,0.133,8.378,3.608,0.686,0.579,0.133,8.998,2.214,0.53,0.38,0.111,379.399,80.228,56.36,16.952,6.191,34.255,9.466,4.769,1.528,0.152,15.373,5.83,1.337,0.899,0.23,21.156,8.31,1.768,1.378,0.509,38.057,9.216,2.002,1.021,0.436
1761327622,2025-10-24,neutral,27.662,5.642,1.306,0.629,0.24,17.283,4.533,0.824,0.659,0.269,10.558,4.095,0.609,0.596,0.19,17.732,6.005,0.833,0.822,0.412,13.675,5.343,0.521,0.401,0.335,3.918,1.646,0.108,0.15,0.123,9.468,3.832,0.373,0.49,0.15,11,4.988,0.838,0.613,0.153,8.734,2.286,0.47,0.34,0.11,302.695,58.633,43.969,11.623,5.302,19.922,5.592,2.707,0.91,0.115,21.131,8.116,1.364,0.869,0.238,29.5,10.486,1.835,1.343,0.487,56.603,12.234,2.053,0.994,0.414
1761327622,2025-10-24,neutral,37.633,7.159,1.311,0.564,0.21,22.96,5.931,0.924,0.631,0.243,13.001,5.003,0.606,0.553,0.185,22.273,7.523,0.857,0.748,0.377,14.7,6.389,0.61,0.436,0.306,4.095,1.941,0.124,0.156,0.12,10.904,4.801,0.451,0.506,0.162,12.607,6.077,0.979,0.628,0.171,7.644,2.383,0.46,0.313,0.116,219.407,44.265,35.972,8.783,4.286,11.72,3.412,1.432,0.53,0.098,25.958,10.052,1.359,0.818,0.25,39.084,13.034,1.8,1.249,0.482,78.6,15.534,2.047,0.926,0.394
1761327622,2025-10-24,neutral,44.989,8.196,1.283,0.487,0.184,26.95,6.88,0.956,0.584,0.22,14.406,5.414,0.549,0.477,0.177,25.231,8.406,0.843,0.652,0.346,14.998,6.749,0.685,0.465,0.276,4.139,2.027,0.142,0.154,0.111,11.417,5.326,0.541,0.493,0.168,13.174,6.528,1.067,0.614,0.185,6.8,2.432,0.455,0.29,0.126,144.044,35.12,29.065,7.198,3.265,7.763,2.609,0.868,0.362,0.099,28.461,11.063,1.295,0.755,0.263,46.251,15.051,1.614,1.114,0.486,96.305,18.03,1.907,0.826,0.378
1761327622,2025-10-24,neutral,47.582,8.346,1.202,0.41,0.166,27.95,7.055,0.914,0.528,0.204,14.116,5.195,0.454,0.383,0.167,25.39,8.362,0.792,0.552,0.324,13.881,6.308,0.741,0.476,0.253,3.717,1.882,0.162,0.144,0.101,10.588,5.24,0.624,0.45,0.169,12.205,6.19,1.078,0.568,0.196,5.404,2.333,0.424,0.266,0.136,85.254,27.491,21.311,5.791,2.336,5.996,2.432,0.686,0.307,0.11,27.613,10.818,1.166,0.682,0.276,48.471,15.606,1.296,0.956,0.484,103.351,18.673,1.616,0.71,0.368
1761327622,2025-10-24,neutral,43.848,7.474,1.073,0.339,0.155,25.345,6.37,0.81,0.476,0.197,12.206,4.409,0.351,0.29,0.159,22.585,7.372,0.734,0.459,0.312,11.727,5.199,0.768,0.459,0.24,3.118,1.553,0.186,0.13,0.091,8.823,4.576,0.676,0.387,0.165,10.101,5.171,1.004,0.498,0.207,4.158,2.04,0.363,0.24,0.143,46.667,20.517,13.517,4.367,1.582,5.421,2.241,0.571,0.277,0.122,23.592,9.387,1.002,0.601,0.286,44.432,14.223,0.93,0.793,0.463,96.442,17.007,1.246,0.599,0.364
1761327622,2025-10-24,neutral,34.794,5.805,0.919,0.284,0.151,19.863,5.036,0.672,0.433,0.196,9.143,3.29,0.266,0.216,0.157,17.576,5.722,0.693,0.377,0.306,8.947,3.779,0.754,0.413,0.232,2.335,1.145,0.214,0.116,0.084,6.601,3.544,0.676,0.322,0.158,7.447,3.783,0.864,0.422,0.218,2.85,1.585,0.288,0.221,0.146,24.797,14.53,7.292,3.123,1.058,4.498,1.825,0.439,0.246,0.132,17.602,7.201,0.832,0.523,0.292,35.136,11.199,0.611,0.645,0.421,77.112,13.415,0.903,0.512,0.364
1761327622,2025-10-24,neutral,23.61,3.892,0.765,0.251,0.149,13.34,3.492,0.529,0.398,0.198,5.876,2.158,0.22,0.172,0.158,11.812,3.911,0.678,0.308,0.297,5.963,2.423,0.701,0.347,0.225,1.574,0.758,0.241,0.104,0.079,4.469,2.438,0.618,0.269,0.148,4.873,2.424,0.697,0.36,0.23,1.913,1.078,0.218,0.211,0.144,14.577,9.808,3.533,2.203,0.778,3.253,1.341,0.313,0.22,0.137,11.238,4.905,0.688,0.465,0.292,23.918,7.582,0.406,0.533,0.367,52.475,9.103,0.665,0.458,0.365
1761327622,2025-10-24,neutral,13.241,2.292,0.63,0.24,0.147,7.499,2.17,0.404,0.368,0.2,3.213,1.294,0.21,0.159,0.158,6.872,2.438,0.684,0.257,0.284,3.762,1.417,0.615,0.277,0.215,0.996,0.464,0.261,0.096,0.076,2.868,1.52,0.515,0.237,0.136,3.009,1.403,0.547,0.326,0.241,1.318,0.65,0.16,0.211,0.139,11.063,6.409,2.014,1.603,0.687,2.091,0.932,0.213,0.209,0.135,6.247,3.08,0.588,0.447,0.282,13.901,4.491,0.325,0.469,0.317,29.263,5.34,0.554,0.436,0.36
1761327623,2025-10-24,neutral,5.967,1.359,0.517,0.247,0.143,3.517,1.334,0.306,0.339,0.199,1.52,0.83,0.222,0.171,0.153,3.453,1.593,0.689,0.227,0.264,2.267,0.876,0.509,0.218,0.205,0.617,0.29,0.265,0.093,0.072,1.758,0.928,0.391,0.225,0.123,1.78,0.853,0.461,0.319,0.245,1.052,0.386,0.119,0.213,0.131,10.856,4.489,1.843,1.269,0.696,1.25,0.681,0.154,0.217,0.128,3.029,2.036,0.53,0.468,0.261,7.151,2.643,0.332,0.449,0.283,12.744,2.961,0.528,0.434,0.347
1761327623,2025-10-24,neutral,2.235,1.101,0.427,0.263,0.136,1.597,0.981,0.241,0.308,0.191,0.846,0.741,0.243,0.194,0.141,1.926,1.371,0.682,0.224,0.239,1.671,0.716,0.407,0.177,0.196,0.457,0.216,0.251,0.091,0.068,1.284,0.643,0.281,0.225,0.111,1.426,0.714,0.471,0.331,0.242,0.941,0.298,0.094,0.209,0.12,14.573,3.969,2.264,1.179,0.738,0.831,0.583,0.138,0.24,0.115,1.858,1.754,0.517,0.513,0.232,3.846,2.058,0.395,0.459,0.27,4.206,2.038,0.544,0.442,0.324
1761327623,2025-10-24,neutral,1.136,1.323,0.367,0.274,0.13,1.048,0.94,0.217,0.278,0.178,0.694,0.877,0.261,0.219,0.124,1.385,1.537,0.649,0.246,0.212,1.382,0.755,0.321,0.154,0.191,0.383,0.197,0.221,0.088,0.065,0.965,0.528,0.201,0.228,0.1,1.249,0.785,0.567,0.348,0.229,0.881,0.314,0.082,0.196,0.107,20.812,4.883,3.182,1.322,0.786,0.734,0.569,0.161,0.271,0.1,1.546,1.932,0.533,0.555,0.203,2.938,2.205,0.503,0.48,0.278,1.768,2.139,0.572,0.448,0.294
1761327623,2025-10-24,neutral,2.169,1.874,0.342,0.273,0.126,1.61,1.08,0.235,0.251,0.165,1.029,1.124,0.274,0.235,0.107,1.853,1.887,0.601,0.282,0.191,1.495,0.879,0.267,0.145,0.19,0.437,0.206,0.182,0.083,0.062,0.929,0.469,0.158,0.23,0.093,1.435,0.899,0.705,0.361,0.207,0.803,0.364,0.081,0.174,0.095,31.427,9.355,5.602,1.635,0.835,0.876,0.58,0.21,0.298,0.087,2.159,2.305,0.58,0.571,0.18,3.732,2.574,0.68,0.503,0.303,3.78,2.906,0.644,0.449,0.264
1761327623,2025-10-24,neutral,4.527,2.8,0.343,0.262,0.13,2.83,1.413,0.278,0.229,0.154,1.522,1.47,0.276,0.244,0.096,2.606,2.369,0.541,0.321,0.181,1.654,1.083,0.25,0.146,0.192,0.502,0.238,0.145,0.077,0.061,0.761,0.434,0.144,0.232,0.087,1.386,1.002,0.833,0.368,0.178,0.77,0.444,0.094,0.149,0.086,51.476,24.911,11.141,2.162,0.884,1.031,0.611,0.263,0.31,0.08,2.802,2.79,0.652,0.557,0.169,5.71,3.098,0.904,0.525,0.341,8.934,4.393,0.762,0.451,0.236
1761327623,2025-10-24,neutral,9.348,4.045,0.364,0.25,0.141,5.402,1.933,0.332,0.214,0.15,2.603,1.896,0.273,0.249,0.092,4.388,2.945,0.486,0.353,0.183,2.239,1.368,0.264,0.156,0.198,0.697,0.292,0.118,0.072,0.062,0.786,0.426,0.154,0.238,0.083,1.564,1.08,0.9,0.375,0.147,0.789,0.581,0.13,0.131,0.082,84.956,60.655,21.064,3.05,0.934,1.327,0.672,0.305,0.307,0.081,4.463,3.307,0.734,0.53,0.168,10.197,3.826,1.138,0.554,0.384,18.839,6.498,0.921,0.461,0.213
1761327623,2025-10-24,neutral,14.755,5.401,0.402,0.248,0.156,8.161,2.545,0.387,0.209,0.152,3.7,2.334,0.271,0.255,0.094,6.162,3.53,0.44,0.372,0.195,2.753,1.693,0.3,0.173,0.205,0.848,0.361,0.1,0.071,0.063,0.678,0.452,0.186,0.249,0.081,1.507,1.133,0.885,0.386,0.116,0.899,0.779,0.19,0.129,0.084,129.709,119.532,34.563,4.37,0.984,1.535,0.764,0.324,0.29,0.09,5.972,3.753,0.807,0.51,0.173,15.322,4.695,1.32,0.593,0.42,30.515,8.866,1.076,0.481,0.195
1761327623,2025-10-24,neutral,20.264,6.489,0.439,0.263,0.17,10.962,3.069,0.428,0.211,0.157,4.856,2.671,0.277,0.262,0.1,7.985,3.975,0.407,0.376,0.208,3.347,1.96,0.345,0.19,0.21,1.032,0.424,0.09,0.073,0.064,0.704,0.511,0.242,0.262,0.08,1.565,1.162,0.795,0.4,0.091,1.047,0.996,0.264,0.142,0.09,179.334,193.115,48.745,5.949,1.026,1.716,0.865,0.32,0.266,0.101,7.638,4.009,0.85,0.507,0.179,20.747,5.488,1.391,0.629,0.435,41.979,10.866,1.174,0.509,0.182
1761327624,2025-10-24,neutral,23.009,6.946,0.462,0.292,0.176,12.178,3.335,0.454,0.217,0.162,5.347,2.807,0.302,0.267,0.107,8.694,4.138,0.392,0.364,0.216,3.488,2.07,0.386,0.201,0.21,1.068,0.459,0.082,0.076,0.062,0.633,0.593,0.318,0.271,0.081,1.422,1.174,0.664,0.415,0.073,1.202,1.164,0.334,0.164,0.098,218.216,262.69,59.297,7.413,1.046,1.721,0.94,0.3,0.241,0.111,8.282,4.002,0.856,0.521,0.182,23.511,5.935,1.329,0.646,0.422,48.243,11.859,1.177,0.535,0.173
1761327624,2025-10-24,neutral,22.867,6.596,0.453,0.322,0.171,11.91,3.254,0.452,0.223,0.166,5.273,2.695,0.343,0.265,0.112,8.442,3.937,0.392,0.346,0.214,3.326,1.971,0.412,0.204,0.205,1.039,0.454,0.075,0.077,0.06,0.677,0.68,0.405,0.275,0.084,1.374,1.169,0.551,0.425,0.064,1.289,1.218,0.378,0.186,0.103,236.445,306.52,62.572,8.354,1.031,1.586,0.952,0.279,0.218,0.115,8.208,3.727,0.827,0.541,0.178,23.453,5.843,1.146,0.632,0.382,48.035,11.493,1.065,0.546,0.169
1761327624,2025-10-24,neutral,19.332,5.552,0.415,0.342,0.159,9.907,2.861,0.429,0.227,0.17,4.472,2.371,0.394,0.254,0.116,7.047,3.414,0.406,0.33,0.204,2.779,1.691,0.427,0.206,0.193,0.897,0.412,0.069,0.075,0.058,0.705,0.754,0.486,0.275,0.089,1.224,1.144,0.505,0.428,0.062,1.283,1.136,0.393,0.198,0.103,225.146,309.575,57.129,8.485,0.98,1.336,0.89,0.275,0.197,0.11,7.087,3.26,0.777,0.55,0.171,19.913,5.232,0.932,0.582,0.326,40.857,9.909,0.88,0.535,0.168
1761327624,2025-10-24,neutral,14.097,4.173,0.351,0.35,0.144,7.121,2.29,0.387,0.229,0.174,3.39,1.937,0.434,0.238,0.119,5.212,2.724,0.427,0.325,0.193,2.132,1.327,0.438,0.218,0.177,0.736,0.351,0.064,0.07,0.056,0.882,0.806,0.543,0.277,0.097,1.223,1.116,0.548,0.421,0.064,1.243,0.947,0.388,0.197,0.098,191.056,270.734,44.716,7.771,0.908,1.093,0.776,0.301,0.178,0.099,5.644,2.737,0.717,0.543,0.162,14.638,4.33,0.78,0.511,0.271,29.778,7.659,0.685,0.503,0.17
1761327624,2025-10-24,neutral,8.67,2.879,0.288,0.353,0.134,4.385,1.705,0.344,0.232,0.178,2.279,1.515,0.449,0.226,0.12,3.447,2.053,0.455,0.337,0.185,1.549,0.995,0.458,0.25,0.159,0.587,0.29,0.064,0.066,0.057,1.043,0.833,0.559,0.286,0.105,1.192,1.112,0.659,0.406,0.068,1.161,0.728,0.381,0.185,0.09,142.246,204.151,29.452,6.506,0.847,0.968,0.653,0.351,0.161,0.084,4.131,2.284,0.654,0.523,0.156,9.096,3.441,0.755,0.441,0.231,18.207,5.429,0.545,0.463,0.172
1761327624,2025-10-24,left,4.577,1.942,0.243,0.36,0.131,2.444,1.213,0.315,0.238,0.18,1.476,1.181,0.433,0.222,0.118,2.234,1.523,0.498,0.359,0.183,1.158,0.762,0.494,0.297,0.144,0.495,0.242,0.072,0.067,0.06,1.236,0.832,0.533,0.3,0.113,1.257,1.176,0.792,0.382,0.073,1.141,0.561,0.384,0.168,0.082,94.757,132.048,15.951,5.178,0.835,1.043,0.557,0.408,0.148,0.069,3.051,1.958,0.593,0.498,0.151,4.921,2.772,0.851,0.389,0.212,9.304,3.709,0.488,0.424,0.171
1761327624,2025-10-24,left,2.275,1.433,0.225,0.373,0.134,1.509,0.865,0.312,0.244,0.179,0.998,0.962,0.39,0.22,0.112,1.64,1.182,0.567,0.379,0.184,0.939,0.638,0.541,0.343,0.133,0.448,0.21,0.091,0.072,0.066,1.288,0.803,0.471,0.315,0.118,1.233,1.344,0.888,0.352,0.077,1.1,0.504,0.4,0.152,0.078,60.999,74.221,7.222,4.212,0.899,1.285,0.505,0.444,0.139,0.057,2.381,1.762,0.524,0.468,0.146,2.589,2.386,0.99,0.357,0.208,4.242,2.686,0.493,0.389,0.166
1761327624,2025-10-24,left,1.45,1.231,0.227,0.39,0.138,1.351,0.654,0.339,0.249,0.173,0.808,0.832,0.337,0.217,0.102,1.529,1.009,0.661,0.385,0.182,0.828,0.578,0.586,0.369,0.124,0.437,0.188,0.116,0.076,0.074,1.255,0.746,0.392,0.321,0.119,1.197,1.608,0.904,0.32,0.079,1.171,0.561,0.421,0.141,0.08,45.665,41.047,3.72,3.805,1.035,1.652,0.494,0.442,0.137,0.05,2.115,1.649,0.444,0.433,0.142,1.825,2.206,1.078,0.338,0.21,2.45,2.238,0.514,0.359,0.157
1761327625,2025-10-24,left,1.271,1.12,0.245,0.407,0.138,1.522,0.529,0.398,0.253,0.162,0.719,0.724,0.299,0.208,0.094,1.617,0.914,0.774,0.376,0.179,0.736,0.523,0.616,0.36,0.118,0.424,0.165,0.145,0.077,0.082,1.124,0.664,0.319,0.314,0.114,1.076,1.908,0.831,0.294,0.08,1.165,0.69,0.437,0.135,0.086,45.94,30.119,3.71,3.838,1.215,1.924,0.5,0.402,0.143,0.048,1.978,1.516,0.371,0.398,0.14,1.697,2.057,1.056,0.323,0.214,2.212,2.035,0.518,0.331,0.148
1761327625,2025-10-24,left,1.298,0.967,0.279,0.419,0.139,1.779,0.453,0.484,0.257,0.152,0.77,0.599,0.302,0.198,0.094,1.834,0.842,0.892,0.359,0.182,0.75,0.444,0.628,0.319,0.117,0.425,0.138,0.171,0.072,0.088,1.094,0.593,0.282,0.294,0.108,1.067,2.195,0.736,0.278,0.085,1.21,0.824,0.456,0.132,0.094,54.797,30.734,4.717,4.009,1.394,2.097,0.504,0.35,0.152,0.051,2.098,1.314,0.359,0.371,0.151,1.77,1.838,0.96,0.306,0.221,2.43,1.824,0.528,0.307,0.15
1761327625,2025-10-24,left,1.504,0.792,0.337,0.421,0.146,2.062,0.418,0.58,0.261,0.149,1.006,0.477,0.365,0.19,0.108,2.243,0.794,0.998,0.346,0.2,0.962,0.35,0.623,0.263,0.123,0.444,0.112,0.189,0.063,0.09,1.281,0.581,0.298,0.265,0.104,1.254,2.434,0.708,0.274,0.094,1.152,0.907,0.504,0.127,0.102,65.656,32.753,5.316,4.052,1.536,2.131,0.496,0.326,0.16,0.06,2.525,1.081,0.47,0.355,0.181,1.999,1.57,0.9,0.286,0.239,2.857,1.585,0.595,0.291,0.174
1761327625,2025-10-24,left,1.963,0.643,0.418,0.41,0.164,2.388,0.412,0.661,0.263,0.155,1.453,0.379,0.48,0.187,0.136,2.854,0.767,1.062,0.343,0.236,1.429,0.26,0.592,0.211,0.135,0.489,0.092,0.194,0.052,0.09,1.71,0.659,0.364,0.234,0.105,1.707,2.606,0.809,0.278,0.108,1.092,0.917,0.609,0.123,0.109,74.541,32.13,5.475,3.882,1.612,2.182,0.492,0.363,0.162,0.073,3.298,0.891,0.731,0.349,0.231,2.499,1.329,0.974,0.271,0.271,3.536,1.387,0.756,0.285,0.224
1761327625,2025-10-24,left,2.595,0.557,0.513,0.387,0.191,2.698,0.413,0.712,0.259,0.167,1.998,0.32,0.619,0.193,0.173,3.561,0.749,1.069,0.346,0.282,2.069,0.189,0.532,0.174,0.15,0.557,0.093,0.19,0.043,0.088,2.263,0.81,0.458,0.207,0.11,2.33,2.705,1.03,0.284,0.124,1.025,0.884,0.767,0.121,0.112,76.929,28.043,5.224,3.497,1.608,2.246,0.537,0.465,0.161,0.088,4.22,0.824,1.106,0.35,0.289,3.178,1.195,1.208,0.266,0.309,4.33,1.309,1,0.293,0.289
1761327625,2025-10-24,left,3.2,0.553,0.602,0.358,0.22,2.908,0.404,0.726,0.252,0.18,2.447,0.306,0.744,0.206,0.208,4.148,0.723,1.017,0.345,0.32,2.679,0.188,0.445,0.156,0.163,0.816,0.143,0.217,0.042,0.088,2.729,0.979,0.545,0.184,0.117,2.93,2.72,1.3,0.288,0.136,0.963,0.855,0.935,0.124,0.111,71.477,21.417,4.588,2.965,1.518,2.337,0.672,0.602,0.158,0.1,4.951,0.92,1.502,0.353,0.337,3.817,1.211,1.531,0.272,0.339,4.949,1.403,1.27,0.312,0.352
1761327625,2025-10-24,left,3.557,0.625,0.657,0.33,0.24,2.943,0.372,0.702,0.245,0.188,2.627,0.329,0.816,0.22,0.231,4.39,0.678,0.918,0.33,0.337,3.467,0.436,0.367,0.149,0.167,1.836,0.278,0.349,0.059,0.098,2.995,1.098,0.585,0.163,0.122,3.293,2.634,1.514,0.289,0.14,0.889,0.873,1.055,0.135,0.107,59.825,14.11,3.707,2.385,1.352,2.375,0.915,0.724,0.159,0.108,5.189,1.156,1.795,0.354,0.36,4.163,1.367,1.807,0.286,0.345,5.134,1.662,1.475,0.341,0.391
1761327625,2025-10-24,left,3.544,0.744,0.662,0.309,0.247,2.773,0.325,0.649,0.244,0.188,2.459,0.374,0.809,0.227,0.235,4.196,0.622,0.797,0.299,0.324,5.14,1.155,0.346,0.149,0.163,4.217,0.521,0.641,0.1,0.122,3.148,1.116,0.564,0.145,0.121,3.296,2.438,1.591,0.287,0.139,0.789,0.942,1.079,0.154,0.103,45.543,8.059,2.815,1.853,1.131,2.318,1.243,0.786,0.168,0.11,4.83,1.46,1.893,0.352,0.35,4.07,1.609,1.914,0.307,0.322,4.784,2.02,1.54,0.375,0.394
1761327626,2025-10-24,left,3.189,0.88,0.624,0.294,0.238,2.451,0.282,0.59,0.249,0.179,2.018,0.425,0.732,0.224,0.22,3.624,0.58,0.698,0.257,0.286,8.201,2.452,0.398,0.156,0.153,8.039,0.86,1.079,0.161,0.157,3.339,1.02,0.496,0.134,0.116,2.965,2.143,1.519,0.285,0.137,0.675,1.03,0.997,0.177,0.1,32.257,4.327,2.153,1.42,0.885,2.147,1.597,0.769,0.18,0.109,4.003,1.745,1.78,0.344,0.311,3.559,1.867,1.816,0.334,0.276,3.989,2.371,1.448,0.405,0.36
1761327626,2025-10-24,left,2.634,1.015,0.579,0.281,0.22,2.065,0.272,0.56,0.259,0.164,1.465,0.464,0.63,0.208,0.191,2.865,0.584,0.671,0.216,0.238,12.473,4.165,0.508,0.17,0.14,12.634,1.232,1.569,0.229,0.195,3.713,0.835,0.41,0.131,0.109,2.425,1.786,1.347,0.279,0.14,0.54,1.087,0.841,0.197,0.099,22.127,2.807,1.857,1.083,0.652,1.911,1.897,0.685,0.19,0.106,3.006,1.94,1.517,0.327,0.258,2.825,2.074,1.575,0.362,0.221,3.01,2.61,1.253,0.421,0.302
1761327626,2025-10-24,neutral,2.045,1.139,0.576,0.268,0.2,1.703,0.315,0.585,0.267,0.147,0.971,0.49,0.558,0.184,0.158,2.122,0.667,0.753,0.182,0.195,16.92,5.873,0.634,0.187,0.128,16.629,1.542,1.967,0.281,0.222,4.277,0.616,0.336,0.135,0.104,1.859,1.419,1.145,0.268,0.15,0.416,1.07,0.666,0.207,0.099,15.432,2.596,1.897,0.826,0.461,1.712,2.064,0.57,0.192,0.102,2.103,2.002,1.21,0.299,0.211,2.094,2.192,1.316,0.387,0.174,2.095,2.669,1.045,0.417,0.24
1761327626,2025-10-24,neutral,1.533,1.247,0.647,0.254,0.185,1.407,0.413,0.67,0.27,0.133,0.644,0.519,0.561,0.158,0.132,1.531,0.836,0.942,0.156,0.167,20.086,7.057,0.733,0.206,0.117,18.739,1.7,2.144,0.301,0.228,4.846,0.42,0.289,0.142,0.102,1.397,1.078,0.965,0.253,0.162,0.308,0.964,0.524,0.203,0.096,10.911,2.705,2.099,0.659,0.332,1.579,2.05,0.468,0.186,0.099,1.474,1.936,0.954,0.264,0.184,1.526,2.218,1.15,0.405,0.148,1.404,2.56,0.909,0.395,0.192
1761327626,2025-10-24,neutral,1.119,1.331,0.797,0.24,0.174,1.169,0.537,0.8,0.266,0.126,0.493,0.57,0.648,0.14,0.117,1.112,1.06,1.193,0.142,0.157,20.8,7.317,0.776,0.222,0.109,18.148,1.657,2.042,0.282,0.211,5.096,0.285,0.271,0.145,0.102,1.085,0.792,0.826,0.237,0.17,0.235,0.79,0.43,0.186,0.09,6.658,2.639,2.225,0.571,0.264,1.468,1.859,0.407,0.174,0.097,1.122,1.786,0.793,0.231,0.178,1.139,2.171,1.118,0.414,0.143,0.944,2.361,0.884,0.364,0.167
1761327626,2025-10-24,neutral,0.794,1.38,1.002,0.23,0.166,0.969,0.652,0.948,0.26,0.124,0.501,0.648,0.791,0.136,0.112,0.858,1.283,1.433,0.139,0.158,18.733,6.562,0.757,0.234,0.102,15.15,1.428,1.701,0.233,0.175,4.842,0.245,0.277,0.141,0.101,0.948,0.581,0.717,0.225,0.169,0.207,0.6,0.375,0.161,0.08,3.964,2.395,2.151,0.523,0.235,1.331,1.552,0.388,0.16,0.098,1.027,1.599,0.713,0.213,0.186,0.905,2.086,1.186,0.412,0.151,0.67,2.157,0.965,0.336,0.165
1761327626,2025-10-24,neutral,0.565,1.385,1.211,0.228,0.157,0.815,0.734,1.076,0.256,0.125,0.622,0.742,0.94,0.146,0.112,0.764,1.44,1.579,0.15,0.163,14.524,5.064,0.692,0.239,0.096,10.749,1.089,1.239,0.171,0.131,4.145,0.321,0.312,0.131,0.096,0.961,0.442,0.62,0.223,0.158,0.232,0.44,0.34,0.133,0.068,2.65,2.069,1.844,0.486,0.222,1.153,1.21,0.39,0.147,0.101,1.133,1.404,0.669,0.218,0.198,0.791,1.984,1.271,0.4,0.162,0.545,1.991,1.1,0.321,0.174
1761327626,2025-10-24,neutral,0.433,1.344,1.362,0.235,0.147,0.702,0.77,1.143,0.254,0.129,0.833,0.834,1.038,0.165,0.112,0.805,1.48,1.575,0.173,0.166,9.552,3.332,0.612,0.238,0.094,6.36,0.738,0.792,0.116,0.091,3.232,0.516,0.398,0.124,0.089,1.082,0.377,0.544,0.236,0.139,0.308,0.336,0.31,0.107,0.06,2.055,1.788,1.382,0.46,0.213,0.966,0.906,0.388,0.135,0.106,1.415,1.214,0.624,0.25,0.205,0.781,1.852,1.284,0.386,0.168,0.541,1.848,1.216,0.322,0.185
1761327627,2025-10-24,neutral,0.395,1.273,1.405,0.248,0.14,0.643,0.768,1.123,0.254,0.135,1.057,0.903,1.047,0.186,0.111,0.942,1.396,1.41,0.203,0.166,5.269,1.863,0.54,0.232,0.098,3.066,0.451,0.458,0.079,0.064,2.327,0.818,0.541,0.127,0.082,1.215,0.4,0.511,0.26,0.12,0.412,0.293,0.285,0.087,0.061,2.088,1.641,0.897,0.453,0.21,0.799,0.689,0.369,0.122,0.11,1.776,1.05,0.571,0.3,0.205,0.88,1.686,1.187,0.378,0.169,0.623,1.705,1.256,0.338,0.193
1761327627,2025-10-24,neutral,0.431,1.197,1.326,0.259,0.136,0.623,0.752,1.019,0.252,0.14,1.27,0.93,0.961,0.199,0.108,1.1,1.234,1.127,0.228,0.162,2.393,0.933,0.482,0.219,0.108,1.2,0.263,0.261,0.059,0.05,1.709,1.171,0.714,0.14,0.079,1.307,0.516,0.535,0.288,0.106,0.52,0.304,0.277,0.072,0.071,2.321,1.647,0.504,0.46,0.218,0.747,0.578,0.334,0.108,0.111,2.096,0.924,0.525,0.352,0.2,1.06,1.497,1.005,0.382,0.168,0.739,1.559,1.204,0.356,0.195
1761327627,2025-10-24,left,0.484,1.138,1.15,0.262,0.136,0.628,0.746,0.859,0.244,0.145,1.409,0.913,0.807,0.2,0.104,1.205,1.067,0.812,0.239,0.156,1.016,0.536,0.431,0.201,0.121,0.47,0.163,0.163,0.049,0.044,1.367,1.499,0.867,0.157,0.082,1.312,0.7,0.593,0.308,0.101,0.628,0.368,0.287,0.066,0.089,2.659,1.757,0.263,0.472,0.239,0.791,0.566,0.289,0.095,0.11,2.251,0.859,0.493,0.389,0.195,1.294,1.317,0.787,0.393,0.168,0.825,1.439,1.076,0.365,0.191
1761327627,2025-10-24,left,0.511,1.109,0.932,0.254,0.136,0.616,0.764,0.685,0.231,0.147,1.456,0.87,0.632,0.189,0.1,1.185,0.966,0.549,0.232,0.148,0.554,0.466,0.383,0.179,0.132,0.265,0.119,0.113,0.042,0.041,1.201,1.723,0.946,0.166,0.091,1.202,0.905,0.632,0.312,0.103,0.722,0.48,0.312,0.067,0.107,3.258,1.925,0.159,0.48,0.275,0.889,0.618,0.244,0.086,0.106,2.157,0.862,0.472,0.398,0.19,1.484,1.169,0.58,0.396,0.171,0.829,1.385,0.908,0.353,0.183
1761327627,2025-10-24,left,0.501,1.103,0.728,0.235,0.133,0.587,0.812,0.533,0.218,0.147,1.409,0.832,0.486,0.169,0.097,1.052,0.981,0.391,0.212,0.14,0.425,0.513,0.341,0.157,0.136,0.187,0.102,0.08,0.037,0.038,1.032,1.795,0.928,0.162,0.103,1.002,1.086,0.614,0.293,0.112,0.808,0.632,0.336,0.078,0.118,3.885,2.149,0.159,0.479,0.315,0.948,0.691,0.212,0.083,0.102,1.84,0.925,0.454,0.373,0.186,1.597,1.055,0.417,0.377,0.176,0.768,1.405,0.752,0.32,0.175
1761327627,2025-10-24,neutral,0.485,1.108,0.58,0.211,0.126,0.526,0.879,0.429,0.21,0.142,1.294,0.819,0.397,0.147,0.096,0.829,1.105,0.342,0.188,0.134,0.373,0.592,0.327,0.139,0.133,0.126,0.093,0.064,0.036,0.035,0.797,1.704,0.82,0.144,0.113,0.759,1.217,0.544,0.26,0.123,0.88,0.81,0.35,0.103,0.121,4.719,2.412,0.263,0.471,0.348,0.919,0.756,0.209,0.089,0.099,1.416,1.027,0.434,0.323,0.18,1.582,0.983,0.332,0.334,0.182,0.672,1.487,0.653,0.277,0.17
1761327627,2025-10-24,neutral,0.518,1.106,0.506,0.188,0.116,0.442,0.938,0.371,0.212,0.134,1.131,0.824,0.362,0.13,0.098,0.582,1.269,0.365,0.169,0.132,0.341,0.67,0.337,0.13,0.125,0.089,0.09,0.063,0.043,0.033,0.549,1.489,0.658,0.119,0.119,0.541,1.297,0.469,0.224,0.134,0.93,0.983,0.347,0.144,0.115,5.363,2.661,0.47,0.459,0.365,0.8,0.792,0.238,0.1,0.099,1.014,1.141,0.413,0.261,0.171,1.451,0.962,0.329,0.28,0.184,0.596,1.583,0.627,0.24,0.171
1761327627,2025-10-24,neutral,0.647,1.102,0.482,0.172,0.105,0.341,0.968,0.34,0.221,0.122,0.954,0.823,0.35,0.123,0.103,0.372,1.4,0.4,0.163,0.137,0.337,0.723,0.36,0.133,0.115,0.072,0.089,0.072,0.062,0.034,0.36,1.201,0.488,0.095,0.118,0.388,1.33,0.425,0.198,0.14,0.937,1.112,0.329,0.198,0.103,5.776,2.833,0.74,0.442,0.359,0.626,0.789,0.285,0.114,0.101,0.747,1.235,0.387,0.206,0.158,1.224,0.99,0.379,0.235,0.183,0.562,1.64,0.642,0.224,0.176
1761327628,2025-10-24,neutral,0.854,1.102,0.476,0.165,0.096,0.246,0.952,0.315,0.233,0.11,0.785,0.791,0.334,0.126,0.108,0.252,1.451,0.409,0.17,0.147,0.35,0.734,0.379,0.148,0.107,0.075,0.092,0.088,0.091,0.038,0.248,0.903,0.346,0.077,0.112,0.322,1.322,0.437,0.189,0.141,0.89,1.165,0.302,0.254,0.089,5.701,2.871,0.988,0.422,0.336,0.451,0.755,0.332,0.123,0.101,0.649,1.287,0.365,0.168,0.145,0.969,1.044,0.442,0.213,0.177,0.567,1.619,0.658,0.229,0.184
1761327628,2025-10-24,neutral,1.102,1.102,0.459,0.166,0.093,0.176,0.894,0.286,0.239,0.099,0.64,0.722,0.301,0.134,0.112,0.235,1.417,0.383,0.185,0.16,0.365,0.701,0.381,0.17,0.104,0.088,0.099,0.101,0.123,0.047,0.196,0.642,0.252,0.066,0.104,0.321,1.275,0.499,0.195,0.137,0.804,1.124,0.273,0.296,0.076,5.394,2.746,1.133,0.395,0.306,0.325,0.712,0.367,0.126,0.1,0.672,1.282,0.358,0.151,0.135,0.747,1.087,0.485,0.217,0.171,0.59,1.517,0.641,0.247,0.19
1761327628,2025-10-24,neutral,1.295,1.088,0.415,0.168,0.094,0.146,0.805,0.253,0.235,0.092,0.523,0.625,0.252,0.142,0.112,0.289,1.32,0.336,0.2,0.174,0.367,0.636,0.359,0.193,0.106,0.11,0.108,0.106,0.149,0.059,0.191,0.445,0.205,0.062,0.098,0.365,1.192,0.59,0.205,0.129,0.716,0.999,0.248,0.312,0.066,4.974,2.465,1.131,0.359,0.277,0.273,0.676,0.378,0.119,0.096,0.728,1.22,0.368,0.146,0.127,0.602,1.092,0.485,0.235,0.167,0.617,1.358,0.576,0.263,0.193
1761327628,2025-10-24,neutral,1.363,1.031,0.35,0.169,0.098,0.164,0.701,0.226,0.225,0.087,0.434,0.522,0.208,0.148,0.107,0.373,1.196,0.295,0.213,0.184,0.369,0.57,0.317,0.213,0.11,0.151,0.123,0.101,0.162,0.07,0.246,0.321,0.196,0.062,0.096,0.486,1.086,0.695,0.209,0.119,0.698,0.816,0.224,0.298,0.059,4.873,2.101,0.99,0.314,0.259,0.291,0.645,0.362,0.106,0.092,0.776,1.108,0.398,0.147,0.124,0.586,1.037,0.445,0.25,0.168,0.662,1.177,0.478,0.265,0.189
1761327628,2025-10-24,left,1.279,0.916,0.286,0.169,0.1,0.248,0.601,0.221,0.224,0.084,0.378,0.437,0.189,0.155,0.097,0.479,1.084,0.279,0.227,0.189,0.419,0.531,0.267,0.232,0.114,0.231,0.149,0.09,0.158,0.077,0.395,0.273,0.221,0.068,0.098,0.73,0.988,0.804,0.201,0.111,0.826,0.619,0.197,0.26,0.055,5.501,1.849,0.785,0.273,0.252,0.382,0.606,0.328,0.092,0.088,0.846,0.964,0.449,0.154,0.124,0.724,0.926,0.4,0.258,0.174,0.74,1.007,0.387,0.258,0.18
1761327628,2025-10-24,left,1.101,0.749,0.244,0.176,0.099,0.415,0.52,0.252,0.244,0.08,0.368,0.383,0.205,0.172,0.087,0.615,1.004,0.291,0.249,0.188,0.545,0.53,0.221,0.25,0.117,0.346,0.182,0.075,0.142,0.077,0.625,0.29,0.279,0.084,0.102,1.09,0.935,0.91,0.191,0.106,1.109,0.455,0.167,0.216,0.054,6.963,1.933,0.631,0.254,0.255,0.559,0.545,0.292,0.082,0.086,0.983,0.819,0.531,0.176,0.13,0.988,0.791,0.392,0.269,0.182,0.856,0.876,0.335,0.259,0.168
1761327628,2025-10-24,left,0.93,0.57,0.24,0.199,0.095,0.664,0.472,0.316,0.291,0.077,0.398,0.365,0.249,0.207,0.079,0.788,0.961,0.314,0.282,0.183,0.742,0.559,0.187,0.274,0.118,0.483,0.22,0.063,0.122,0.073,0.889,0.351,0.359,0.109,0.103,1.493,0.954,1,0.192,0.104,1.476,0.353,0.139,0.182,0.055,9.144,2.559,0.642,0.283,0.265,0.807,0.461,0.268,0.081,0.084,1.214,0.716,0.643,0.221,0.139,1.312,0.671,0.44,0.301,0.187,0.997,0.808,0.334,0.288,0.156
1761327628,2025-10-24,left,0.851,0.43,0.277,0.244,0.087,0.967,0.472,0.395,0.355,0.074,0.449,0.372,0.305,0.263,0.077,0.998,0.951,0.329,0.323,0.177,0.963,0.606,0.174,0.307,0.117,0.61,0.262,0.063,0.105,0.065,1.108,0.432,0.445,0.141,0.099,1.821,1.048,1.064,0.211,0.105,1.789,0.314,0.118,0.167,0.057,11.591,3.824,0.904,0.368,0.275,1.074,0.379,0.261,0.09,0.081,1.509,0.685,0.767,0.288,0.149,1.611,0.605,0.533,0.363,0.185,1.137,0.828,0.377,0.352,0.146
1761327629,2025-10-24,left,0.875,0.367,0.354,0.309,0.08,1.271,0.515,0.469,0.417,0.075,0.499,0.38,0.357,0.333,0.081,1.232,0.951,0.33,0.366,0.171,1.178,0.646,0.187,0.346,0.112,0.707,0.313,0.081,0.096,0.058,1.221,0.509,0.523,0.174,0.092,1.98,1.194,1.099,0.246,0.108,1.917,0.316,0.111,0.167,0.059,13.721,5.795,1.406,0.497,0.284,1.296,0.337,0.269,0.111,0.079,1.796,0.714,0.873,0.37,0.158,1.833,0.62,0.635,0.447,0.178,1.239,0.927,0.442,0.439,0.14
1761327629,2025-10-24,left,0.963,0.414,0.455,0.379,0.078,1.515,0.597,0.519,0.456,0.082,0.532,0.374,0.395,0.397,0.089,1.448,0.943,0.317,0.399,0.165,1.323,0.662,0.231,0.38,0.105,0.746,0.368,0.117,0.094,0.053,1.193,0.576,0.591,0.199,0.082,1.91,1.354,1.118,0.284,0.112,1.807,0.327,0.117,0.172,0.059,15.143,8.435,2.079,0.639,0.298,1.417,0.363,0.281,0.143,0.08,1.977,0.772,0.933,0.451,0.163,1.932,0.741,0.709,0.533,0.169,1.263,1.093,0.509,0.524,0.14
1761327629,2025-10-24,left,1.052,0.586,0.557,0.435,0.086,1.664,0.715,0.53,0.456,0.097,0.542,0.357,0.413,0.436,0.099,1.601,0.928,0.298,0.413,0.16,1.388,0.664,0.302,0.396,0.097,0.727,0.418,0.164,0.093,0.049,1.05,0.634,0.651,0.214,0.073,1.673,1.48,1.128,0.306,0.118,1.493,0.327,0.131,0.17,0.057,15.68,11.422,2.816,0.76,0.318,1.434,0.46,0.286,0.184,0.085,2.021,0.816,0.929,0.511,0.167,1.913,0.973,0.73,0.597,0.161,1.204,1.303,0.559,0.579,0.143
1761327629,2025-10-24,left,1.093,0.854,0.635,0.461,0.103,1.706,0.854,0.501,0.422,0.118,0.529,0.333,0.415,0.437,0.109,1.65,0.91,0.276,0.404,0.153,1.366,0.663,0.383,0.384,0.088,0.659,0.451,0.207,0.088,0.045,0.858,0.686,0.706,0.217,0.07,1.416,1.527,1.13,0.305,0.123,1.081,0.316,0.147,0.155,0.053,15.301,14.197,3.486,0.837,0.345,1.353,0.603,0.274,0.224,0.095,1.979,0.813,0.86,0.538,0.169,1.81,1.29,0.705,0.628,0.157,1.101,1.518,0.587,0.591,0.15
1761327629,2025-10-24,left,1.071,1.151,0.673,0.454,0.127,1.668,0.982,0.446,0.368,0.142,0.506,0.307,0.406,0.401,0.118,1.587,0.883,0.261,0.378,0.147,1.285,0.665,0.458,0.344,0.083,0.565,0.453,0.231,0.077,0.04,0.685,0.725,0.752,0.212,0.071,1.293,1.467,1.107,0.283,0.128,0.69,0.3,0.16,0.132,0.049,14.263,16.165,3.933,0.862,0.374,1.228,0.741,0.245,0.254,0.107,1.941,0.754,0.747,0.533,0.172,1.666,1.632,0.656,0.638,0.157,1,1.69,0.603,0.569,0.159
1761327629,2025-10-24,left,1.004,1.393,0.669,0.422,0.149,1.575,1.061,0.384,0.316,0.165,0.489,0.28,0.392,0.344,0.128,1.431,0.836,0.254,0.344,0.142,1.153,0.658,0.503,0.286,0.081,0.46,0.416,0.228,0.063,0.033,0.571,0.737,0.777,0.2,0.076,1.382,1.313,1.046,0.25,0.133,0.406,0.294,0.171,0.11,0.045,12.983,16.887,4.067,0.842,0.398,1.093,0.822,0.211,0.267,0.117,1.986,0.656,0.619,0.505,0.177,1.508,1.915,0.603,0.642,0.161,0.933,1.777,0.611,0.532,0.17
1761327629,2025-10-24,left,0.922,1.497,0.631,0.38,0.164,1.455,1.056,0.328,0.279,0.184,0.493,0.25,0.378,0.286,0.135,1.24,0.754,0.258,0.312,0.141,0.994,0.622,0.501,0.224,0.084,0.359,0.343,0.196,0.048,0.026,0.517,0.705,0.768,0.184,0.081,1.632,1.108,0.947,0.218,0.137,0.258,0.306,0.178,0.095,0.043,12.021,16.232,3.893,0.796,0.417,0.98,0.813,0.188,0.264,0.121,2.084,0.551,0.504,0.468,0.182,1.351,2.042,0.563,0.652,0.166,0.908,1.747,0.609,0.496,0.18
1761327629,2025-10-24,left,0.854,1.421,0.571,0.34,0.168,1.308,0.957,0.283,0.258,0.198,0.522,0.217,0.359,0.247,0.14,1.065,0.637,0.266,0.286,0.144,0.823,0.55,0.451,0.174,0.091,0.27,0.251,0.147,0.036,0.02,0.498,0.627,0.715,0.167,0.084,1.902,0.893,0.823,0.193,0.141,0.214,0.334,0.184,0.092,0.043,12.727,14.407,3.507,0.753,0.442,0.862,0.713,0.186,0.25,0.122,2.186,0.468,0.416,0.436,0.185,1.208,1.97,0.535,0.665,0.172,0.911,1.602,0.583,0.466,0.188
1761327630,2025-10-24,left,0.815,1.189,0.499,0.308,0.16,1.142,0.789,0.245,0.247,0.205,0.558,0.179,0.333,0.232,0.141,0.923,0.495,0.277,0.266,0.147,0.648,0.445,0.368,0.144,0.099,0.201,0.164,0.097,0.028,0.018,0.484,0.512,0.615,0.152,0.085,2.032,0.696,0.691,0.175,0.142,0.217,0.374,0.19,0.099,0.045,15.658,11.882,3.044,0.757,0.48,0.753,0.549,0.203,0.233,0.119,2.153,0.424,0.357,0.415,0.182,1.096,1.744,0.511,0.666,0.174,0.914,1.382,0.527,0.435,0.196
1761327630,2025-10-24,left,0.807,0.883,0.426,0.286,0.145,0.961,0.602,0.209,0.237,0.207,0.587,0.142,0.296,0.236,0.138,0.823,0.36,0.29,0.249,0.149,0.487,0.336,0.278,0.137,0.105,0.158,0.105,0.06,0.024,0.018,0.473,0.392,0.479,0.139,0.087,1.964,0.535,0.572,0.162,0.138,0.226,0.416,0.196,0.111,0.049,19.529,9.201,2.649,0.844,0.533,0.641,0.369,0.226,0.217,0.115,1.964,0.426,0.324,0.405,0.174,1.044,1.461,0.478,0.639,0.172,0.907,1.15,0.45,0.4,0.203
1761327630,2025-10-24,left,0.81,0.603,0.363,0.273,0.132,0.794,0.45,0.174,0.223,0.207,0.589,0.119,0.252,0.248,0.133,0.755,0.265,0.298,0.234,0.147,0.383,0.258,0.2,0.146,0.107,0.151,0.083,0.041,0.025,0.02,0.47,0.312,0.336,0.13,0.089,1.723,0.424,0.485,0.152,0.129,0.224,0.455,0.203,0.125,0.055,23.394,6.85,2.419,1.011,0.594,0.563,0.221,0.239,0.204,0.11,1.593,0.462,0.315,0.403,0.163,1.068,1.227,0.437,0.586,0.166,0.893,0.962,0.372,0.362,0.21
1761327630,2025-10-24,neutral,0.823,0.416,0.308,0.265,0.126,0.66,0.357,0.14,0.205,0.204,0.585,0.121,0.207,0.258,0.128,0.73,0.216,0.3,0.221,0.141,0.374,0.232,0.149,0.165,0.107,0.175,0.095,0.037,0.03,0.023,0.503,0.301,0.218,0.126,0.093,1.449,0.365,0.432,0.145,0.117,0.215,0.489,0.206,0.138,0.064,24.818,5.07,2.376,1.21,0.647,0.534,0.127,0.237,0.191,0.104,1.201,0.516,0.331,0.401,0.153,1.162,1.108,0.39,0.518,0.158,0.928,0.846,0.315,0.327,0.216
1761327630,2025-10-24,neutral,0.825,0.346,0.261,0.26,0.129,0.567,0.321,0.111,0.184,0.199,0.585,0.154,0.172,0.262,0.125,0.719,0.2,0.293,0.21,0.131,0.438,0.263,0.129,0.184,0.105,0.212,0.126,0.042,0.039,0.026,0.559,0.353,0.148,0.127,0.098,1.218,0.351,0.398,0.142,0.105,0.191,0.507,0.202,0.147,0.073,23.444,3.842,2.444,1.368,0.674,0.549,0.083,0.222,0.177,0.097,0.874,0.575,0.368,0.394,0.148,1.276,1.109,0.342,0.459,0.152,1.018,0.804,0.298,0.305,0.221
1761327630,2025-10-24,neutral,0.815,0.376,0.226,0.257,0.14,0.504,0.33,0.09,0.166,0.192,0.61,0.218,0.155,0.26,0.125,0.718,0.208,0.281,0.202,0.122,0.531,0.342,0.134,0.197,0.108,0.238,0.164,0.052,0.049,0.029,0.639,0.434,0.123,0.131,0.102,1.112,0.378,0.362,0.14,0.097,0.166,0.504,0.188,0.148,0.08,19.32,3.025,2.513,1.421,0.664,0.591,0.079,0.203,0.16,0.087,0.717,0.643,0.42,0.38,0.151,1.346,1.193,0.302,0.421,0.152,1.148,0.823,0.321,0.294,0.224
1761327630,2025-10-24,neutral,0.802,0.46,0.206,0.258,0.153,0.45,0.362,0.08,0.156,0.185,0.655,0.306,0.161,0.257,0.129,0.727,0.238,0.267,0.201,0.119,0.616,0.449,0.154,0.205,0.116,0.251,0.202,0.063,0.06,0.034,0.713,0.499,0.124,0.137,0.103,1.101,0.434,0.316,0.138,0.095,0.145,0.479,0.165,0.141,0.085,13.904,2.574,2.538,1.341,0.616,0.631,0.111,0.187,0.145,0.076,0.717,0.732,0.475,0.36,0.162,1.333,1.309,0.277,0.405,0.16,1.268,0.882,0.376,0.292,0.225
1761327630,2025-10-24,neutral,0.806,0.567,0.203,0.262,0.163,0.385,0.397,0.087,0.158,0.182,0.716,0.411,0.185,0.255,0.135,0.74,0.302,0.256,0.21,0.122,0.66,0.556,0.186,0.213,0.128,0.24,0.232,0.077,0.069,0.039,0.755,0.517,0.132,0.141,0.102,1.123,0.499,0.274,0.134,0.101,0.135,0.435,0.141,0.127,0.085,9.125,2.517,2.51,1.15,0.545,0.663,0.186,0.186,0.139,0.067,0.813,0.849,0.531,0.342,0.178,1.222,1.421,0.273,0.404,0.173,1.324,0.964,0.443,0.287,0.227
1761327631,2025-10-24,neutral,0.835,0.697,0.222,0.27,0.169,0.313,0.429,0.11,0.172,0.184,0.778,0.527,0.218,0.259,0.143,0.762,0.416,0.254,0.23,0.13,0.653,0.637,0.226,0.225,0.14,0.218,0.25,0.093,0.076,0.045,0.75,0.484,0.138,0.145,0.098,1.117,0.552,0.258,0.132,0.108,0.135,0.377,0.123,0.112,0.082,5.72,2.855,2.457,0.924,0.466,0.675,0.306,0.203,0.146,0.064,0.941,0.995,0.586,0.338,0.192,1.031,1.514,0.293,0.414,0.188,1.293,1.064,0.509,0.279,0.229
1761327631,2025-10-24,neutral,0.898,0.826,0.259,0.282,0.169,0.27,0.448,0.149,0.197,0.189,0.834,0.638,0.252,0.272,0.151,0.805,0.574,0.267,0.259,0.138,0.611,0.675,0.27,0.244,0.147,0.184,0.254,0.114,0.081,0.052,0.701,0.419,0.145,0.15,0.092,1.049,0.571,0.281,0.14,0.114,0.151,0.318,0.118,0.101,0.077,4.283,3.434,2.386,0.755,0.394,0.684,0.455,0.232,0.164,0.065,1.07,1.149,0.646,0.353,0.198,0.835,1.559,0.335,0.436,0.199,1.265,1.152,0.565,0.271,0.229
1761327631,2025-10-24,right,1.205,0.945,0.312,0.297,0.165,0.406,0.465,0.202,0.232,0.194,0.923,0.722,0.28,0.297,0.159,0.939,0.753,0.307,0.294,0.142,0.581,0.663,0.315,0.27,0.144,0.165,0.243,0.14,0.087,0.058,0.616,0.341,0.156,0.159,0.088,0.941,0.557,0.351,0.163,0.113,0.19,0.274,0.132,0.101,0.072,3.952,4,2.316,0.707,0.335,0.747,0.594,0.261,0.189,0.069,1.306,1.282,0.727,0.391,0.195,1.022,1.58,0.407,0.481,0.203,1.934,1.242,0.628,0.276,0.225
1761327631,2025-10-24,right,2.336,1.11,0.385,0.315,0.16,0.964,0.518,0.264,0.271,0.193,1.17,0.767,0.304,0.328,0.165,1.334,0.937,0.374,0.332,0.137,0.608,0.609,0.358,0.296,0.133,0.161,0.222,0.167,0.095,0.063,0.519,0.271,0.174,0.17,0.086,0.852,0.53,0.474,0.202,0.105,0.259,0.263,0.165,0.115,0.068,4.094,4.373,2.235,0.781,0.286,0.966,0.685,0.285,0.212,0.073,1.9,1.369,0.847,0.446,0.185,2.264,1.671,0.525,0.568,0.202,4.685,1.459,0.737,0.304,0.215
1761327631,2025-10-24,right,4.875,1.379,0.472,0.333,0.157,2.138,0.645,0.322,0.305,0.182,1.678,0.772,0.327,0.359,0.168,2.155,1.11,0.453,0.366,0.125,0.718,0.528,0.392,0.314,0.118,0.188,0.196,0.187,0.106,0.068,0.44,0.224,0.198,0.183,0.087,0.84,0.522,0.641,0.257,0.095,0.366,0.293,0.211,0.147,0.066,4.03,4.496,2.124,0.921,0.246,1.431,0.713,0.3,0.228,0.079,3.044,1.4,1.009,0.504,0.176,5.083,1.927,0.696,0.699,0.206,10.702,1.918,0.916,0.359,0.204
1761327631,2025-10-24,right,8.859,1.781,0.562,0.35,0.156,3.883,0.865,0.362,0.324,0.162,2.433,0.746,0.352,0.382,0.165,3.424,1.272,0.522,0.389,0.109,0.902,0.448,0.41,0.318,0.105,0.239,0.173,0.196,0.116,0.072,0.405,0.205,0.224,0.196,0.09,0.915,0.56,0.828,0.315,0.088,0.485,0.355,0.255,0.194,0.067,3.729,4.407,1.967,1.052,0.216,2.111,0.684,0.308,0.234,0.085,4.676,1.389,1.19,0.549,0.172,9.348,2.402,0.899,0.857,0.218,19.846,2.66,1.145,0.429,0.194
1761327631,2025-10-24,right,13.573,2.275,0.632,0.363,0.156,5.839,1.153,0.374,0.321,0.138,3.293,0.715,0.377,0.389,0.159,4.937,1.429,0.56,0.397,0.095,1.124,0.394,0.409,0.307,0.1,0.318,0.159,0.19,0.12,0.076,0.432,0.212,0.247,0.204,0.093,1.037,0.662,1.009,0.363,0.088,0.592,0.424,0.289,0.245,0.07,3.132,4.142,1.772,1.119,0.198,2.868,0.633,0.313,0.231,0.093,6.432,1.383,1.351,0.568,0.177,14.159,3.057,1.104,1.003,0.241,30.267,3.591,1.371,0.495,0.189
1761327631,2025-10-24,right,17.711,2.738,0.663,0.368,0.155,7.486,1.443,0.358,0.294,0.116,4.03,0.696,0.398,0.378,0.148,6.336,1.58,0.558,0.392,0.088,1.367,0.379,0.395,0.287,0.103,0.422,0.16,0.17,0.117,0.078,0.524,0.238,0.272,0.204,0.096,1.138,0.81,1.167,0.394,0.1,0.643,0.473,0.305,0.291,0.076,2.459,3.774,1.601,1.107,0.192,3.481,0.599,0.316,0.222,0.103,7.808,1.419,1.458,0.555,0.191,18.148,3.728,1.273,1.098,0.269,39.028,4.459,1.526,0.542,0.192
1761327632,2025-10-24,right,19.798,3.026,0.64,0.364,0.153,8.225,1.654,0.318,0.25,0.101,4.404,0.698,0.404,0.351,0.138,7.122,1.713,0.523,0.382,0.089,1.563,0.406,0.376,0.263,0.112,0.53,0.175,0.143,0.107,0.077,0.69,0.276,0.314,0.195,0.098,1.152,0.963,1.298,0.402,0.12,0.622,0.486,0.309,0.319,0.083,1.931,3.369,1.54,1.028,0.198,3.669,0.604,0.319,0.208,0.115,8.287,1.49,1.493,0.516,0.209,19.86,4.204,1.371,1.122,0.294,42.999,4.982,1.554,0.567,0.199
1761327632,2025-10-24,right,19.319,3.039,0.566,0.349,0.149,7.989,1.721,0.264,0.198,0.095,4.394,0.713,0.389,0.316,0.13,7.242,1.797,0.474,0.371,0.098,2.169,0.442,0.368,0.244,0.122,0.752,0.195,0.118,0.094,0.074,1.002,0.322,0.384,0.178,0.101,1.159,1.078,1.403,0.39,0.145,0.546,0.458,0.308,0.324,0.093,1.57,2.97,1.612,0.909,0.214,3.425,0.65,0.323,0.192,0.125,7.912,1.568,1.467,0.464,0.228,19.054,4.314,1.391,1.075,0.307,41.25,4.972,1.446,0.573,0.205
1761327632,2025-10-24,right,16.138,2.756,0.459,0.325,0.143,6.643,1.614,0.207,0.151,0.095,3.895,0.715,0.358,0.28,0.126,6.405,1.781,0.427,0.362,0.111,4.958,0.506,0.396,0.229,0.131,1.528,0.224,0.104,0.082,0.067,1.474,0.371,0.479,0.157,0.105,1.128,1.12,1.47,0.362,0.169,0.437,0.4,0.307,0.306,0.103,1.556,2.625,1.782,0.779,0.234,2.746,0.706,0.33,0.174,0.131,6.676,1.597,1.412,0.409,0.242,15.678,3.983,1.341,0.973,0.303,33.915,4.402,1.243,0.563,0.206
1761327632,2025-10-24,neutral,11.69,2.252,0.347,0.293,0.135,4.91,1.366,0.155,0.114,0.099,3.199,0.684,0.322,0.248,0.124,5.169,1.648,0.4,0.354,0.124,12.229,0.638,0.495,0.218,0.137,3.403,0.268,0.111,0.076,0.061,2.173,0.419,0.585,0.138,0.11,1.162,1.091,1.487,0.323,0.184,0.343,0.326,0.307,0.271,0.111,1.777,2.387,1.987,0.668,0.256,1.981,0.745,0.335,0.156,0.131,5.2,1.533,1.354,0.362,0.248,11.357,3.301,1.247,0.843,0.283,24.157,3.446,1.013,0.536,0.199
1761327632,2025-10-24,neutral,7.078,1.66,0.26,0.258,0.126,3.118,1.054,0.118,0.093,0.101,2.389,0.613,0.295,0.219,0.121,3.685,1.418,0.401,0.342,0.134,24.966,0.872,0.692,0.212,0.14,6.606,0.335,0.14,0.075,0.058,3.052,0.46,0.671,0.126,0.115,1.218,1.017,1.436,0.282,0.187,0.286,0.256,0.302,0.228,0.113,2.285,2.384,2.186,0.612,0.284,1.318,0.748,0.337,0.141,0.124,3.763,1.371,1.304,0.325,0.245,7.125,2.47,1.139,0.709,0.251,14.554,2.386,0.829,0.495,0.185
1761327632,2025-10-24,neutral,3.565,1.115,0.215,0.226,0.115,1.785,0.759,0.105,0.087,0.101,1.696,0.519,0.286,0.191,0.115,2.403,1.145,0.433,0.319,0.138,41.75,1.201,0.98,0.209,0.141,10.781,0.417,0.186,0.079,0.061,3.839,0.488,0.713,0.126,0.118,1.264,0.945,1.308,0.244,0.178,0.268,0.202,0.287,0.187,0.11,3.674,2.74,2.336,0.65,0.326,0.972,0.714,0.33,0.131,0.112,2.661,1.148,1.257,0.299,0.234,4.081,1.718,1.045,0.59,0.215,7.501,1.486,0.738,0.442,0.167
1761327632,2025-10-24,neutral,1.536,0.701,0.208,0.202,0.106,1.022,0.536,0.12,0.093,0.098,1.188,0.427,0.297,0.161,0.103,1.509,0.89,0.489,0.284,0.138,58.562,1.55,1.305,0.207,0.142,14.948,0.496,0.236,0.084,0.071,4.278,0.496,0.696,0.137,0.119,1.245,0.895,1.108,0.216,0.159,0.281,0.171,0.257,0.158,0.102,5.859,3.439,2.392,0.802,0.396,0.924,0.647,0.31,0.131,0.099,1.938,0.918,1.185,0.28,0.22,2.436,1.182,0.965,0.499,0.182,3.61,0.884,0.728,0.389,0.152
1761327632,2025-10-24,left,0.781,0.433,0.227,0.19,0.099,0.78,0.394,0.16,0.105,0.095,0.883,0.355,0.331,0.135,0.089,1.045,0.684,0.562,0.241,0.134,70.328,1.816,1.589,0.202,0.142,17.875,0.55,0.278,0.086,0.083,4.242,0.486,0.633,0.155,0.116,1.132,0.866,0.872,0.206,0.138,0.3,0.161,0.216,0.144,0.091,8.88,4.364,2.345,1.057,0.492,1.073,0.557,0.274,0.142,0.088,1.483,0.735,1.075,0.274,0.206,1.838,0.878,0.888,0.445,0.157,2.125,0.572,0.759,0.355,0.142
1761327633,2025-10-24,left,0.898,0.308,0.292,0.193,0.095,0.943,0.33,0.235,0.123,0.093,0.749,0.311,0.39,0.118,0.077,0.983,0.534,0.659,0.2,0.128,73.006,1.914,1.754,0.192,0.141,18.552,0.557,0.299,0.084,0.093,3.679,0.462,0.548,0.172,0.11,0.919,0.842,0.656,0.215,0.121,0.309,0.169,0.174,0.145,0.08,11.771,5.346,2.231,1.383,0.601,1.251,0.456,0.231,0.162,0.085,1.203,0.646,0.946,0.283,0.195,1.803,0.776,0.826,0.429,0.142,2.189,0.568,0.855,0.352,0.141
1761327633,2025-10-24,neutral,2.088,0.384,0.476,0.21,0.095,1.538,0.393,0.37,0.142,0.093,0.751,0.298,0.48,0.112,0.069,1.124,0.458,0.811,0.166,0.119,64.899,1.804,1.756,0.173,0.14,16.552,0.512,0.296,0.079,0.096,2.982,0.437,0.469,0.18,0.102,0.676,0.819,0.527,0.239,0.112,0.302,0.192,0.15,0.158,0.073,14.058,6.236,2.108,1.758,0.72,1.34,0.369,0.206,0.186,0.09,1.065,0.676,0.86,0.309,0.186,2.246,0.89,0.855,0.447,0.135,4.634,1.019,1.17,0.38,0.144
1761327633,2025-10-24,neutral,4.745,0.735,0.842,0.238,0.098,2.522,0.65,0.58,0.162,0.095,0.899,0.32,0.603,0.121,0.069,1.27,0.494,1.042,0.145,0.108,48.988,1.536,1.605,0.146,0.137,12.592,0.428,0.277,0.073,0.091,2.293,0.43,0.414,0.18,0.093,0.586,0.798,0.526,0.273,0.11,0.341,0.234,0.162,0.179,0.07,16.119,7.082,2.046,2.182,0.874,1.412,0.325,0.231,0.21,0.1,1.186,0.827,0.88,0.352,0.18,3.437,1.273,1.065,0.495,0.138,11.048,2.081,1.854,0.431,0.15
1761327633,2025-10-24,neutral,9.435,1.365,1.379,0.278,0.101,4.191,1.109,0.849,0.182,0.102,1.321,0.375,0.741,0.148,0.076,1.797,0.665,1.341,0.14,0.098,31.804,1.205,1.36,0.118,0.132,8.34,0.329,0.255,0.067,0.08,1.537,0.443,0.389,0.176,0.083,0.574,0.785,0.643,0.312,0.115,0.378,0.289,0.215,0.206,0.071,20.025,8.238,2.089,2.661,1.101,1.388,0.336,0.32,0.23,0.11,1.827,1.092,1.017,0.418,0.177,5.924,1.948,1.485,0.565,0.146,22.769,3.755,2.914,0.497,0.156
1761327633,2025-10-24,neutral,14.307,2.164,1.981,0.334,0.105,5.638,1.691,1.123,0.204,0.111,1.681,0.474,0.867,0.2,0.09,2.13,0.969,1.656,0.157,0.091,15.748,0.94,1.098,0.098,0.126,4.244,0.25,0.237,0.065,0.066,1.494,0.482,0.384,0.175,0.075,0.91,0.803,0.819,0.356,0.122,0.479,0.353,0.292,0.239,0.076,25.911,10.034,2.237,3.166,1.412,1.328,0.403,0.462,0.251,0.117,2.513,1.479,1.228,0.514,0.177,8.293,2.859,2.046,0.657,0.159,36.009,5.784,4.146,0.576,0.163
1761327633,2025-10-24,neutral,19.19,2.951,2.499,0.409,0.11,7.146,2.237,1.332,0.231,0.123,2.121,0.634,0.956,0.276,0.108,2.781,1.358,1.907,0.203,0.093,7.062,0.783,0.884,0.092,0.119,2.045,0.203,0.227,0.065,0.055,1.272,0.528,0.378,0.184,0.07,1.256,0.863,0.988,0.414,0.129,0.545,0.416,0.372,0.275,0.081,34.505,12.402,2.408,3.617,1.763,1.235,0.507,0.631,0.28,0.118,3.484,1.975,1.439,0.649,0.185,11.053,3.823,2.61,0.778,0.174,49.209,7.749,5.22,0.672,0.176
1761327633,2025-10-24,neutral,21.062,3.547,2.786,0.496,0.118,7.554,2.588,1.418,0.262,0.136,2.387,0.864,0.995,0.371,0.131,3.282,1.76,2.026,0.279,0.106,4.309,0.714,0.74,0.1,0.113,1.23,0.183,0.218,0.065,0.049,1.779,0.577,0.366,0.205,0.069,2.14,0.973,1.104,0.485,0.133,0.654,0.468,0.434,0.31,0.084,44.137,14.838,2.518,3.89,2.054,1.075,0.62,0.785,0.32,0.114,4.249,2.53,1.585,0.816,0.198,12.09,4.584,3.02,0.927,0.19,55.656,9.196,5.776,0.783,0.196
1761327633,2025-10-24,neutral,20.418,3.859,2.773,0.58,0.13,7.215,2.632,1.353,0.295,0.151,2.443,1.149,0.983,0.469,0.154,3.622,2.068,1.976,0.376,0.131,6.081,0.699,0.642,0.113,0.11,1.559,0.177,0.202,0.063,0.049,1.894,0.605,0.35,0.235,0.071,2.725,1.086,1.148,0.561,0.133,0.684,0.493,0.463,0.336,0.083,50.996,16.539,2.513,3.891,2.18,0.973,0.704,0.891,0.366,0.108,4.675,3.032,1.626,0.989,0.214,12.061,4.907,3.164,1.079,0.205,55.43,9.808,5.635,0.889,0.222
1761327634,2025-10-24,neutral,16.874,3.899,2.483,0.64,0.146,6.127,2.357,1.161,0.324,0.164,2.467,1.456,0.93,0.548,0.175,3.982,2.189,1.766,0.479,0.161,10.115,0.746,0.568,0.122,0.111,2.505,0.183,0.177,0.058,0.053,2.5,0.622,0.341,0.271,0.074,3.599,1.179,1.127,0.623,0.128,0.733,0.482,0.458,0.345,0.081,53.78,16.837,2.382,3.604,2.07,0.871,0.739,0.923,0.406,0.103,4.904,3.386,1.561,1.128,0.224,10.631,4.72,3.002,1.195,0.217,47.742,9.525,4.841,0.964,0.247
1761327634,2025-10-24,neutral,12.034,3.778,2.027,0.658,0.162,4.736,1.868,0.901,0.342,0.175,2.3,1.736,0.845,0.592,0.188,4.104,2.092,1.448,0.567,0.192,14.436,0.947,0.518,0.125,0.119,3.532,0.216,0.152,0.052,0.058,2.721,0.615,0.345,0.307,0.077,4.058,1.241,1.058,0.652,0.12,0.71,0.438,0.42,0.334,0.081,50.154,15.692,2.184,3.115,1.739,0.873,0.726,0.881,0.426,0.1,4.67,3.542,1.412,1.194,0.226,8.603,4.162,2.588,1.232,0.225,36.004,8.541,3.654,0.983,0.263
1761327634,2025-10-24,neutral,7.393,3.603,1.545,0.63,0.177,3.614,1.329,0.65,0.346,0.182,2.17,1.936,0.745,0.595,0.19,4.168,1.817,1.096,0.619,0.218,17.859,1.288,0.518,0.125,0.133,4.379,0.274,0.143,0.049,0.063,2.842,0.586,0.361,0.339,0.078,4.415,1.283,0.968,0.638,0.113,0.695,0.373,0.363,0.303,0.086,42.214,13.606,2.004,2.576,1.28,0.944,0.679,0.782,0.417,0.101,4.309,3.509,1.217,1.168,0.22,6.754,3.487,2.054,1.172,0.229,23.883,7.203,2.428,0.935,0.265
1761327634,2025-10-24,neutral,4.057,3.454,1.156,0.564,0.188,2.932,0.913,0.469,0.34,0.184,1.991,2.037,0.644,0.561,0.18,4.079,1.475,0.777,0.626,0.24,19.702,1.708,0.569,0.13,0.151,4.9,0.348,0.154,0.051,0.068,2.606,0.532,0.376,0.366,0.08,4.413,1.318,0.876,0.584,0.112,0.657,0.314,0.296,0.26,0.096,32.847,11.498,1.921,2.132,0.828,1.068,0.632,0.654,0.381,0.106,3.848,3.381,1.021,1.06,0.21,5.515,3.004,1.545,1.029,0.231,14.299,5.896,1.463,0.831,0.255
1761327634,2025-10-24,neutral,2.406,3.34,0.902,0.482,0.195,2.677,0.708,0.379,0.332,0.184,1.788,2.052,0.555,0.507,0.161,3.75,1.192,0.535,0.591,0.26,19.052,2.065,0.647,0.147,0.169,4.739,0.414,0.18,0.06,0.072,2.196,0.456,0.375,0.388,0.081,4.173,1.362,0.794,0.512,0.12,0.615,0.291,0.233,0.215,0.111,24.7,9.999,1.912,1.849,0.492,1.166,0.601,0.526,0.332,0.114,3.393,3.268,0.855,0.909,0.205,4.99,2.893,1.158,0.847,0.236,8.564,4.855,0.87,0.705,0.24
1761327634,2025-10-24,neutral,2.22,3.247,0.758,0.403,0.198,2.677,0.707,0.358,0.328,0.182,1.643,2.023,0.488,0.45,0.138,3.368,1.066,0.376,0.53,0.278,16.617,2.223,0.724,0.181,0.183,4.208,0.446,0.208,0.074,0.076,1.802,0.379,0.349,0.402,0.084,3.864,1.426,0.727,0.444,0.138,0.61,0.317,0.182,0.179,0.125,19.282,9.185,1.885,1.694,0.313,1.244,0.597,0.415,0.286,0.126,3.17,3.272,0.731,0.76,0.207,5.411,3.199,0.914,0.678,0.248,6.629,4.229,0.59,0.591,0.232
1761327634,2025-10-24,right,3.627,3.205,0.676,0.341,0.198,2.877,0.858,0.371,0.332,0.181,1.572,2.007,0.453,0.401,0.117,2.943,1.146,0.296,0.461,0.295,12.851,2.145,0.775,0.226,0.189,3.254,0.434,0.228,0.087,0.078,1.31,0.326,0.295,0.406,0.087,3.335,1.521,0.668,0.396,0.161,0.645,0.395,0.151,0.157,0.133,16.615,8.745,1.786,1.58,0.263,1.324,0.622,0.331,0.257,0.136,3.271,3.45,0.65,0.645,0.217,7.45,3.873,0.785,0.558,0.272,8.78,4.142,0.491,0.507,0.234
1761327634,2025-10-24,right,6.364,3.317,0.609,0.301,0.194,3.349,1.121,0.382,0.337,0.179,1.702,2.066,0.439,0.364,0.101,2.784,1.476,0.273,0.401,0.306,8.585,1.946,0.78,0.274,0.187,2.222,0.405,0.228,0.096,0.079,1.161,0.329,0.231,0.396,0.092,3.076,1.663,0.616,0.37,0.182,0.73,0.512,0.142,0.147,0.133,15.537,8.194,1.608,1.426,0.279,1.366,0.676,0.282,0.247,0.143,3.775,3.816,0.608,0.577,0.23,11.249,4.81,0.738,0.497,0.309,14.748,4.697,0.466,0.456,0.249
1761327635,2025-10-24,right,11.008,3.661,0.565,0.282,0.189,4.474,1.469,0.38,0.339,0.177,2.32,2.237,0.438,0.335,0.094,3.48,2.102,0.301,0.359,0.31,5.811,1.82,0.733,0.311,0.179,1.545,0.409,0.21,0.097,0.079,1.303,0.426,0.175,0.373,0.099,3.014,1.85,0.562,0.359,0.196,0.931,0.645,0.152,0.144,0.125,15.425,7.263,1.373,1.223,0.312,1.606,0.752,0.267,0.247,0.146,5.101,4.293,0.608,0.549,0.242,17.402,5.799,0.777,0.496,0.363,24.66,5.799,0.49,0.434,0.276
1761327635,2025-10-24,right,15.197,4.22,0.543,0.287,0.185,5.578,1.869,0.357,0.333,0.176,3.134,2.49,0.424,0.315,0.096,4.763,3.003,0.357,0.346,0.307,3.733,1.967,0.646,0.331,0.168,1.083,0.495,0.177,0.092,0.078,2.213,0.627,0.153,0.342,0.107,3.885,2.067,0.519,0.359,0.202,1.202,0.765,0.171,0.141,0.112,14.733,6.241,1.114,1.031,0.344,1.736,0.835,0.266,0.252,0.146,6.81,4.757,0.648,0.558,0.252,23.071,6.602,0.889,0.573,0.436,33.97,7.178,0.553,0.449,0.315
1761327635,2025-10-24,right,19.37,4.868,0.573,0.32,0.182,6.932,2.283,0.333,0.325,0.177,4.264,2.759,0.401,0.305,0.106,6.769,4.063,0.436,0.365,0.301,4.462,2.485,0.555,0.334,0.159,1.37,0.689,0.142,0.084,0.079,3.239,0.92,0.158,0.311,0.117,4.833,2.289,0.476,0.37,0.202,1.525,0.843,0.189,0.137,0.099,14.574,5.627,0.898,0.919,0.372,2.202,0.906,0.264,0.26,0.147,8.881,5.082,0.713,0.604,0.264,28.63,7.015,1.05,0.751,0.525,41.921,8.452,0.649,0.518,0.361
1761327635,2025-10-24,neutral,21.594,5.371,0.643,0.385,0.182,7.989,2.647,0.311,0.32,0.183,5.639,2.92,0.357,0.308,0.121,9.268,5.041,0.509,0.41,0.292,7.823,3.285,0.488,0.323,0.152,2.415,0.959,0.111,0.076,0.08,4.96,1.219,0.198,0.284,0.126,7.033,2.439,0.467,0.391,0.199,2.027,0.852,0.205,0.135,0.09,14.5,5.467,0.755,0.916,0.39,2.566,0.942,0.247,0.274,0.153,11.609,5.123,0.797,0.687,0.279,31.57,6.863,1.231,1.034,0.62,45.217,9.184,0.763,0.647,0.413
1761327635,2025-10-24,neutral,21.154,5.526,0.739,0.468,0.185,8.067,2.89,0.311,0.324,0.192,6.422,2.9,0.308,0.32,0.136,10.799,5.654,0.561,0.465,0.282,11.794,4.185,0.469,0.309,0.146,3.532,1.25,0.094,0.07,0.08,6.068,1.45,0.247,0.267,0.134,8.431,2.469,0.496,0.421,0.194,2.285,0.788,0.223,0.14,0.086,14.238,5.539,0.689,0.994,0.394,2.974,0.933,0.223,0.298,0.164,13.137,4.845,0.881,0.79,0.295,31.418,6.172,1.398,1.372,0.704,42.57,9.143,0.868,0.815,0.464
1761327635,2025-10-24,neutral,19.711,5.221,0.822,0.544,0.188,7.917,2.96,0.323,0.332,0.204,7.262,2.657,0.258,0.333,0.147,11.95,5.691,0.563,0.504,0.267,19.875,4.894,0.483,0.296,0.14,5.816,1.468,0.087,0.07,0.079,6.934,1.538,0.305,0.255,0.136,10.088,2.335,0.575,0.447,0.185,2.673,0.661,0.242,0.154,0.088,13.771,5.538,0.679,1.088,0.379,3.295,0.869,0.198,0.326,0.177,14.805,4.276,0.967,0.874,0.306,29.212,5.139,1.538,1.667,0.757,36.765,8.329,0.938,0.978,0.506
1761327635,2025-10-24,neutral,15.73,4.48,0.853,0.581,0.189,6.546,2.839,0.342,0.337,0.215,6.935,2.236,0.219,0.333,0.149,11.19,5.124,0.511,0.507,0.243,28.085,5.271,0.511,0.288,0.131,7.86,1.572,0.089,0.072,0.074,6.772,1.48,0.355,0.245,0.133,10.005,2.058,0.68,0.456,0.171,2.622,0.504,0.26,0.175,0.09,12.357,5.187,0.694,1.131,0.35,3.38,0.754,0.181,0.35,0.186,14.278,3.517,1.025,0.898,0.307,24.458,3.975,1.614,1.815,0.762,27.322,6.903,0.941,1.08,0.528
1761327635,2025-10-24,neutral,12.883,3.504,0.82,0.568,0.184,5.207,2.544,0.348,0.328,0.221,6.389,1.747,0.194,0.316,0.144,9.529,4.114,0.42,0.469,0.21,38.494,5.285,0.543,0.284,0.121,10.625,1.549,0.094,0.077,0.068,5.757,1.306,0.397,0.233,0.125,9.244,1.693,0.795,0.44,0.152,2.534,0.349,0.272,0.2,0.091,10.5,4.402,0.71,1.091,0.314,3.363,0.622,0.176,0.359,0.189,13.158,2.745,1.06,0.844,0.295,20.154,2.928,1.648,1.764,0.715,19.392,5.203,0.892,1.093,0.522
1761327636,2025-10-24,neutral,9.449,2.557,0.737,0.515,0.176,3.674,2.153,0.348,0.303,0.221,5.325,1.315,0.193,0.29,0.135,7.229,2.975,0.333,0.403,0.172,47.075,5.024,0.581,0.281,0.113,12.528,1.428,0.105,0.083,0.06,4.502,1.075,0.431,0.22,0.116,7.498,1.346,0.89,0.409,0.132,2.164,0.225,0.269,0.227,0.088,8.214,3.323,0.698,0.987,0.283,3.083,0.513,0.177,0.35,0.182,10.907,2.119,1.058,0.738,0.272,15.699,2.156,1.618,1.541,0.626,12.497,3.619,0.82,1.024,0.488
1761327636,2025-10-24,neutral,7.709,1.882,0.646,0.456,0.167,2.57,1.774,0.348,0.271,0.214,4.312,1.021,0.213,0.272,0.128,4.976,2.018,0.29,0.334,0.138,53.409,4.641,0.624,0.277,0.11,14.139,1.266,0.12,0.088,0.054,2.992,0.847,0.463,0.21,0.11,5.507,1.092,0.951,0.384,0.116,1.749,0.151,0.248,0.255,0.084,6.106,2.281,0.671,0.875,0.273,2.747,0.469,0.18,0.328,0.17,8.544,1.738,1.028,0.633,0.248,12.676,1.807,1.565,1.247,0.519,9.113,2.547,0.795,0.918,0.437
1761327636,2025-10-24,neutral,7.84,1.506,0.597,0.429,0.163,2.706,1.449,0.372,0.246,0.203,3.969,0.856,0.246,0.277,0.128,4.139,1.403,0.306,0.286,0.113,53.739,4.22,0.657,0.27,0.115,13.812,1.097,0.136,0.091,0.05,2.082,0.662,0.493,0.21,0.113,3.926,0.935,0.968,0.386,0.109,1.394,0.118,0.207,0.281,0.081,4.63,1.54,0.678,0.813,0.291,2.264,0.483,0.181,0.308,0.155,7.117,1.546,0.977,0.583,0.234,12.887,1.911,1.535,1.001,0.426,12.3,2.076,0.869,0.831,0.384
1761327636,2025-10-24,neutral,11.76,1.457,0.65,0.453,0.166,4.249,1.217,0.471,0.238,0.194,4.525,0.798,0.305,0.309,0.134,5.184,1.162,0.395,0.273,0.104,47.785,3.81,0.684,0.262,0.128,12.338,0.949,0.156,0.092,0.05,1.859,0.601,0.522,0.219,0.129,3.122,0.874,0.967,0.419,0.113,1.212,0.137,0.164,0.3,0.085,4.286,1.231,0.774,0.819,0.339,2.05,0.566,0.186,0.301,0.143,7.382,1.565,0.969,0.609,0.234,20.471,3.005,1.645,0.877,0.371,25.596,2.538,1.089,0.801,0.347
1761327636,2025-10-24,neutral,22.793,1.733,0.889,0.518,0.179,8.23,1.228,0.744,0.257,0.194,7.184,0.842,0.423,0.356,0.144,9.595,1.262,0.584,0.296,0.113,38.566,3.471,0.735,0.259,0.146,9.817,0.844,0.187,0.094,0.052,2.853,0.807,0.581,0.235,0.159,4.491,0.962,0.993,0.469,0.127,1.755,0.219,0.139,0.306,0.095,6.072,1.318,0.984,0.863,0.41,2.714,0.719,0.198,0.311,0.135,11.897,1.898,1.092,0.69,0.246,44.522,5.622,1.975,0.879,0.363,55.565,4.064,1.502,0.832,0.336
1761327636,2025-10-24,neutral,41.488,2.485,1.392,0.598,0.204,15.339,1.625,1.283,0.308,0.213,12.197,1.005,0.636,0.398,0.151,18.833,1.671,0.91,0.343,0.142,29.988,3.289,0.839,0.264,0.169,7.781,0.807,0.235,0.1,0.057,6.141,1.371,0.699,0.255,0.203,8.97,1.286,1.087,0.515,0.148,3.172,0.381,0.153,0.294,0.11,11.622,1.811,1.305,0.89,0.488,4.678,0.949,0.233,0.331,0.132,21.688,2.656,1.419,0.776,0.263,88.771,9.894,2.569,0.953,0.396,101.535,6.758,2.177,0.905,0.351
1761327636,2025-10-24,neutral,62.987,3.871,2.146,0.67,0.241,22.959,2.469,2.084,0.401,0.261,16.451,1.31,0.955,0.417,0.154,26.809,2.39,1.362,0.398,0.187,27.746,3.357,1.004,0.274,0.194,7.342,0.853,0.296,0.109,0.063,9.054,2.282,0.878,0.274,0.254,13.646,1.927,1.283,0.536,0.172,4.958,0.629,0.22,0.266,0.126,17.406,2.879,1.703,0.862,0.563,7.386,1.258,0.311,0.348,0.131,30.625,3.911,1.981,0.817,0.275,143.652,15.383,3.391,1.032,0.458,150.179,10.528,3.177,1.002,0.38
1761327636,2025-10-24,neutral,87.383,5.791,2.984,0.726,0.284,37.019,3.607,3.035,0.531,0.339,23.791,1.689,1.353,0.403,0.151,41.365,3.273,1.909,0.441,0.24,32.988,3.608,1.225,0.284,0.222,8.891,0.953,0.363,0.12,0.071,15.199,3.335,1.108,0.289,0.3,22.807,2.764,1.598,0.525,0.197,7.741,0.925,0.351,0.23,0.139,27.367,4.543,2.133,0.811,0.629,11.282,1.589,0.449,0.354,0.133,46.12,5.401,2.731,0.793,0.278,204.607,20.751,4.272,1.076,0.531,198.414,14.668,4.419,1.115,0.405
1761327637,2025-10-24,neutral,99.684,7.81,3.672,0.771,0.324,47.069,4.698,3.883,0.678,0.432,26.527,2.024,1.728,0.363,0.145,48.664,4.076,2.399,0.46,0.291,40.475,3.849,1.409,0.284,0.25,10.879,1.04,0.407,0.127,0.081,18.944,4.215,1.299,0.297,0.331,28.279,3.573,1.968,0.487,0.219,9.418,1.2,0.515,0.197,0.15,32.332,8.044,2.892,0.95,0.733,13.19,1.844,0.625,0.347,0.136,52.715,6.691,3.485,0.717,0.269,240.592,24.364,4.967,1.075,0.594,218.445,18.132,5.684,1.235,0.412
1761327637,2025-10-24,neutral,106.283,9.347,3.989,0.804,0.348,60.796,5.383,4.404,0.807,0.516,31.476,2.191,1.996,0.308,0.138,59.671,4.567,2.733,0.447,0.327,52.381,3.892,1.535,0.267,0.275,14.151,1.059,0.426,0.127,0.089,24.804,4.649,1.412,0.298,0.339,36.15,4.065,2.325,0.433,0.238,11.406,1.389,0.687,0.176,0.161,47.965,19.414,4.556,1.943,1.08,15.32,1.936,0.808,0.331,0.14,63.092,7.347,4.083,0.621,0.252,255.738,25.026,5.298,1.037,0.631,219.642,19.89,6.682,1.349,0.394
1761327637,2025-10-24,neutral,94.146,9.827,3.822,0.821,0.346,64.865,5.38,4.4,0.875,0.567,30.502,2.117,2.054,0.255,0.129,60.239,4.57,2.757,0.408,0.339,56.012,3.577,1.513,0.237,0.289,14.961,0.969,0.399,0.12,0.095,26.733,4.494,1.371,0.292,0.323,37.963,4.048,2.544,0.377,0.251,11.306,1.463,0.813,0.172,0.173,79.883,46.629,7.5,4.709,2.018,13.922,1.821,0.94,0.309,0.144,62.01,7.129,4.31,0.538,0.23,228.563,22.575,5.178,0.978,0.636,185.285,19.399,7.103,1.431,0.36
1761327637,2025-10-24,neutral,77.838,9.094,3.232,0.808,0.32,65.275,4.704,3.883,0.86,0.569,29.744,1.842,1.897,0.213,0.12,58.791,4.114,2.475,0.361,0.326,59.45,2.963,1.395,0.205,0.289,15.989,0.8,0.35,0.109,0.097,27.465,3.836,1.212,0.283,0.288,37.998,3.535,2.586,0.331,0.257,10.876,1.437,0.875,0.181,0.184,146.315,93.48,11.573,9.718,3.807,12.476,1.534,0.993,0.285,0.147,60.398,6.158,4.129,0.488,0.208,183.569,17.891,4.698,0.921,0.614,141.724,16.84,6.825,1.455,0.326
1761327637,2025-10-24,neutral,54.407,7.371,2.415,0.76,0.278,56.774,3.587,3.014,0.771,0.525,25.757,1.454,1.561,0.189,0.11,50.679,3.352,1.959,0.326,0.296,54.229,2.188,1.176,0.185,0.272,14.465,0.598,0.276,0.098,0.094,24.974,2.896,0.969,0.274,0.243,34.033,2.724,2.45,0.3,0.253,9.465,1.337,0.865,0.199,0.192,243.71,154.108,15.911,16.418,6.366,9.494,1.149,0.962,0.265,0.148,52.932,4.751,3.577,0.471,0.19,125.078,12.44,4.018,0.882,0.576,91.514,12.943,5.926,1.417,0.31
1761327637,2025-10-24,neutral,35.307,5.204,1.637,0.68,0.233,44.064,2.436,2.089,0.644,0.454,21.296,1.089,1.166,0.18,0.1,40.095,2.55,1.399,0.321,0.261,42.777,1.505,0.969,0.188,0.245,11.399,0.436,0.211,0.091,0.09,20.575,1.965,0.74,0.266,0.2,27.987,1.945,2.225,0.287,0.239,8.063,1.204,0.811,0.22,0.192,355.418,213.537,19.251,23.195,9.171,7.22,0.794,0.882,0.25,0.145,44.071,3.375,2.846,0.477,0.176,76.695,7.662,3.332,0.873,0.536,53.675,8.793,4.716,1.327,0.318
1761327637,2025-10-24,neutral,20.719,3.18,1.079,0.584,0.201,29.966,1.573,1.345,0.519,0.382,16.516,0.839,0.805,0.18,0.09,28.961,1.906,0.947,0.349,0.234,31.036,1.003,0.805,0.211,0.216,8.408,0.329,0.161,0.088,0.085,15.443,1.243,0.575,0.259,0.163,21.634,1.445,1.989,0.29,0.216,6.945,1.051,0.744,0.237,0.182,449.696,253.262,20.487,27.965,11.419,5.452,0.557,0.79,0.238,0.136,34.785,2.389,2.115,0.492,0.166,43.24,4.382,2.75,0.892,0.498,29.289,5.312,3.512,1.204,0.345
1761327637,2025-10-24,neutral,12.47,1.768,0.797,0.493,0.188,17.225,1.142,0.891,0.423,0.333,11.723,0.755,0.542,0.183,0.083,18.523,1.528,0.676,0.402,0.225,18.84,0.71,0.698,0.238,0.194,5.015,0.276,0.131,0.087,0.083,10.127,0.805,0.492,0.252,0.134,15.248,1.304,1.789,0.303,0.191,5.834,0.893,0.684,0.245,0.162,494.384,259.428,19.223,29.114,12.367,4.286,0.488,0.711,0.228,0.121,25.34,1.959,1.527,0.503,0.16,26.117,2.735,2.298,0.928,0.464,17.419,3.063,2.554,1.069,0.376
1761327638,2025-10-24,neutral,8.439,1.107,0.71,0.424,0.193,8.593,1.059,0.681,0.363,0.319,7.921,0.801,0.39,0.183,0.08,10.666,1.376,0.585,0.463,0.234,10.152,0.571,0.642,0.252,0.182,2.92,0.25,0.12,0.083,0.084,6.016,0.595,0.478,0.24,0.112,10.226,1.383,1.654,0.315,0.168,5.02,0.727,0.638,0.243,0.138,473.438,229.326,15.927,26.23,11.675,3.619,0.545,0.654,0.22,0.102,17.321,1.957,1.149,0.504,0.157,19.11,2.267,1.961,0.961,0.433,12.392,2.039,1.927,0.937,0.396
1761327638,2025-10-24,neutral,6.847,0.997,0.707,0.379,0.209,3.836,1.147,0.598,0.323,0.334,5.072,0.9,0.326,0.176,0.081,5.743,1.339,0.611,0.511,0.256,4.596,0.522,0.622,0.246,0.178,1.287,0.233,0.124,0.078,0.086,3.088,0.527,0.513,0.222,0.095,6.385,1.495,1.587,0.318,0.152,3.953,0.558,0.589,0.23,0.116,392.764,173.138,11.695,20.308,9.576,2.915,0.656,0.611,0.212,0.085,10.991,2.143,0.988,0.487,0.158,15.887,2.393,1.735,0.98,0.406,10.371,1.822,1.599,0.805,0.395
1761327638,2025-10-24,neutral,6.318,1.076,0.708,0.344,0.225,2.462,1.251,0.552,0.288,0.365,3.676,0.986,0.323,0.161,0.087,3.787,1.326,0.699,0.534,0.278,2.242,0.528,0.632,0.226,0.179,0.743,0.218,0.136,0.072,0.087,1.749,0.542,0.579,0.201,0.082,4.328,1.499,1.573,0.307,0.146,3.041,0.401,0.526,0.21,0.1,279.792,109.989,7.773,13.293,6.763,2.347,0.741,0.569,0.205,0.074,7.38,2.315,1.012,0.453,0.165,13.171,2.723,1.609,0.977,0.386,9.273,1.908,1.463,0.665,0.377
1761327638,2025-10-24,neutral,6.12,1.095,0.693,0.308,0.235,2.845,1.301,0.511,0.253,0.397,3.305,1.015,0.356,0.141,0.096,4.096,1.302,0.81,0.529,0.292,2.249,0.588,0.665,0.207,0.18,0.717,0.216,0.151,0.069,0.086,1.511,0.602,0.653,0.183,0.074,3.623,1.376,1.591,0.282,0.148,2.214,0.276,0.446,0.189,0.091,168.692,57.359,5.002,7.187,4.064,1.915,0.748,0.519,0.196,0.072,6.233,2.354,1.161,0.407,0.179,10.731,2.892,1.564,0.957,0.38,8.693,1.916,1.404,0.523,0.351
1761327638,2025-10-24,neutral,6.18,1.028,0.659,0.269,0.238,3.795,1.28,0.484,0.231,0.417,3.32,0.99,0.398,0.122,0.108,5.051,1.276,0.911,0.504,0.292,2.667,0.662,0.71,0.203,0.179,0.842,0.22,0.165,0.071,0.083,1.639,0.655,0.712,0.172,0.072,3.563,1.184,1.631,0.253,0.156,1.626,0.191,0.361,0.171,0.088,90.989,24.949,3.565,3.179,2.091,1.553,0.687,0.464,0.185,0.079,6.258,2.273,1.353,0.358,0.2,8.593,2.866,1.563,0.932,0.394,8.66,1.802,1.336,0.401,0.328
1761327638,2025-10-24,neutral,5.56,0.936,0.6,0.234,0.232,4.504,1.204,0.478,0.233,0.419,3.13,0.956,0.432,0.11,0.12,5.266,1.279,0.969,0.465,0.282,2.817,0.703,0.733,0.22,0.176,0.89,0.22,0.169,0.079,0.081,1.662,0.67,0.731,0.167,0.074,3.335,1.011,1.679,0.229,0.166,1.248,0.147,0.291,0.161,0.089,55.166,11.799,3.003,1.325,1.031,1.185,0.602,0.414,0.171,0.091,5.976,2.166,1.521,0.32,0.226,6.667,2.722,1.549,0.908,0.432,7.595,1.671,1.229,0.322,0.315
1761327638,2025-10-24,neutral,4.983,0.907,0.52,0.212,0.22,5.12,1.103,0.503,0.257,0.401,3.021,0.933,0.445,0.109,0.129,5.457,1.337,0.978,0.421,0.268,3.05,0.697,0.718,0.257,0.173,0.935,0.212,0.163,0.092,0.082,1.624,0.649,0.708,0.166,0.078,3.184,0.91,1.711,0.22,0.173,1.147,0.129,0.248,0.157,0.093,55.165,9.762,2.701,0.846,0.682,1.252,0.534,0.371,0.157,0.104,5.844,2.079,1.604,0.301,0.252,5.465,2.515,1.476,0.89,0.486,6.866,1.642,1.093,0.297,0.315
1761327638,2025-10-24,neutral,4.079,0.983,0.414,0.205,0.202,5.046,0.999,0.537,0.288,0.368,2.563,0.922,0.432,0.116,0.133,4.734,1.419,0.917,0.379,0.254,2.781,0.638,0.643,0.3,0.17,0.842,0.19,0.145,0.108,0.084,1.542,0.603,0.64,0.164,0.081,2.806,0.876,1.677,0.226,0.177,1.072,0.126,0.23,0.157,0.098,70.709,10.857,2.309,0.844,0.687,1.138,0.519,0.326,0.142,0.114,5.072,2.011,1.545,0.299,0.271,4.335,2.355,1.328,0.877,0.546,5.5,1.759,0.921,0.311,0.321
1761327639,2025-10-24,neutral,3.221,1.141,0.306,0.21,0.182,4.611,0.901,0.562,0.308,0.326,2.117,0.908,0.401,0.126,0.13,3.856,1.481,0.816,0.341,0.245,2.625,0.558,0.536,0.336,0.165,0.794,0.162,0.124,0.123,0.085,1.394,0.547,0.54,0.158,0.081,2.442,0.87,1.553,0.244,0.176,1.039,0.142,0.231,0.155,0.102,81.902,11.699,1.889,0.895,0.788,1.293,0.549,0.277,0.127,0.117,4.228,1.921,1.349,0.301,0.277,3.59,2.3,1.143,0.861,0.597,4.3,1.962,0.747,0.336,0.324
1761327639,2025-10-24,neutral,2.304,1.301,0.217,0.219,0.162,3.729,0.805,0.556,0.306,0.28,1.426,0.861,0.362,0.131,0.12,2.686,1.472,0.693,0.308,0.236,2.202,0.485,0.425,0.349,0.158,0.665,0.133,0.104,0.131,0.084,1.229,0.487,0.427,0.146,0.078,1.929,0.845,1.343,0.26,0.171,0.836,0.172,0.239,0.149,0.102,83.042,11.512,1.479,0.927,0.877,1.203,0.593,0.224,0.11,0.114,3.007,1.753,1.065,0.29,0.268,2.706,2.316,0.973,0.831,0.628,2.944,2.113,0.606,0.347,0.319
1761327639,2025-10-24,neutral,1.612,1.378,0.175,0.223,0.146,2.776,0.699,0.514,0.281,0.237,0.903,0.759,0.328,0.123,0.105,1.791,1.359,0.586,0.276,0.223,2.006,0.442,0.352,0.337,0.146,0.629,0.108,0.091,0.13,0.078,1.063,0.428,0.323,0.127,0.072,1.494,0.783,1.081,0.265,0.163,0.64,0.213,0.247,0.141,0.098,73.796,10.477,1.139,0.984,0.918,1.216,0.612,0.179,0.092,0.105,1.99,1.486,0.777,0.259,0.251,2.086,2.298,0.879,0.783,0.631,1.974,2.095,0.548,0.337,0.305
1761327639,2025-10-24,neutral,1.062,1.341,0.19,0.219,0.138,1.868,0.588,0.446,0.245,0.203,0.473,0.614,0.3,0.104,0.091,1.147,1.162,0.511,0.242,0.203,2.007,0.543,0.379,0.33,0.141,0.632,0.12,0.099,0.125,0.071,0.935,0.385,0.244,0.107,0.066,1.142,0.707,0.81,0.258,0.151,0.403,0.256,0.246,0.132,0.09,59.422,9.336,1.019,1.213,0.906,1.072,0.591,0.149,0.078,0.094,1.223,1.164,0.548,0.212,0.229,1.594,2.22,0.858,0.72,0.608,1.283,1.886,0.579,0.318,0.289
1761327639,2025-10-24,neutral,0.751,1.205,0.253,0.208,0.14,1.186,0.497,0.367,0.216,0.18,0.279,0.46,0.273,0.08,0.079,0.805,0.936,0.461,0.206,0.18,2.63,0.987,0.606,0.393,0.165,0.763,0.227,0.153,0.131,0.069,0.838,0.373,0.205,0.093,0.065,0.922,0.653,0.575,0.244,0.137,0.24,0.304,0.233,0.128,0.081,48.194,9.084,1.355,1.736,0.866,0.929,0.536,0.139,0.071,0.084,0.852,0.859,0.406,0.168,0.211,1.462,2.054,0.868,0.647,0.562,0.982,1.552,0.665,0.312,0.278
1761327746,2025-10-24,neutral,8.593,2.329,2.321,0.263,0.197,5.824,1.811,1.378,0.254,0.167,8.069,1.434,1.067,0.161,0.13,12.02,2.411,1.585,0.261,0.267,70.626,23.611,7.522,0.63,0.297,15.399,5.958,2.015,0.169,0.137,5.355,1.46,0.525,0.31,0.123,7.294,1.634,0.707,0.157,0.169,0.335,0.141,0.049,0.04,0.062,11.825,1.823,0.898,0.404,0.289,2.208,1.153,0.555,0.22,0.185,14.349,2.12,1.373,0.391,0.247,12.419,3.787,2.947,0.592,0.521,14.284,4.222,3.618,0.466,0.401
1761327746,2025-10-24,neutral,6.447,2.161,2.245,0.285,0.202,4.032,1.621,1.307,0.252,0.177,5.72,1.311,1.152,0.167,0.134,8.234,2.25,1.545,0.259,0.273,73.084,23.332,7.518,0.621,0.291,15.948,5.909,2.012,0.168,0.129,3.632,1.484,0.554,0.291,0.107,4.972,1.387,0.647,0.133,0.172,0.275,0.151,0.052,0.037,0.058,9.188,1.81,0.956,0.453,0.3,1.392,0.837,0.599,0.193,0.191,10.568,1.81,1.353,0.418,0.255,9.53,3.544,3,0.711,0.539,10.572,3.827,3.684,0.527,0.412
1761327746,2025-10-24,neutral,4.795,1.897,1.987,0.296,0.206,2.841,1.399,1.193,0.252,0.187,3.926,1.155,1.155,0.175,0.134,5.489,1.98,1.461,0.263,0.265,66.289,19.904,6.555,0.557,0.258,14.533,5.058,1.758,0.156,0.111,2.182,1.462,0.577,0.281,0.093,3.272,1.162,0.54,0.122,0.172,0.239,0.152,0.054,0.035,0.057,6.95,1.859,0.966,0.498,0.299,0.952,0.569,0.612,0.161,0.186,7.836,1.473,1.242,0.433,0.249,7.427,3.291,2.821,0.821,0.54,7.711,3.266,3.4,0.552,0.402
1761327746,2025-10-24,neutral,3.601,1.615,1.639,0.299,0.206,2.18,1.172,1.069,0.255,0.194,2.698,0.992,1.081,0.183,0.131,3.777,1.657,1.368,0.275,0.252,51.859,14.482,4.963,0.454,0.212,11.468,3.698,1.336,0.137,0.089,1.305,1.378,0.594,0.279,0.085,2.25,0.999,0.422,0.123,0.167,0.222,0.142,0.055,0.032,0.057,5.499,1.945,0.939,0.539,0.281,0.843,0.409,0.59,0.136,0.172,6.062,1.171,1.07,0.435,0.235,6.256,3.128,2.497,0.912,0.527,5.768,2.698,2.875,0.545,0.378
1761327746,2025-10-24,neutral,2.988,1.37,1.304,0.301,0.2,1.944,0.958,0.952,0.266,0.199,2.042,0.849,0.958,0.194,0.129,2.965,1.335,1.278,0.297,0.246,34.38,8.783,3.256,0.347,0.173,7.723,2.261,0.881,0.116,0.07,0.919,1.235,0.604,0.282,0.084,1.954,0.899,0.323,0.135,0.156,0.225,0.127,0.057,0.031,0.058,4.966,2.035,0.892,0.578,0.249,1.049,0.366,0.541,0.128,0.155,5.291,0.962,0.896,0.427,0.22,6.457,3.121,2.162,0.989,0.511,4.911,2.266,2.289,0.523,0.355
1761327746,2025-10-24,neutral,2.866,1.19,1.059,0.308,0.189,1.858,0.779,0.84,0.288,0.199,1.725,0.743,0.822,0.208,0.13,2.583,1.069,1.177,0.329,0.253,19.306,4.274,1.852,0.271,0.154,4.51,1.124,0.502,0.1,0.058,0.953,1.085,0.622,0.292,0.091,2.14,0.842,0.274,0.159,0.143,0.235,0.111,0.057,0.032,0.061,5.163,2.085,0.841,0.611,0.212,1.41,0.4,0.484,0.139,0.14,5.135,0.862,0.777,0.42,0.21,7.839,3.234,1.932,1.054,0.504,5.029,2.024,1.805,0.51,0.343
1761327746,2025-10-24,neutral,3.216,1.078,0.93,0.324,0.176,1.811,0.667,0.732,0.319,0.194,1.677,0.688,0.712,0.23,0.135,2.44,0.909,1.06,0.374,0.269,9.265,1.624,0.984,0.244,0.157,2.359,0.463,0.262,0.094,0.054,1.209,0.996,0.67,0.315,0.103,2.724,0.809,0.281,0.196,0.128,0.251,0.099,0.057,0.036,0.066,5.996,2.095,0.796,0.628,0.18,1.85,0.459,0.44,0.166,0.13,5.513,0.873,0.747,0.427,0.209,10.26,3.366,1.841,1.101,0.505,6.064,1.958,1.503,0.52,0.345
1761327747,2025-10-24,neutral,3.999,1.015,0.888,0.348,0.161,1.923,0.633,0.64,0.351,0.184,1.981,0.697,0.655,0.262,0.14,2.722,0.882,0.948,0.431,0.283,4.821,0.589,0.619,0.264,0.171,1.428,0.224,0.152,0.098,0.056,1.765,1.015,0.771,0.353,0.117,3.76,0.817,0.327,0.254,0.117,0.273,0.095,0.056,0.042,0.069,7.409,2.094,0.765,0.626,0.164,2.35,0.507,0.417,0.2,0.124,6.593,1.001,0.799,0.456,0.213,13.381,3.435,1.849,1.127,0.505,7.985,2.016,1.377,0.556,0.353
1761327747,2025-10-24,neutral,5.115,0.984,0.871,0.376,0.148,2.321,0.663,0.574,0.377,0.168,2.693,0.767,0.647,0.304,0.143,3.623,0.972,0.866,0.493,0.284,3.898,0.458,0.588,0.306,0.181,1.25,0.223,0.129,0.108,0.061,2.641,1.133,0.924,0.407,0.129,5.236,0.893,0.386,0.335,0.11,0.303,0.1,0.054,0.047,0.07,9.432,2.133,0.758,0.607,0.167,2.917,0.532,0.413,0.236,0.121,8.414,1.237,0.888,0.508,0.216,16.61,3.37,1.861,1.123,0.492,10.505,2.137,1.337,0.607,0.356
1761327747,2025-10-24,neutral,6.055,0.962,0.83,0.405,0.136,2.902,0.721,0.54,0.389,0.151,3.559,0.863,0.661,0.349,0.142,4.941,1.118,0.826,0.55,0.268,4.386,0.582,0.719,0.349,0.179,1.372,0.291,0.14,0.121,0.068,3.656,1.289,1.1,0.467,0.137,6.686,1.023,0.439,0.436,0.11,0.321,0.111,0.052,0.049,0.066,11.748,2.246,0.808,0.58,0.188,3.424,0.528,0.418,0.266,0.118,10.3,1.511,0.966,0.576,0.214,18.632,3.158,1.809,1.094,0.458,12.653,2.24,1.29,0.658,0.343
1761327747,2025-10-24,neutral,6.608,0.961,0.753,0.424,0.127,3.549,0.785,0.535,0.385,0.134,4.35,0.942,0.667,0.387,0.141,6.354,1.263,0.82,0.583,0.238,5.039,0.722,0.902,0.376,0.166,1.525,0.348,0.16,0.131,0.073,4.617,1.403,1.244,0.518,0.142,7.802,1.16,0.477,0.54,0.116,0.329,0.124,0.051,0.048,0.059,13.903,2.444,0.941,0.554,0.222,3.85,0.498,0.415,0.285,0.114,11.786,1.733,1.001,0.64,0.206,19.178,2.883,1.684,1.048,0.41,13.976,2.279,1.197,0.697,0.317
1761327747,2025-10-24,neutral,6.479,1.005,0.656,0.429,0.121,4.023,0.853,0.544,0.367,0.122,4.697,0.975,0.643,0.407,0.141,7.349,1.379,0.822,0.582,0.204,5.535,0.846,1.065,0.379,0.148,1.616,0.377,0.176,0.136,0.076,5.178,1.406,1.295,0.542,0.143,8.096,1.238,0.49,0.621,0.128,0.312,0.131,0.049,0.044,0.048,15.108,2.669,1.142,0.539,0.26,4.012,0.453,0.394,0.29,0.11,12.093,1.835,0.982,0.681,0.197,17.826,2.665,1.519,0.998,0.368,13.87,2.241,1.062,0.713,0.285
1761327747,2025-10-24,neutral,5.781,1.086,0.578,0.415,0.121,4.207,0.916,0.553,0.344,0.12,4.486,0.947,0.592,0.402,0.141,7.587,1.439,0.811,0.542,0.175,5.667,0.938,1.152,0.36,0.134,1.62,0.37,0.179,0.133,0.075,5.165,1.282,1.226,0.53,0.142,7.497,1.211,0.476,0.656,0.141,0.285,0.129,0.046,0.038,0.037,14.934,2.825,1.359,0.541,0.291,3.897,0.411,0.352,0.279,0.106,11.09,1.775,0.925,0.681,0.187,15.202,2.628,1.39,0.95,0.348,12.421,2.111,0.941,0.704,0.259
1761327747,2025-10-24,neutral,4.707,1.164,0.556,0.39,0.13,4.024,0.958,0.559,0.329,0.13,3.747,0.855,0.54,0.375,0.14,6.943,1.418,0.789,0.477,0.157,5.316,0.971,1.135,0.328,0.128,1.503,0.328,0.17,0.124,0.069,4.52,1.059,1.048,0.483,0.138,6.166,1.069,0.435,0.634,0.152,0.249,0.116,0.042,0.031,0.028,13.279,2.816,1.522,0.566,0.309,3.478,0.389,0.305,0.253,0.103,8.961,1.552,0.861,0.644,0.177,12.252,2.834,1.353,0.911,0.361,9.994,1.882,0.904,0.678,0.247
1761327747,2025-10-24,neutral,3.635,1.2,0.602,0.369,0.145,3.606,0.975,0.573,0.33,0.15,2.753,0.722,0.517,0.338,0.133,5.668,1.312,0.782,0.413,0.148,4.549,0.939,1.031,0.299,0.128,1.292,0.262,0.154,0.112,0.06,3.478,0.808,0.816,0.415,0.133,4.566,0.854,0.375,0.559,0.154,0.223,0.095,0.038,0.026,0.021,10.772,2.622,1.57,0.607,0.312,2.912,0.399,0.268,0.221,0.101,6.407,1.217,0.824,0.584,0.166,9.932,3.243,1.403,0.882,0.396,7.319,1.581,0.984,0.647,0.248
1761327748,2025-10-24,neutral,2.826,1.17,0.688,0.365,0.163,3.131,0.965,0.6,0.349,0.177,1.807,0.583,0.537,0.303,0.12,4.189,1.144,0.804,0.375,0.146,3.574,0.849,0.878,0.287,0.133,1.033,0.192,0.139,0.104,0.05,2.342,0.61,0.602,0.345,0.126,3.158,0.64,0.31,0.454,0.147,0.2,0.074,0.034,0.022,0.016,8.176,2.294,1.476,0.651,0.303,2.307,0.438,0.247,0.193,0.098,4.088,0.865,0.833,0.523,0.155,8.608,3.711,1.472,0.862,0.433,4.961,1.266,1.147,0.621,0.256
1761327748,2025-10-24,neutral,2.42,1.067,0.775,0.385,0.178,2.795,0.924,0.639,0.385,0.205,1.192,0.469,0.592,0.283,0.103,2.952,0.953,0.846,0.375,0.146,2.706,0.724,0.716,0.297,0.139,0.8,0.135,0.13,0.103,0.042,1.438,0.521,0.459,0.291,0.119,2.237,0.491,0.267,0.348,0.131,0.183,0.057,0.031,0.02,0.014,6.362,1.91,1.259,0.683,0.288,1.808,0.493,0.241,0.177,0.096,2.477,0.591,0.893,0.486,0.144,8.072,4.067,1.493,0.848,0.45,3.347,1.001,1.328,0.612,0.268
1761327748,2025-10-24,neutral,2.327,0.91,0.821,0.418,0.187,2.689,0.855,0.683,0.43,0.229,0.993,0.393,0.658,0.28,0.087,2.2,0.778,0.876,0.406,0.15,2.049,0.597,0.577,0.321,0.145,0.62,0.099,0.127,0.111,0.038,0.903,0.547,0.395,0.26,0.112,1.792,0.428,0.268,0.27,0.115,0.159,0.048,0.029,0.018,0.016,5.665,1.576,0.98,0.696,0.273,1.434,0.546,0.239,0.182,0.096,1.632,0.446,0.976,0.488,0.137,7.898,4.198,1.44,0.841,0.44,2.471,0.83,1.461,0.627,0.282
1761327748,2025-10-24,neutral,2.446,0.73,0.804,0.444,0.191,2.761,0.775,0.716,0.473,0.245,1.156,0.36,0.704,0.291,0.077,1.926,0.654,0.862,0.448,0.158,1.626,0.502,0.467,0.342,0.15,0.502,0.088,0.126,0.123,0.039,0.718,0.651,0.381,0.248,0.108,1.643,0.437,0.325,0.236,0.107,0.131,0.047,0.029,0.017,0.02,6.002,1.355,0.71,0.69,0.259,1.189,0.572,0.231,0.209,0.098,1.403,0.429,1.04,0.533,0.136,7.512,4.047,1.319,0.834,0.406,2.22,0.763,1.496,0.664,0.297
1761327748,2025-10-24,neutral,2.632,0.578,0.73,0.446,0.191,2.858,0.707,0.719,0.501,0.252,1.501,0.386,0.706,0.308,0.076,1.902,0.611,0.786,0.478,0.17,1.262,0.468,0.38,0.345,0.154,0.399,0.096,0.123,0.131,0.043,0.745,0.777,0.382,0.244,0.107,1.553,0.483,0.432,0.241,0.113,0.097,0.054,0.032,0.017,0.026,6.691,1.266,0.504,0.666,0.247,1.035,0.563,0.214,0.251,0.102,1.5,0.512,1.054,0.608,0.142,6.723,3.667,1.157,0.816,0.361,2.341,0.821,1.42,0.706,0.307
1761327748,2025-10-24,neutral,2.792,0.501,0.621,0.417,0.189,2.855,0.672,0.681,0.504,0.249,1.847,0.493,0.66,0.325,0.086,1.913,0.667,0.66,0.482,0.182,0.898,0.509,0.3,0.327,0.156,0.303,0.117,0.116,0.132,0.05,0.859,0.875,0.383,0.236,0.108,1.404,0.539,0.558,0.271,0.133,0.069,0.065,0.037,0.017,0.031,7.057,1.317,0.387,0.628,0.235,0.957,0.536,0.192,0.296,0.108,1.695,0.668,1.008,0.692,0.157,5.595,3.184,0.998,0.78,0.325,2.615,1.023,1.259,0.738,0.309
1761327748,2025-10-24,neutral,2.882,0.537,0.504,0.367,0.186,2.697,0.675,0.609,0.478,0.236,2.081,0.687,0.581,0.341,0.102,1.837,0.818,0.517,0.462,0.191,0.75,0.604,0.234,0.295,0.156,0.246,0.143,0.109,0.125,0.057,0.972,0.917,0.382,0.225,0.112,1.177,0.591,0.657,0.303,0.161,0.046,0.076,0.044,0.017,0.035,6.742,1.499,0.343,0.585,0.221,0.94,0.522,0.173,0.333,0.114,1.884,0.874,0.912,0.765,0.178,4.366,2.756,0.873,0.731,0.31,2.912,1.383,1.064,0.75,0.299
1761327748,2025-10-24,push,2.857,0.688,0.408,0.315,0.181,2.397,0.703,0.518,0.431,0.216,2.134,0.941,0.49,0.355,0.121,1.669,1.03,0.392,0.428,0.191,0.515,0.719,0.188,0.261,0.156,0.165,0.168,0.106,0.112,0.064,1.031,0.896,0.379,0.214,0.117,0.935,0.627,0.692,0.322,0.187,0.036,0.083,0.048,0.018,0.034,5.782,1.829,0.342,0.548,0.21,0.962,0.537,0.167,0.354,0.119,1.99,1.101,0.792,0.811,0.199,3.277,2.449,0.794,0.686,0.321,3.095,1.859,0.889,0.745,0.281
1761327749,2025-10-24,push,2.658,0.905,0.343,0.281,0.173,1.958,0.73,0.428,0.377,0.191,2,1.2,0.411,0.362,0.141,1.411,1.252,0.308,0.392,0.183,0.563,0.814,0.17,0.236,0.157,0.141,0.192,0.11,0.097,0.07,1.019,0.831,0.376,0.204,0.124,0.73,0.64,0.656,0.32,0.202,0.034,0.083,0.048,0.017,0.031,4.566,2.273,0.366,0.521,0.209,0.999,0.576,0.178,0.354,0.121,1.955,1.312,0.68,0.817,0.217,2.485,2.235,0.769,0.66,0.352,3.05,2.342,0.766,0.729,0.26
1761327749,2025-10-24,neutral,2.348,1.109,0.308,0.267,0.164,1.498,0.729,0.371,0.333,0.166,1.786,1.399,0.371,0.358,0.162,1.165,1.419,0.275,0.363,0.169,0.527,0.865,0.178,0.222,0.161,0.109,0.21,0.119,0.086,0.076,0.979,0.751,0.376,0.198,0.131,0.613,0.64,0.574,0.296,0.205,0.037,0.075,0.043,0.016,0.025,3.604,2.718,0.407,0.499,0.223,1,0.618,0.202,0.339,0.122,1.861,1.467,0.605,0.777,0.232,2.053,2.055,0.785,0.647,0.388,2.832,2.704,0.705,0.705,0.244
1761327749,2025-10-24,neutral,1.99,1.241,0.306,0.27,0.156,1.142,0.707,0.383,0.318,0.147,1.556,1.492,0.389,0.342,0.184,1.044,1.502,0.301,0.346,0.153,0.612,0.887,0.212,0.217,0.167,0.114,0.226,0.134,0.08,0.081,1.002,0.702,0.377,0.196,0.138,0.676,0.661,0.495,0.267,0.2,0.045,0.064,0.035,0.014,0.02,3.232,3.035,0.465,0.48,0.248,0.943,0.643,0.235,0.315,0.121,1.799,1.553,0.584,0.705,0.248,1.938,1.902,0.81,0.64,0.418,2.516,2.874,0.704,0.675,0.238
1761327749,2025-10-24,neutral,1.854,1.279,0.353,0.281,0.155,0.993,0.703,0.486,0.34,0.139,1.502,1.474,0.48,0.326,0.208,1.208,1.531,0.389,0.349,0.141,0.82,0.952,0.279,0.218,0.174,0.185,0.253,0.154,0.08,0.084,1.238,0.739,0.38,0.198,0.145,1.025,0.755,0.485,0.252,0.195,0.065,0.054,0.027,0.014,0.016,3.541,3.186,0.563,0.471,0.275,0.884,0.657,0.278,0.294,0.122,2.057,1.602,0.647,0.63,0.269,2.526,1.848,0.852,0.631,0.436,2.543,2.88,0.786,0.646,0.248
1761327749,2025-10-24,neutral,2.073,1.27,0.5,0.298,0.164,1.127,0.753,0.688,0.395,0.141,1.655,1.402,0.666,0.32,0.229,1.753,1.583,0.566,0.377,0.135,1.145,1.14,0.394,0.224,0.179,0.28,0.312,0.183,0.085,0.084,1.749,0.898,0.399,0.205,0.153,1.719,0.969,0.603,0.27,0.197,0.099,0.051,0.023,0.015,0.015,4.405,3.247,0.728,0.481,0.293,0.861,0.69,0.347,0.28,0.129,2.765,1.712,0.862,0.59,0.295,3.8,2.018,0.979,0.626,0.443,3.082,2.867,1.047,0.624,0.27
1761327749,2025-10-24,neutral,2.901,1.306,0.783,0.317,0.182,1.589,0.913,0.976,0.462,0.151,2.089,1.356,0.96,0.328,0.242,2.764,1.757,0.859,0.425,0.132,1.789,1.489,0.584,0.236,0.178,0.47,0.408,0.225,0.096,0.083,2.545,1.185,0.464,0.215,0.16,2.746,1.317,0.858,0.321,0.205,0.149,0.058,0.025,0.019,0.016,5.522,3.308,0.955,0.509,0.298,0.946,0.781,0.453,0.275,0.141,4.029,1.994,1.285,0.603,0.322,5.834,2.489,1.264,0.635,0.443,4.494,3.037,1.552,0.615,0.297
1761327749,2025-10-24,neutral,5.137,1.44,1.205,0.336,0.207,3.402,1.244,1.334,0.534,0.163,2.858,1.387,1.337,0.344,0.24,4.411,2.074,1.259,0.479,0.131,2.501,1.952,0.851,0.256,0.169,0.643,0.529,0.279,0.111,0.08,3.451,1.562,0.59,0.228,0.167,3.935,1.757,1.196,0.39,0.213,0.216,0.074,0.037,0.025,0.017,6.525,3.406,1.202,0.544,0.293,1.212,0.93,0.586,0.274,0.158,5.884,2.489,1.898,0.658,0.344,8.805,3.191,1.721,0.665,0.438,7.942,3.47,2.282,0.619,0.322
1761327749,2025-10-24,neutral,10.036,1.677,1.735,0.348,0.233,12.936,1.744,1.794,0.653,0.178,4.231,1.494,1.735,0.352,0.225,6.953,2.471,1.711,0.512,0.132,3.402,2.415,1.155,0.279,0.156,0.868,0.643,0.333,0.126,0.077,4.306,1.958,0.762,0.24,0.172,5.079,2.207,1.522,0.45,0.216,0.301,0.101,0.061,0.032,0.02,7.232,3.534,1.396,0.567,0.284,1.754,1.117,0.718,0.266,0.175,8.415,3.144,2.587,0.717,0.353,13.081,3.946,2.277,0.711,0.43,15.243,4.083,3.126,0.627,0.34
1761327750,2025-10-24,neutral,18.068,1.948,2.292,0.345,0.256,38.928,2.43,2.434,0.902,0.202,6.31,1.609,2.064,0.337,0.2,10.333,2.803,2.125,0.502,0.139,4.14,2.728,1.419,0.3,0.143,1.019,0.716,0.37,0.136,0.074,4.886,2.271,0.934,0.246,0.174,5.92,2.562,1.74,0.48,0.211,0.393,0.133,0.095,0.038,0.022,7.391,3.629,1.469,0.571,0.28,2.551,1.293,0.818,0.245,0.187,11.48,3.791,3.173,0.74,0.35,18.568,4.525,2.787,0.764,0.42,27.178,4.64,3.912,0.634,0.351
1761327750,2025-10-24,neutral,28.463,2.149,2.751,0.325,0.273,87.96,3.225,3.297,1.34,0.242,8.992,1.641,2.233,0.298,0.172,14.172,2.926,2.403,0.449,0.166,4.787,2.784,1.56,0.311,0.136,1.192,0.722,0.377,0.137,0.072,5.12,2.404,1.049,0.242,0.176,6.34,2.72,1.791,0.475,0.199,0.481,0.169,0.137,0.043,0.027,7.127,3.632,1.409,0.572,0.284,3.513,1.398,0.88,0.217,0.191,14.724,4.219,3.48,0.715,0.338,24.495,4.738,3.101,0.824,0.404,42.679,4.887,4.448,0.642,0.356
1761327750,2025-10-24,neutral,38.562,2.21,2.99,0.296,0.281,153.902,4.016,4.288,1.925,0.3,11.654,1.543,2.189,0.248,0.15,17.453,2.776,2.472,0.376,0.217,5.083,2.563,1.526,0.308,0.137,1.241,0.656,0.348,0.129,0.072,4.918,2.32,1.065,0.23,0.176,6.203,2.64,1.676,0.448,0.183,0.542,0.204,0.177,0.052,0.034,9.122,4.364,1.401,0.68,0.319,4.376,1.395,0.917,0.197,0.185,17.31,4.282,3.416,0.656,0.322,29.425,4.542,3.132,0.896,0.382,57.924,4.73,4.595,0.662,0.356
1761327750,2025-10-24,neutral,45.303,2.108,2.941,0.274,0.279,222.065,4.62,5.183,2.521,0.367,13.53,1.331,1.946,0.208,0.137,19.246,2.389,2.32,0.317,0.287,5.119,2.134,1.326,0.299,0.144,1.305,0.541,0.293,0.116,0.072,4.396,2.047,0.979,0.221,0.175,5.583,2.344,1.442,0.422,0.168,0.573,0.233,0.207,0.064,0.045,35.577,11.605,3.842,1.647,0.56,4.903,1.285,0.954,0.197,0.173,18.515,3.954,3.017,0.597,0.306,31.883,4.04,2.89,0.982,0.354,68.381,4.239,4.336,0.707,0.351
1761327750,2025-10-24,neutral,46.136,1.888,2.613,0.274,0.265,271.268,4.873,5.702,2.946,0.425,13.875,1.07,1.573,0.196,0.133,18.738,1.893,1.983,0.3,0.359,4.777,1.627,1.024,0.295,0.153,1.216,0.409,0.23,0.104,0.072,3.61,1.668,0.82,0.229,0.17,4.579,1.913,1.166,0.413,0.155,0.599,0.253,0.219,0.081,0.06,116.605,35.016,12.732,4.718,1.31,4.884,1.102,0.997,0.222,0.158,17.777,3.337,2.412,0.563,0.293,30.96,3.422,2.462,1.075,0.326,70.204,3.6,3.751,0.783,0.341
1761327750,2025-10-24,neutral,40.828,1.622,2.097,0.299,0.241,283.572,4.683,5.635,3.039,0.454,12.587,0.83,1.165,0.212,0.135,16.069,1.428,1.553,0.33,0.411,3.898,1.158,0.706,0.303,0.161,1.061,0.29,0.177,0.098,0.069,2.786,1.284,0.638,0.26,0.162,3.463,1.447,0.915,0.425,0.144,0.666,0.266,0.214,0.1,0.076,289.892,80.753,30.619,10.645,2.761,4.338,0.899,1.031,0.262,0.145,15.368,2.603,1.767,0.559,0.282,26.804,2.858,1.97,1.143,0.301,62.75,3.006,3,0.874,0.324
1761327750,2025-10-24,neutral,31.063,1.373,1.531,0.339,0.21,256.367,4.082,4.955,2.752,0.441,10.019,0.656,0.812,0.245,0.139,11.926,1.086,1.138,0.384,0.428,3.167,0.796,0.445,0.321,0.163,0.882,0.203,0.142,0.099,0.064,1.986,0.975,0.478,0.309,0.15,2.441,1.034,0.732,0.444,0.132,0.773,0.275,0.198,0.117,0.089,528.073,144.766,55.912,18.856,4.785,3.412,0.714,1.023,0.299,0.135,11.934,1.922,1.226,0.566,0.269,20.702,2.423,1.523,1.151,0.283,48.488,2.568,2.263,0.947,0.301
1761327750,2025-10-24,neutral,20.063,1.158,1.053,0.377,0.176,197.073,3.211,3.845,2.175,0.389,7.033,0.549,0.569,0.273,0.142,7.615,0.886,0.831,0.427,0.406,2.1,0.555,0.282,0.344,0.16,0.657,0.154,0.126,0.104,0.058,1.389,0.776,0.368,0.359,0.135,1.738,0.72,0.622,0.451,0.119,0.92,0.283,0.179,0.126,0.098,794.28,211.966,82.556,27.37,6.901,2.454,0.567,0.949,0.318,0.129,8.53,1.397,0.867,0.561,0.253,14.52,2.095,1.177,1.077,0.27,32.234,2.279,1.679,0.975,0.27
1761327751,2025-10-24,neutral,10.846,0.965,0.747,0.398,0.145,127.645,2.273,2.62,1.492,0.313,4.455,0.474,0.439,0.285,0.141,4.178,0.775,0.666,0.437,0.355,1.656,0.407,0.208,0.362,0.153,0.575,0.142,0.12,0.108,0.052,1.015,0.675,0.308,0.393,0.122,1.411,0.507,0.561,0.431,0.105,1.042,0.289,0.162,0.127,0.099,988.514,260.728,102.088,33.527,8.446,1.663,0.456,0.81,0.31,0.126,5.914,1.038,0.693,0.531,0.236,9.657,1.798,0.929,0.93,0.261,18.482,2.043,1.305,0.94,0.235
1761327751,2025-10-24,neutral,4.931,0.79,0.624,0.396,0.121,66.321,1.46,1.597,0.894,0.236,2.681,0.398,0.398,0.28,0.136,2.055,0.697,0.624,0.411,0.295,1.123,0.318,0.203,0.37,0.148,0.475,0.155,0.116,0.108,0.048,0.811,0.638,0.274,0.397,0.111,1.319,0.38,0.527,0.381,0.095,1.084,0.289,0.149,0.118,0.093,1046.119,274.593,107.922,35.197,8.88,1.174,0.367,0.635,0.277,0.124,4.221,0.81,0.667,0.479,0.22,6.632,1.477,0.753,0.744,0.253,9.53,1.766,1.125,0.848,0.203
1761327751,2025-10-24,neutral,2.314,0.662,0.643,0.374,0.108,26.291,0.914,0.958,0.5,0.175,1.809,0.313,0.424,0.266,0.126,1.202,0.628,0.662,0.368,0.242,1.049,0.264,0.245,0.365,0.149,0.484,0.182,0.111,0.102,0.049,0.731,0.638,0.249,0.371,0.104,1.37,0.315,0.525,0.314,0.092,1.023,0.278,0.137,0.103,0.083,954.663,249.146,97.906,31.793,8.051,0.984,0.29,0.469,0.229,0.121,3.391,0.676,0.769,0.424,0.205,5.27,1.163,0.669,0.576,0.244,5.457,1.455,1.114,0.732,0.177
1761327751,2025-10-24,neutral,1.582,0.612,0.733,0.35,0.106,7.044,0.63,0.691,0.316,0.142,1.454,0.234,0.502,0.259,0.113,1.007,0.565,0.734,0.334,0.207,0.933,0.237,0.332,0.356,0.156,0.465,0.206,0.108,0.096,0.053,0.697,0.66,0.231,0.324,0.099,1.43,0.307,0.569,0.249,0.094,0.845,0.258,0.123,0.084,0.071,751.537,194.32,75.562,24.594,6.272,0.987,0.224,0.358,0.183,0.114,2.948,0.616,0.972,0.387,0.193,4.632,0.899,0.702,0.48,0.232,4.115,1.149,1.235,0.642,0.159
1761327751,2025-10-24,neutral,1.662,0.703,0.833,0.354,0.124,1.518,0.486,0.633,0.264,0.132,1.291,0.183,0.613,0.264,0.098,0.994,0.515,0.789,0.321,0.188,0.863,0.23,0.44,0.35,0.168,0.435,0.215,0.109,0.093,0.06,0.647,0.698,0.206,0.275,0.095,1.389,0.348,0.645,0.205,0.099,0.629,0.231,0.107,0.068,0.06,520.493,129.858,48.612,16.093,4.162,1.11,0.178,0.312,0.147,0.104,2.624,0.614,1.214,0.374,0.182,4,0.711,0.824,0.472,0.219,3.549,0.893,1.394,0.605,0.147
1761327751,2025-10-24,neutral,2.228,0.987,0.921,0.418,0.167,0.507,0.397,0.606,0.256,0.139,1.182,0.167,0.736,0.28,0.085,0.987,0.472,0.802,0.327,0.178,0.767,0.235,0.543,0.352,0.181,0.4,0.204,0.114,0.095,0.067,0.57,0.748,0.181,0.237,0.091,1.234,0.425,0.739,0.195,0.102,0.418,0.204,0.095,0.055,0.052,333.492,75.348,25.059,8.794,2.351,1.337,0.157,0.32,0.124,0.092,2.379,0.636,1.427,0.378,0.172,3.186,0.599,0.986,0.531,0.208,3.016,0.702,1.517,0.619,0.14
1761327751,2025-10-24,neutral,3.413,1.44,0.995,0.556,0.24,0.534,0.33,0.541,0.255,0.153,1.179,0.178,0.855,0.301,0.076,1.04,0.44,0.785,0.344,0.17,0.688,0.252,0.608,0.362,0.19,0.354,0.183,0.125,0.101,0.07,0.521,0.818,0.174,0.218,0.087,1.087,0.554,0.836,0.215,0.101,0.271,0.187,0.091,0.048,0.048,227.812,41.481,9.905,4.148,1.208,1.663,0.163,0.363,0.115,0.08,2.353,0.654,1.553,0.387,0.161,2.448,0.561,1.143,0.621,0.202,2.666,0.58,1.578,0.66,0.136
1761327751,2025-10-24,neutral,5.14,1.968,1.059,0.75,0.329,0.61,0.282,0.462,0.254,0.17,1.369,0.195,0.946,0.318,0.074,1.262,0.417,0.765,0.368,0.163,0.778,0.292,0.616,0.373,0.191,0.384,0.166,0.141,0.11,0.069,0.585,0.907,0.211,0.217,0.084,1.144,0.767,0.928,0.254,0.096,0.194,0.187,0.097,0.049,0.046,193.029,26.867,3.315,2.134,0.726,2.037,0.199,0.415,0.12,0.07,2.739,0.68,1.565,0.398,0.151,2.104,0.642,1.259,0.708,0.207,2.675,0.557,1.577,0.698,0.137
1761327752,2025-10-24,neutral,6.923,2.449,1.099,0.948,0.414,0.834,0.278,0.388,0.252,0.185,1.781,0.216,0.994,0.326,0.08,1.701,0.405,0.755,0.399,0.159,1.042,0.353,0.568,0.375,0.185,0.437,0.165,0.161,0.119,0.066,0.792,1.009,0.325,0.226,0.083,1.556,1.076,1.031,0.295,0.09,0.172,0.207,0.107,0.056,0.046,182.934,22.567,1.944,1.68,0.63,2.38,0.259,0.455,0.139,0.064,3.646,0.747,1.476,0.412,0.143,2.398,0.909,1.308,0.781,0.227,3.142,0.688,1.522,0.72,0.146
1761327752,2025-10-24,pull,8.349,2.822,1.1,1.089,0.469,1.266,0.342,0.336,0.255,0.198,2.454,0.286,1.002,0.323,0.092,2.44,0.417,0.757,0.435,0.16,1.537,0.432,0.486,0.365,0.172,0.568,0.182,0.177,0.128,0.062,1.16,1.107,0.523,0.234,0.086,2.38,1.462,1.158,0.324,0.089,0.185,0.241,0.114,0.067,0.046,160.066,19.661,2.01,1.618,0.619,2.621,0.34,0.465,0.167,0.061,5.176,0.935,1.321,0.428,0.14,3.434,1.426,1.267,0.846,0.262,4.164,1.084,1.427,0.73,0.168
1761327752,2025-10-24,pull,9.106,3.11,1.06,1.129,0.48,1.879,0.492,0.313,0.272,0.211,3.336,0.462,0.99,0.31,0.106,3.369,0.453,0.758,0.476,0.165,2.121,0.515,0.405,0.346,0.156,0.692,0.209,0.187,0.136,0.059,1.62,1.172,0.784,0.238,0.095,3.517,1.861,1.307,0.334,0.096,0.227,0.275,0.113,0.078,0.046,115.366,15.312,1.988,1.478,0.573,2.735,0.439,0.438,0.201,0.062,7.246,1.32,1.152,0.444,0.147,5.088,2.172,1.135,0.91,0.307,5.774,1.836,1.319,0.752,0.203
1761327752,2025-10-24,pull,9.182,3.38,1.012,1.062,0.445,2.666,0.736,0.325,0.304,0.224,4.262,0.769,0.988,0.292,0.12,4.316,0.51,0.75,0.51,0.174,2.667,0.587,0.354,0.325,0.142,0.8,0.233,0.187,0.142,0.061,2.077,1.183,1.051,0.237,0.107,4.704,2.181,1.448,0.328,0.114,0.286,0.297,0.105,0.087,0.044,70.883,11.238,1.834,1.268,0.503,2.722,0.547,0.383,0.234,0.064,9.481,1.903,1.013,0.451,0.165,6.993,3.024,0.944,0.974,0.348,7.834,2.94,1.27,0.807,0.246
1761327752,2025-10-24,pull,8.846,3.668,1.016,0.917,0.377,3.535,1.058,0.368,0.344,0.235,5.03,1.168,1.009,0.271,0.129,5.055,0.575,0.726,0.523,0.186,3.019,0.627,0.337,0.31,0.136,0.846,0.244,0.176,0.145,0.066,2.431,1.128,1.251,0.229,0.12,5.651,2.325,1.534,0.309,0.137,0.361,0.294,0.091,0.09,0.041,38.764,8.443,1.613,1.059,0.428,2.624,0.645,0.317,0.262,0.067,11.424,2.567,0.931,0.444,0.189,8.717,3.766,0.75,1.024,0.372,10.162,4.238,1.357,0.895,0.286
1761327752,2025-10-24,pull,8.319,3.936,1.108,0.743,0.3,4.236,1.407,0.428,0.376,0.242,5.377,1.552,1.045,0.251,0.134,5.377,0.625,0.683,0.505,0.195,3.092,0.625,0.341,0.308,0.14,0.82,0.239,0.157,0.142,0.074,2.594,1.019,1.331,0.213,0.129,6.06,2.237,1.529,0.286,0.159,0.413,0.266,0.077,0.088,0.037,19.223,7.04,1.413,0.899,0.366,2.447,0.709,0.265,0.281,0.072,12.436,3.101,0.905,0.421,0.212,9.739,4.165,0.604,1.037,0.371,12.158,5.404,1.6,0.986,0.314
1761327752,2025-10-24,neutral,7.762,4.048,1.265,0.59,0.232,4.701,1.693,0.478,0.387,0.24,5.186,1.791,1.067,0.237,0.133,5.245,0.647,0.621,0.46,0.2,2.927,0.585,0.344,0.319,0.15,0.742,0.224,0.133,0.133,0.081,2.555,0.882,1.272,0.192,0.131,5.879,1.958,1.419,0.268,0.173,0.449,0.218,0.064,0.082,0.032,12.073,6.31,1.332,0.813,0.324,2.229,0.72,0.236,0.288,0.079,12.228,3.31,0.914,0.394,0.227,9.81,4.078,0.533,1.001,0.345,13.323,6.088,1.933,1.041,0.322
1761327752,2025-10-24,neutral,7.107,3.892,1.417,0.484,0.185,4.653,1.84,0.494,0.371,0.228,4.459,1.801,1.044,0.234,0.13,4.703,0.669,0.548,0.407,0.198,2.885,0.517,0.334,0.339,0.161,0.695,0.205,0.108,0.119,0.085,2.307,0.752,1.097,0.17,0.124,5.188,1.603,1.228,0.261,0.177,0.43,0.164,0.055,0.073,0.028,9.611,5.512,1.379,0.798,0.303,1.934,0.683,0.229,0.283,0.088,10.766,3.135,0.94,0.38,0.233,8.869,3.544,0.545,0.927,0.303,13.229,6.097,2.234,1.037,0.309
1761327753,2025-10-24,neutral,6.255,3.434,1.493,0.424,0.156,4.265,1.801,0.466,0.335,0.207,3.412,1.595,0.968,0.248,0.126,3.969,0.725,0.476,0.369,0.19,3.085,0.446,0.317,0.358,0.168,0.686,0.19,0.088,0.102,0.085,1.952,0.657,0.859,0.156,0.11,4.296,1.3,1.004,0.268,0.173,0.391,0.114,0.046,0.063,0.023,9.019,4.398,1.558,0.842,0.297,1.605,0.626,0.229,0.269,0.099,8.518,2.654,0.978,0.394,0.23,7.265,2.739,0.62,0.846,0.262,11.94,5.442,2.387,0.976,0.279
1761327753,2025-10-24,neutral,5.169,2.75,1.436,0.39,0.139,3.539,1.593,0.397,0.288,0.179,2.337,1.268,0.855,0.272,0.121,3.206,0.833,0.414,0.359,0.179,4.255,0.382,0.296,0.368,0.166,0.916,0.176,0.073,0.087,0.081,1.6,0.603,0.623,0.153,0.093,3.506,1.137,0.802,0.289,0.166,0.312,0.079,0.039,0.053,0.02,9.399,3.139,1.787,0.926,0.296,1.259,0.588,0.221,0.249,0.11,6.127,2.057,1.016,0.44,0.221,5.509,1.922,0.709,0.792,0.233,9.876,4.351,2.313,0.887,0.241
1761327753,2025-10-24,neutral,3.994,2.019,1.243,0.363,0.128,2.819,1.289,0.305,0.244,0.151,1.519,0.955,0.735,0.297,0.115,2.581,0.989,0.364,0.37,0.168,5.896,0.342,0.278,0.367,0.155,1.227,0.163,0.063,0.076,0.075,1.381,0.572,0.431,0.158,0.079,3.035,1.123,0.652,0.319,0.161,0.23,0.059,0.035,0.043,0.017,10.773,2.029,1.933,1.025,0.292,0.98,0.599,0.2,0.228,0.119,4.235,1.552,1.043,0.507,0.208,4.108,1.322,0.765,0.777,0.219,7.693,3.167,2.02,0.8,0.204
1761327753,2025-10-24,neutral,3.029,1.434,0.961,0.338,0.122,2.231,0.986,0.218,0.212,0.126,1.099,0.76,0.636,0.309,0.107,2.139,1.176,0.325,0.387,0.158,8.099,0.321,0.257,0.356,0.138,1.724,0.146,0.054,0.071,0.069,1.322,0.542,0.294,0.164,0.072,2.875,1.203,0.559,0.346,0.16,0.155,0.051,0.038,0.035,0.015,11.972,1.29,1.915,1.106,0.278,0.82,0.665,0.172,0.21,0.126,3.138,1.276,1.041,0.566,0.194,3.307,1.065,0.765,0.787,0.217,5.92,2.213,1.595,0.729,0.175
1761327753,2025-10-24,neutral,2.401,1.094,0.674,0.312,0.122,1.876,0.761,0.157,0.196,0.11,1.026,0.713,0.57,0.298,0.098,1.841,1.359,0.293,0.391,0.151,9.926,0.317,0.232,0.343,0.125,2.105,0.127,0.046,0.07,0.065,1.397,0.502,0.203,0.164,0.074,2.913,1.303,0.517,0.358,0.163,0.098,0.051,0.049,0.03,0.014,12.873,0.968,1.722,1.137,0.255,0.77,0.763,0.151,0.195,0.128,2.747,1.242,1.004,0.59,0.18,3.051,1.145,0.728,0.79,0.218,4.757,1.652,1.166,0.668,0.157
1761327753,2025-10-24,neutral,2.072,0.981,0.454,0.28,0.128,1.761,0.635,0.135,0.194,0.102,1.159,0.775,0.531,0.263,0.09,1.693,1.503,0.264,0.372,0.148,10.891,0.318,0.2,0.333,0.123,2.348,0.106,0.04,0.071,0.065,1.552,0.455,0.143,0.157,0.081,3.034,1.371,0.509,0.347,0.167,0.069,0.055,0.067,0.03,0.015,12.658,1.001,1.478,1.11,0.231,0.791,0.863,0.149,0.184,0.127,2.791,1.373,0.928,0.567,0.168,3.19,1.502,0.707,0.764,0.223,4.117,1.459,0.837,0.605,0.154
1761327753,2025-10-24,neutral,1.978,1.014,0.322,0.249,0.14,1.779,0.579,0.145,0.202,0.105,1.385,0.889,0.494,0.214,0.087,1.774,1.578,0.23,0.333,0.153,10.739,0.318,0.161,0.33,0.135,2.305,0.088,0.038,0.072,0.07,1.726,0.424,0.107,0.147,0.091,3.164,1.394,0.517,0.314,0.171,0.063,0.063,0.085,0.033,0.02,12.146,1.378,1.414,1.084,0.222,0.857,0.951,0.167,0.178,0.126,3.097,1.583,0.811,0.507,0.163,3.738,2.084,0.744,0.714,0.248,3.833,1.499,0.634,0.54,0.174
1761327753,2025-10-24,neutral,2.117,1.149,0.255,0.23,0.159,1.921,0.546,0.171,0.216,0.114,1.742,1.037,0.445,0.167,0.09,2.159,1.567,0.194,0.287,0.169,9.543,0.314,0.123,0.331,0.159,2.044,0.076,0.039,0.072,0.08,1.959,0.431,0.085,0.137,0.099,3.422,1.421,0.528,0.269,0.174,0.078,0.071,0.095,0.037,0.026,12.019,2.183,1.766,1.188,0.244,1.022,1.032,0.2,0.178,0.127,3.763,1.884,0.661,0.432,0.168,5.048,2.885,0.854,0.665,0.309,3.887,1.711,0.523,0.491,0.22
1761327754,2025-10-24,neutral,2.511,1.395,0.22,0.238,0.184,2.087,0.509,0.203,0.234,0.127,2.323,1.223,0.382,0.137,0.099,2.824,1.479,0.163,0.249,0.197,8.09,0.321,0.092,0.33,0.187,1.697,0.074,0.045,0.07,0.092,2.286,0.488,0.072,0.131,0.107,3.969,1.529,0.538,0.226,0.177,0.101,0.076,0.096,0.041,0.033,13.317,3.447,2.648,1.524,0.301,1.298,1.11,0.236,0.187,0.131,5.033,2.343,0.517,0.369,0.187,7.284,3.863,1.018,0.65,0.411,4.361,2.127,0.461,0.48,0.292
1761327754,2025-10-24,neutral,3.07,1.75,0.206,0.279,0.213,2.249,0.471,0.234,0.256,0.139,3.085,1.434,0.318,0.127,0.115,3.629,1.344,0.156,0.229,0.233,6.615,0.353,0.08,0.318,0.209,1.349,0.082,0.057,0.066,0.103,2.746,0.578,0.067,0.129,0.114,4.806,1.737,0.541,0.196,0.181,0.121,0.074,0.085,0.042,0.038,15.89,4.969,3.922,2.085,0.381,1.657,1.174,0.263,0.206,0.138,6.792,2.937,0.413,0.333,0.219,10.01,4.855,1.184,0.677,0.537,5.175,2.756,0.437,0.52,0.379
1761327754,2025-10-24,neutral,3.779,2.146,0.217,0.344,0.238,2.355,0.447,0.262,0.279,0.147,3.943,1.616,0.27,0.133,0.134,4.499,1.185,0.186,0.227,0.269,6.298,0.407,0.097,0.295,0.218,1.238,0.097,0.077,0.061,0.109,3.304,0.659,0.076,0.129,0.119,5.825,1.969,0.54,0.184,0.181,0.133,0.067,0.067,0.039,0.039,19.105,6.341,5.179,2.734,0.459,2.034,1.202,0.275,0.233,0.146,8.845,3.503,0.372,0.325,0.257,12.7,5.576,1.295,0.726,0.654,6.301,3.474,0.476,0.597,0.462
1761327754,2025-10-24,neutral,4.32,2.473,0.259,0.413,0.254,2.381,0.441,0.289,0.3,0.147,4.619,1.712,0.25,0.145,0.154,5.129,1.029,0.251,0.239,0.295,9.822,0.792,0.152,0.274,0.214,1.999,0.185,0.105,0.059,0.109,3.845,0.703,0.109,0.127,0.123,6.693,2.111,0.544,0.19,0.177,0.133,0.055,0.047,0.033,0.036,21.671,7.171,5.963,3.262,0.512,2.279,1.167,0.268,0.262,0.152,10.486,3.827,0.396,0.335,0.294,14.39,5.765,1.307,0.762,0.723,7.256,4.068,0.602,0.679,0.523
1761327754,2025-10-24,neutral,4.49,2.616,0.325,0.474,0.257,2.267,0.452,0.312,0.318,0.142,4.888,1.68,0.257,0.159,0.173,5.416,0.901,0.329,0.259,0.306,21.188,2.157,0.242,0.28,0.199,4.526,0.491,0.138,0.061,0.103,4.22,0.716,0.166,0.123,0.124,7.097,2.072,0.553,0.211,0.167,0.127,0.044,0.031,0.026,0.03,23.406,7.275,5.974,3.502,0.53,2.26,1.053,0.245,0.284,0.156,11.152,3.749,0.462,0.359,0.325,14.486,5.314,1.205,0.766,0.723,7.669,4.328,0.795,0.74,0.548
1761327754,2025-10-24,neutral,4.325,2.526,0.398,0.527,0.248,2.137,0.476,0.33,0.337,0.135,4.72,1.512,0.282,0.18,0.192,5.48,0.817,0.399,0.294,0.303,42.153,4.977,0.357,0.332,0.178,9.253,1.128,0.168,0.074,0.092,4.471,0.711,0.242,0.122,0.123,6.963,1.828,0.564,0.25,0.152,0.117,0.037,0.021,0.019,0.024,23.988,6.762,5.184,3.401,0.52,1.966,0.881,0.218,0.299,0.158,10.729,3.234,0.546,0.416,0.347,13.025,4.368,1.02,0.751,0.655,7.638,4.186,1.004,0.786,0.539
1761327754,2025-10-24,neutral,4.292,2.274,0.464,0.582,0.233,2.156,0.524,0.349,0.362,0.132,4.417,1.285,0.315,0.218,0.207,5.663,0.796,0.448,0.353,0.291,70.958,9.076,0.465,0.439,0.16,15.774,2.064,0.187,0.1,0.08,4.751,0.726,0.33,0.137,0.121,6.63,1.489,0.577,0.314,0.137,0.118,0.037,0.018,0.016,0.02,24.238,5.969,3.871,3.037,0.5,1.621,0.718,0.198,0.309,0.161,9.957,2.497,0.641,0.533,0.359,11.419,3.401,0.838,0.751,0.546,8.074,3.818,1.17,0.841,0.505
1761327754,2025-10-24,neutral,4.721,2,0.526,0.642,0.216,2.584,0.615,0.395,0.398,0.139,4.264,1.115,0.355,0.277,0.217,6.015,0.853,0.485,0.442,0.277,101.242,13.482,0.563,0.583,0.147,22.659,3.087,0.194,0.138,0.071,5.162,0.806,0.435,0.181,0.12,6.483,1.231,0.595,0.406,0.127,0.145,0.044,0.021,0.017,0.019,24.162,5.298,2.516,2.564,0.49,1.496,0.636,0.2,0.32,0.169,9.577,1.865,0.77,0.724,0.366,11.055,2.907,0.764,0.794,0.433,9.694,3.497,1.276,0.931,0.464
1761327755,2025-10-24,neutral,5.722,1.839,0.601,0.701,0.203,3.391,0.751,0.503,0.439,0.158,4.459,1.087,0.41,0.352,0.221,6.553,0.984,0.532,0.552,0.268,126.217,16.797,0.649,0.726,0.141,28.406,3.879,0.191,0.182,0.066,5.704,0.978,0.576,0.255,0.124,6.765,1.197,0.625,0.516,0.127,0.196,0.058,0.028,0.021,0.022,24.245,4.999,1.511,2.14,0.499,1.753,0.671,0.231,0.334,0.181,10.077,1.612,0.964,0.968,0.371,12.589,3.108,0.858,0.876,0.349,12.678,3.443,1.335,1.058,0.433
1761327755,2025-10-24,neutral,7.02,1.85,0.718,0.739,0.198,4.475,0.898,0.687,0.476,0.187,4.916,1.195,0.488,0.424,0.222,7.111,1.15,0.613,0.658,0.267,131.266,17.896,0.74,0.825,0.14,29.484,4.18,0.194,0.223,0.067,6.225,1.227,0.761,0.349,0.136,7.396,1.401,0.673,0.62,0.138,0.26,0.073,0.035,0.028,0.026,23.857,5.061,1.024,1.862,0.523,2.329,0.796,0.287,0.346,0.198,11.282,1.788,1.235,1.205,0.376,15.423,3.809,1.123,0.963,0.311,16.294,3.693,1.414,1.192,0.423
1761327755,2025-10-24,neutral,8.108,1.99,0.901,0.734,0.203,5.457,1.003,0.926,0.495,0.221,5.326,1.344,0.585,0.469,0.22,7.356,1.293,0.742,0.728,0.273,120.083,16.393,0.844,0.848,0.141,27.146,3.886,0.215,0.249,0.073,6.491,1.49,0.972,0.439,0.153,7.967,1.72,0.736,0.687,0.156,0.314,0.085,0.043,0.033,0.03,22.668,5.313,1.008,1.75,0.55,2.965,0.932,0.355,0.348,0.218,12.424,2.195,1.547,1.358,0.382,18.064,4.529,1.496,1.006,0.318,19.258,4.093,1.595,1.282,0.434
1761327755,2025-10-24,neutral,8.613,2.151,1.135,0.681,0.216,6.069,1.035,1.173,0.488,0.252,5.4,1.419,0.686,0.472,0.218,7.144,1.373,0.915,0.737,0.28,94.374,12.896,0.947,0.79,0.141,21.23,3.121,0.256,0.255,0.081,6.275,1.696,1.161,0.5,0.171,8.048,1.982,0.8,0.692,0.178,0.343,0.09,0.048,0.037,0.032,20.911,5.566,1.264,1.766,0.571,3.35,1.008,0.426,0.333,0.236,12.717,2.53,1.819,1.371,0.382,19.034,4.815,1.875,0.978,0.356,20.521,4.4,1.909,1.285,0.461
1761327755,2025-10-24,neutral,8.355,2.236,1.359,0.59,0.233,6.079,0.996,1.36,0.454,0.276,4.986,1.357,0.765,0.431,0.215,6.404,1.375,1.098,0.683,0.284,61.173,8.584,1.027,0.676,0.139,13.841,2.149,0.309,0.243,0.086,5.555,1.791,1.273,0.513,0.184,7.398,2.068,0.844,0.63,0.198,0.34,0.087,0.054,0.039,0.033,18.972,5.797,1.619,1.854,0.582,3.31,0.999,0.486,0.299,0.249,11.748,2.592,1.972,1.239,0.374,17.696,4.503,2.164,0.887,0.409,19.578,4.423,2.298,1.19,0.492
1761327755,2025-10-24,neutral,7.478,2.19,1.497,0.489,0.248,5.523,0.91,1.433,0.4,0.288,4.207,1.172,0.801,0.362,0.211,5.348,1.311,1.246,0.585,0.282,33.2,4.809,1.064,0.548,0.138,7.477,1.28,0.355,0.218,0.087,4.487,1.751,1.271,0.48,0.189,6.122,1.977,0.854,0.522,0.211,0.309,0.08,0.062,0.042,0.033,17.215,6.071,1.971,1.97,0.585,2.909,0.927,0.528,0.255,0.253,9.751,2.387,1.96,1.011,0.354,14.54,3.754,2.301,0.775,0.457,16.822,4.104,2.634,1.029,0.513
1761327755,2025-10-24,neutral,6.217,1.997,1.489,0.407,0.255,4.522,0.815,1.37,0.341,0.288,3.293,0.928,0.782,0.29,0.207,4.095,1.215,1.315,0.479,0.274,15.105,2.385,1.029,0.444,0.138,3.388,0.704,0.373,0.189,0.083,3.305,1.581,1.149,0.419,0.187,4.576,1.772,0.834,0.401,0.215,0.264,0.07,0.073,0.046,0.034,16.352,6.391,2.256,2.062,0.584,2.368,0.828,0.54,0.21,0.246,7.347,2.021,1.786,0.768,0.326,10.796,2.819,2.248,0.684,0.483,13.127,3.48,2.776,0.86,0.512
1761327755,2025-10-24,neutral,4.99,1.705,1.358,0.359,0.25,3.396,0.735,1.201,0.291,0.276,2.555,0.693,0.725,0.237,0.202,2.99,1.104,1.294,0.394,0.258,8.898,1.327,0.927,0.381,0.142,1.926,0.43,0.355,0.164,0.075,2.319,1.303,0.946,0.355,0.181,3.164,1.504,0.805,0.302,0.209,0.222,0.064,0.09,0.051,0.037,15.672,6.608,2.414,2.055,0.577,1.947,0.743,0.52,0.172,0.228,5.288,1.639,1.534,0.58,0.294,7.748,1.997,2.079,0.638,0.482,9.66,2.709,2.699,0.732,0.49
1761327756,2025-10-24,neutral,3.946,1.393,1.174,0.346,0.232,2.372,0.664,0.984,0.259,0.257,2.071,0.519,0.655,0.213,0.199,2.064,0.981,1.199,0.341,0.238,10.054,1.067,0.776,0.354,0.148,2.124,0.336,0.305,0.145,0.067,1.571,0.967,0.719,0.308,0.174,2.113,1.217,0.785,0.243,0.196,0.194,0.062,0.111,0.057,0.041,15.252,6.493,2.411,1.898,0.562,1.794,0.704,0.473,0.146,0.205,3.912,1.368,1.304,0.479,0.268,6.208,1.529,1.903,0.63,0.465,7.071,2.021,2.479,0.666,0.457
1761327756,2025-10-24,neutral,3.308,1.178,1.009,0.35,0.209,1.605,0.597,0.782,0.244,0.235,1.911,0.463,0.594,0.213,0.197,1.406,0.873,1.066,0.317,0.217,13.216,1,0.612,0.345,0.155,2.787,0.289,0.24,0.129,0.062,1.118,0.647,0.521,0.281,0.168,1.562,0.954,0.778,0.223,0.183,0.181,0.068,0.133,0.062,0.046,14.412,5.928,2.229,1.601,0.54,1.954,0.729,0.408,0.132,0.182,3.399,1.319,1.16,0.452,0.254,6.682,1.609,1.812,0.638,0.454,5.814,1.685,2.221,0.653,0.432
1761327756,2025-10-24,neutral,3.081,1.148,0.908,0.353,0.188,1.12,0.533,0.638,0.238,0.217,1.935,0.565,0.55,0.224,0.199,0.962,0.819,0.938,0.311,0.202,15.02,0.943,0.49,0.341,0.162,3.162,0.246,0.184,0.117,0.062,0.842,0.417,0.381,0.268,0.162,1.342,0.767,0.765,0.227,0.176,0.181,0.079,0.151,0.063,0.05,13.388,5.028,1.9,1.242,0.517,2.276,0.819,0.339,0.13,0.164,3.419,1.529,1.103,0.461,0.255,8.684,2.253,1.825,0.638,0.469,5.683,1.855,2.005,0.659,0.431
1761327756,2025-10-24,neutral,3.24,1.288,0.864,0.345,0.176,0.882,0.478,0.56,0.234,0.207,2.007,0.822,0.511,0.231,0.202,0.71,0.851,0.841,0.312,0.198,15.13,0.919,0.418,0.332,0.168,3.211,0.215,0.146,0.105,0.065,0.695,0.318,0.292,0.254,0.155,1.272,0.693,0.718,0.24,0.181,0.183,0.091,0.158,0.058,0.051,11.891,4.079,1.494,0.92,0.499,2.578,0.948,0.28,0.139,0.154,3.615,1.931,1.072,0.47,0.268,11.404,3.248,1.88,0.619,0.516,6.308,2.438,1.837,0.653,0.458
1761327756,2025-10-24,neutral,3.663,1.506,0.839,0.329,0.178,0.815,0.454,0.533,0.232,0.206,2.046,1.172,0.461,0.228,0.206,0.612,0.972,0.783,0.319,0.205,13.213,0.924,0.385,0.32,0.175,2.828,0.2,0.13,0.094,0.07,0.644,0.34,0.235,0.235,0.146,1.259,0.732,0.625,0.252,0.198,0.189,0.104,0.152,0.051,0.049,10.274,3.277,1.098,0.703,0.486,2.733,1.067,0.247,0.156,0.151,3.763,2.371,1.002,0.467,0.286,13.873,4.212,1.885,0.586,0.582,7.211,3.153,1.672,0.619,0.503
1761327756,2025-10-24,neutral,4.02,1.69,0.797,0.311,0.187,0.856,0.476,0.535,0.234,0.211,1.936,1.515,0.392,0.216,0.204,0.59,1.157,0.753,0.337,0.219,9.854,0.96,0.369,0.311,0.181,2.158,0.205,0.127,0.084,0.074,0.668,0.43,0.193,0.212,0.135,1.224,0.844,0.499,0.261,0.221,0.191,0.116,0.137,0.044,0.047,8.317,2.719,0.781,0.594,0.476,2.644,1.12,0.244,0.179,0.154,3.646,2.684,0.869,0.457,0.302,15.002,4.787,1.777,0.548,0.643,7.744,3.682,1.464,0.556,0.546
1761327756,2025-10-24,neutral,4.035,1.743,0.721,0.299,0.199,0.874,0.531,0.546,0.242,0.218,1.681,1.756,0.316,0.198,0.193,0.605,1.353,0.731,0.366,0.235,6.412,1.008,0.351,0.308,0.183,1.457,0.224,0.126,0.077,0.074,0.706,0.538,0.168,0.192,0.124,1.15,0.978,0.382,0.266,0.238,0.189,0.129,0.117,0.04,0.044,6.318,2.402,0.563,0.553,0.458,2.333,1.083,0.273,0.204,0.158,3.269,2.783,0.708,0.448,0.308,14.241,4.754,1.546,0.511,0.672,7.534,3.821,1.196,0.477,0.565
1761327756,2025-10-24,neutral,3.675,1.645,0.635,0.295,0.206,0.888,0.59,0.55,0.255,0.217,1.389,1.839,0.266,0.185,0.173,0.714,1.504,0.706,0.403,0.245,3.713,1.045,0.326,0.308,0.177,0.893,0.247,0.121,0.07,0.071,0.753,0.62,0.169,0.181,0.111,1.052,1.08,0.321,0.268,0.241,0.177,0.144,0.1,0.042,0.045,4.47,2.198,0.44,0.528,0.424,1.905,0.974,0.321,0.226,0.16,2.825,2.671,0.6,0.441,0.298,11.874,4.158,1.253,0.475,0.654,6.659,3.571,0.905,0.399,0.548
1761327757,2025-10-24,neutral,3.107,1.446,0.581,0.295,0.204,0.865,0.627,0.539,0.266,0.205,1.222,1.762,0.27,0.179,0.146,0.973,1.567,0.681,0.438,0.243,2.704,1.044,0.301,0.303,0.163,0.693,0.261,0.109,0.063,0.064,0.805,0.65,0.197,0.181,0.099,0.999,1.108,0.344,0.269,0.223,0.161,0.162,0.092,0.05,0.049,3.094,1.952,0.397,0.495,0.373,1.492,0.842,0.37,0.237,0.16,2.623,2.42,0.609,0.435,0.273,8.737,3.26,0.989,0.438,0.591,5.536,3.091,0.66,0.337,0.495
1761327757,2025-10-24,neutral,2.576,1.227,0.593,0.294,0.196,0.871,0.629,0.526,0.271,0.185,1.255,1.587,0.344,0.182,0.118,1.382,1.527,0.67,0.46,0.227,3.913,1.008,0.285,0.285,0.143,0.968,0.262,0.093,0.057,0.058,0.871,0.628,0.241,0.191,0.088,0.992,1.064,0.436,0.268,0.188,0.139,0.18,0.094,0.063,0.057,2.155,1.668,0.405,0.467,0.312,1.184,0.737,0.401,0.238,0.155,2.769,2.145,0.749,0.426,0.238,5.772,2.411,0.831,0.402,0.499,4.596,2.596,0.53,0.301,0.419
1761327757,2025-10-24,neutral,2.28,1.059,0.664,0.284,0.182,0.926,0.611,0.524,0.262,0.161,1.501,1.389,0.467,0.189,0.098,1.868,1.412,0.68,0.457,0.204,6.162,0.983,0.287,0.256,0.124,1.46,0.261,0.077,0.051,0.053,0.961,0.574,0.281,0.206,0.08,1.049,0.973,0.553,0.264,0.147,0.123,0.198,0.106,0.079,0.065,1.782,1.455,0.445,0.471,0.255,1.017,0.686,0.401,0.225,0.147,3.256,1.927,0.966,0.414,0.202,3.753,1.86,0.79,0.37,0.4,4.152,2.225,0.521,0.289,0.337
1761327757,2025-10-24,neutral,2.186,0.954,0.755,0.263,0.167,1.073,0.583,0.532,0.238,0.141,1.821,1.21,0.594,0.192,0.094,2.298,1.249,0.697,0.428,0.185,7.961,1.036,0.308,0.223,0.109,1.854,0.275,0.065,0.048,0.052,1.073,0.518,0.301,0.219,0.077,1.13,0.863,0.648,0.256,0.112,0.106,0.208,0.12,0.094,0.072,1.694,1.408,0.501,0.535,0.217,0.923,0.676,0.374,0.203,0.135,3.804,1.765,1.178,0.402,0.173,2.742,1.624,0.82,0.344,0.313,4.093,1.973,0.589,0.295,0.264
1761327757,2025-10-24,neutral,3.073,0.947,0.836,0.235,0.156,1.722,0.559,0.546,0.206,0.13,2.216,1.065,0.685,0.192,0.104,2.81,1.069,0.711,0.38,0.179,9.684,1.174,0.332,0.196,0.103,2.227,0.307,0.057,0.049,0.055,1.18,0.479,0.296,0.226,0.081,1.201,0.741,0.691,0.247,0.09,0.096,0.208,0.131,0.102,0.074,1.871,1.523,0.561,0.663,0.211,0.886,0.667,0.335,0.175,0.121,4.351,1.602,1.306,0.397,0.157,2.983,1.547,0.882,0.32,0.254,5.921,1.85,0.707,0.31,0.213
1761327757,2025-10-24,neutral,6.476,1.154,0.904,0.211,0.151,3.548,0.576,0.564,0.177,0.128,2.83,0.942,0.722,0.193,0.124,3.776,0.911,0.72,0.327,0.189,9.973,1.322,0.342,0.182,0.104,2.276,0.34,0.053,0.055,0.059,1.257,0.456,0.27,0.226,0.089,1.232,0.601,0.694,0.244,0.084,0.084,0.193,0.131,0.102,0.07,2.33,1.726,0.625,0.833,0.24,0.939,0.622,0.304,0.147,0.109,5.082,1.397,1.33,0.406,0.155,5.228,1.49,0.985,0.303,0.231,12.796,2.047,0.881,0.331,0.191
1761327757,2025-10-24,neutral,13.469,1.683,0.991,0.203,0.154,6.982,0.655,0.59,0.162,0.134,3.826,0.825,0.723,0.202,0.147,5.551,0.788,0.742,0.286,0.215,9.257,1.424,0.326,0.181,0.107,2.135,0.364,0.052,0.062,0.063,1.254,0.438,0.235,0.221,0.102,1.218,0.455,0.728,0.248,0.09,0.074,0.169,0.122,0.091,0.062,3.187,1.944,0.717,1.01,0.303,1.162,0.53,0.299,0.122,0.102,6.263,1.166,1.314,0.434,0.165,10.073,1.47,1.183,0.299,0.248,27.046,2.783,1.158,0.355,0.196
1761327757,2025-10-24,pull,23.632,2.507,1.119,0.216,0.163,11.85,0.798,0.627,0.165,0.145,5.228,0.719,0.718,0.223,0.165,8.254,0.721,0.788,0.266,0.248,8.759,1.444,0.284,0.186,0.11,2.058,0.369,0.055,0.068,0.065,1.189,0.414,0.206,0.211,0.116,1.198,0.357,0.88,0.265,0.105,0.063,0.14,0.107,0.074,0.051,4.484,2.157,0.863,1.155,0.384,1.557,0.42,0.326,0.105,0.104,7.989,0.979,1.335,0.479,0.186,17.09,1.561,1.494,0.316,0.298,47.945,4.062,1.536,0.375,0.225
1761327758,2025-10-24,pull,34.566,3.415,1.279,0.248,0.176,17.234,0.972,0.681,0.185,0.16,6.796,0.632,0.732,0.254,0.176,11.574,0.704,0.859,0.271,0.278,9.102,1.383,0.234,0.191,0.111,2.239,0.355,0.061,0.07,0.063,1.082,0.388,0.2,0.203,0.131,1.237,0.367,1.181,0.292,0.125,0.06,0.116,0.089,0.055,0.041,5.973,2.344,1.064,1.244,0.465,2.047,0.325,0.376,0.099,0.114,9.977,0.884,1.437,0.534,0.215,24.569,1.763,1.881,0.352,0.368,70.801,5.54,1.962,0.384,0.269
1761327758,2025-10-24,pull,42.974,4.117,1.421,0.285,0.188,21.777,1.135,0.739,0.21,0.178,8.142,0.574,0.759,0.287,0.181,14.828,0.729,0.921,0.287,0.299,10.01,1.277,0.191,0.19,0.112,2.515,0.329,0.068,0.067,0.059,0.97,0.362,0.23,0.2,0.144,1.371,0.498,1.572,0.325,0.151,0.063,0.102,0.073,0.039,0.034,7.325,2.517,1.291,1.269,0.525,2.498,0.267,0.423,0.101,0.129,11.706,0.89,1.586,0.581,0.249,30.275,1.992,2.22,0.394,0.441,88.89,6.712,2.311,0.374,0.313
1761327758,2025-10-24,pull,46.097,4.384,1.472,0.313,0.195,24.192,1.257,0.778,0.232,0.198,8.876,0.582,0.77,0.312,0.182,17.16,0.811,0.934,0.299,0.304,12.077,1.174,0.172,0.185,0.114,3.132,0.305,0.076,0.059,0.054,0.88,0.338,0.293,0.207,0.152,1.584,0.727,1.927,0.357,0.179,0.074,0.101,0.058,0.028,0.029,8.246,2.7,1.509,1.254,0.552,2.774,0.266,0.447,0.111,0.144,12.614,1.006,1.692,0.604,0.28,32.163,2.155,2.362,0.431,0.498,96.216,7.193,2.445,0.344,0.347
1761327758,2025-10-24,pull,42.757,4.141,1.388,0.325,0.196,23.728,1.338,0.784,0.243,0.219,8.796,0.695,0.737,0.321,0.181,17.883,0.97,0.87,0.296,0.297,12.828,1.095,0.171,0.178,0.122,3.303,0.287,0.078,0.05,0.05,0.829,0.317,0.375,0.22,0.156,1.852,1.007,2.122,0.386,0.207,0.091,0.109,0.047,0.023,0.027,8.536,2.916,1.695,1.233,0.551,2.824,0.333,0.445,0.128,0.155,12.416,1.24,1.672,0.597,0.301,29.624,2.212,2.249,0.469,0.534,90.124,6.861,2.305,0.301,0.368
1761327758,2025-10-24,pull,34.289,3.504,1.171,0.325,0.192,20.539,1.384,0.752,0.242,0.237,8.04,0.924,0.648,0.313,0.179,16.81,1.198,0.737,0.281,0.279,12.972,1.039,0.18,0.174,0.135,3.396,0.278,0.076,0.043,0.049,0.841,0.3,0.451,0.232,0.153,2.157,1.285,2.095,0.408,0.228,0.119,0.121,0.039,0.022,0.027,8.716,3.18,1.859,1.233,0.533,2.686,0.464,0.428,0.154,0.158,11.317,1.575,1.498,0.563,0.308,23.819,2.198,1.928,0.524,0.551,72.938,5.915,1.925,0.264,0.379
1761327758,2025-10-24,pull,23.577,2.715,0.879,0.32,0.187,15.69,1.395,0.685,0.23,0.248,6.947,1.235,0.519,0.296,0.178,14.342,1.453,0.565,0.263,0.257,11.086,0.988,0.187,0.172,0.151,2.866,0.268,0.068,0.041,0.049,0.921,0.289,0.497,0.24,0.144,2.515,1.511,1.86,0.42,0.236,0.163,0.134,0.036,0.023,0.03,9.525,3.501,2.008,1.254,0.512,2.447,0.636,0.405,0.187,0.153,9.826,1.965,1.209,0.516,0.301,16.773,2.182,1.533,0.61,0.556,50.506,4.753,1.429,0.248,0.389
1761327758,2025-10-24,pull,14.012,2.012,0.589,0.32,0.182,10.618,1.357,0.6,0.211,0.252,5.943,1.545,0.381,0.28,0.174,11.284,1.664,0.397,0.256,0.234,8.148,0.921,0.183,0.172,0.167,2.12,0.25,0.059,0.045,0.049,1.059,0.293,0.497,0.242,0.132,2.901,1.662,1.502,0.421,0.231,0.217,0.15,0.042,0.026,0.036,11.952,3.806,2.136,1.269,0.492,2.204,0.803,0.384,0.219,0.143,8.558,2.339,0.89,0.472,0.283,10.934,2.207,1.199,0.72,0.555,29.894,3.736,0.961,0.265,0.398
1761327758,2025-10-24,pull,7.609,1.537,0.368,0.328,0.177,6.464,1.254,0.521,0.191,0.245,5.216,1.764,0.271,0.273,0.169,8.369,1.762,0.271,0.267,0.214,6.059,0.855,0.17,0.17,0.178,1.559,0.229,0.049,0.051,0.049,1.201,0.316,0.456,0.243,0.118,3.243,1.733,1.131,0.41,0.213,0.276,0.176,0.057,0.031,0.047,15.949,4.012,2.21,1.239,0.47,1.993,0.919,0.367,0.246,0.131,7.76,2.617,0.625,0.445,0.26,7.456,2.258,1.004,0.826,0.545,15.647,3.043,0.634,0.309,0.408
1761327759,2025-10-24,pull,4.538,1.292,0.248,0.341,0.173,3.718,1.086,0.466,0.176,0.229,4.731,1.835,0.202,0.275,0.165,6.065,1.722,0.21,0.292,0.198,5.342,0.817,0.152,0.163,0.182,1.333,0.212,0.041,0.056,0.049,1.274,0.353,0.4,0.252,0.107,3.423,1.729,0.837,0.388,0.191,0.331,0.211,0.083,0.039,0.06,20.539,4.087,2.219,1.14,0.439,1.797,0.954,0.347,0.262,0.12,7.337,2.743,0.466,0.44,0.243,6.188,2.261,0.939,0.888,0.522,8.512,2.637,0.48,0.369,0.412
1761327759,2025-10-24,neutral,3.565,1.167,0.223,0.352,0.17,2.229,0.883,0.448,0.165,0.208,4.291,1.738,0.171,0.282,0.162,4.476,1.565,0.217,0.319,0.187,6.712,0.824,0.131,0.154,0.179,1.676,0.204,0.035,0.06,0.048,1.246,0.389,0.357,0.273,0.1,3.351,1.659,0.653,0.356,0.172,0.374,0.248,0.114,0.05,0.072,24.143,4.04,2.192,0.979,0.396,1.582,0.918,0.318,0.268,0.113,6.947,2.688,0.421,0.451,0.238,5.925,2.148,0.94,0.878,0.486,6.104,2.358,0.462,0.423,0.409
1761327759,2025-10-24,neutral,3.238,1.067,0.259,0.356,0.169,1.521,0.69,0.467,0.157,0.186,3.755,1.513,0.16,0.286,0.164,3.448,1.353,0.278,0.331,0.181,10.855,0.88,0.115,0.143,0.173,2.687,0.209,0.031,0.06,0.048,1.103,0.413,0.348,0.3,0.099,3.009,1.543,0.562,0.314,0.163,0.396,0.276,0.143,0.062,0.08,25.271,3.885,2.156,0.792,0.346,1.341,0.851,0.284,0.268,0.111,6.34,2.493,0.465,0.464,0.249,5.513,1.913,0.944,0.801,0.441,5.343,2.095,0.515,0.462,0.399
1761327759,2025-10-24,neutral,2.888,0.959,0.335,0.353,0.17,1.197,0.558,0.506,0.151,0.166,3.133,1.233,0.166,0.281,0.167,2.763,1.154,0.368,0.322,0.179,15.53,0.965,0.103,0.134,0.169,3.872,0.224,0.031,0.058,0.049,0.91,0.416,0.375,0.323,0.103,2.485,1.392,0.514,0.266,0.17,0.392,0.279,0.16,0.072,0.081,23.181,3.648,2.108,0.618,0.301,1.1,0.799,0.252,0.265,0.113,5.516,2.233,0.56,0.468,0.275,4.597,1.591,0.934,0.688,0.398,4.633,1.85,0.597,0.484,0.387
1761327759,2025-10-24,neutral,2.546,0.824,0.434,0.346,0.174,1.069,0.491,0.544,0.149,0.151,2.556,0.96,0.198,0.267,0.171,2.278,0.999,0.465,0.296,0.179,20.351,1.045,0.103,0.127,0.167,5.069,0.243,0.036,0.057,0.052,0.719,0.403,0.424,0.328,0.112,1.899,1.219,0.481,0.22,0.19,0.36,0.252,0.159,0.076,0.074,18.283,3.352,2.033,0.488,0.27,0.896,0.788,0.234,0.262,0.117,4.646,1.957,0.682,0.458,0.312,3.472,1.246,0.929,0.581,0.366,3.837,1.609,0.691,0.499,0.376
1761327759,2025-10-24,neutral,2.32,0.699,0.536,0.339,0.18,1.023,0.477,0.553,0.152,0.141,2.132,0.75,0.269,0.244,0.172,1.915,0.909,0.544,0.266,0.179,22.585,1.064,0.111,0.124,0.168,5.582,0.251,0.047,0.058,0.056,0.599,0.393,0.472,0.309,0.124,1.384,1.055,0.465,0.187,0.216,0.307,0.199,0.141,0.073,0.062,12.348,3.003,1.923,0.412,0.255,0.738,0.817,0.237,0.259,0.122,3.898,1.736,0.806,0.436,0.353,2.46,0.961,0.942,0.509,0.347,3.128,1.414,0.778,0.512,0.369
1761327759,2025-10-24,neutral,2.205,0.622,0.627,0.333,0.186,0.978,0.49,0.517,0.16,0.136,1.885,0.623,0.379,0.217,0.168,1.625,0.877,0.587,0.246,0.181,23.131,1.012,0.134,0.123,0.17,5.664,0.246,0.065,0.061,0.061,0.556,0.407,0.499,0.269,0.135,1.013,0.947,0.464,0.174,0.238,0.242,0.135,0.111,0.064,0.047,7.017,2.623,1.742,0.383,0.253,0.625,0.868,0.266,0.253,0.123,3.346,1.616,0.903,0.411,0.389,1.745,0.816,0.969,0.477,0.341,2.568,1.288,0.842,0.524,0.365
1761327759,2025-10-24,neutral,2.132,0.62,0.716,0.333,0.193,0.904,0.517,0.449,0.174,0.133,1.759,0.581,0.521,0.194,0.161,1.401,0.91,0.603,0.243,0.184,18.773,0.906,0.166,0.122,0.17,4.466,0.23,0.085,0.064,0.066,0.591,0.492,0.487,0.219,0.141,0.819,1.012,0.465,0.183,0.249,0.177,0.078,0.076,0.05,0.033,3.52,2.332,1.477,0.38,0.26,0.54,0.914,0.309,0.242,0.119,2.995,1.645,0.959,0.39,0.415,1.361,0.873,1.001,0.477,0.343,2.164,1.252,0.888,0.534,0.366
1761327760,2025-10-24,neutral,1.978,0.691,0.816,0.341,0.203,0.794,0.551,0.384,0.193,0.13,1.656,0.607,0.668,0.177,0.151,1.238,0.993,0.611,0.255,0.189,14.376,0.81,0.205,0.119,0.168,3.362,0.217,0.105,0.067,0.071,0.803,0.746,0.445,0.173,0.144,0.797,1.431,0.477,0.208,0.247,0.12,0.04,0.046,0.036,0.022,1.912,2.276,1.171,0.385,0.278,0.464,0.928,0.353,0.224,0.111,2.821,1.815,0.972,0.376,0.428,1.18,1.145,1.023,0.493,0.351,1.869,1.307,0.926,0.541,0.378
1761327760,2025-10-24,neutral,1.721,0.786,0.935,0.359,0.215,0.753,0.594,0.368,0.217,0.128,1.537,0.676,0.785,0.168,0.141,1.241,1.111,0.625,0.272,0.197,8.887,0.782,0.238,0.114,0.167,1.932,0.22,0.119,0.065,0.074,1.435,1.297,0.4,0.148,0.145,0.98,2.36,0.531,0.238,0.234,0.077,0.026,0.025,0.025,0.015,1.683,2.557,0.905,0.39,0.31,0.449,0.904,0.382,0.204,0.104,2.942,2.088,0.948,0.368,0.425,1.178,1.59,1.026,0.519,0.363,1.774,1.443,0.962,0.542,0.403
1761327760,2025-10-24,neutral,1.497,0.833,1.055,0.383,0.23,0.887,0.659,0.428,0.245,0.125,1.427,0.759,0.834,0.164,0.133,1.512,1.231,0.642,0.287,0.208,5.252,0.847,0.256,0.108,0.167,1.127,0.242,0.122,0.06,0.075,2.65,2.192,0.382,0.155,0.148,1.395,3.771,0.665,0.259,0.217,0.05,0.029,0.015,0.019,0.012,2.04,3.153,0.741,0.391,0.353,0.534,0.848,0.385,0.186,0.1,3.422,2.402,0.886,0.362,0.409,1.377,2.127,1.008,0.55,0.377,1.976,1.629,0.978,0.536,0.437
1761327760,2025-10-24,neutral,1.445,0.818,1.165,0.415,0.245,1.24,0.759,0.555,0.274,0.124,1.371,0.838,0.804,0.162,0.13,2.026,1.327,0.649,0.3,0.225,4.066,0.999,0.26,0.103,0.167,0.952,0.282,0.115,0.051,0.074,4.389,3.304,0.409,0.194,0.154,2.027,5.366,0.888,0.267,0.201,0.039,0.042,0.014,0.021,0.014,2.797,3.867,0.71,0.391,0.4,0.723,0.78,0.359,0.174,0.103,4.25,2.691,0.8,0.362,0.386,1.827,2.631,0.951,0.578,0.393,2.496,1.839,0.964,0.525,0.472
1761327760,2025-10-24,neutral,1.924,0.799,1.247,0.457,0.257,1.897,0.888,0.706,0.304,0.127,1.378,0.898,0.711,0.161,0.135,2.683,1.378,0.625,0.32,0.245,5.916,1.188,0.257,0.102,0.17,1.471,0.331,0.103,0.042,0.07,6.216,4.358,0.48,0.257,0.164,2.709,6.679,1.178,0.269,0.194,0.043,0.058,0.022,0.031,0.023,3.692,4.398,0.773,0.407,0.44,0.986,0.715,0.316,0.177,0.111,5.298,2.883,0.725,0.379,0.364,2.618,2.976,0.844,0.594,0.41,3.644,2.065,0.923,0.515,0.495
1761327760,2025-10-24,neutral,3.686,0.894,1.299,0.511,0.265,2.96,1.026,0.818,0.337,0.134,1.456,0.929,0.588,0.161,0.148,3.405,1.371,0.564,0.35,0.267,10.473,1.342,0.254,0.109,0.175,2.737,0.374,0.09,0.037,0.065,7.672,5.029,0.565,0.33,0.175,3.304,7.27,1.459,0.28,0.201,0.057,0.073,0.035,0.05,0.038,4.542,4.491,0.853,0.456,0.464,1.277,0.667,0.277,0.199,0.123,6.521,2.947,0.687,0.426,0.353,3.818,3.064,0.691,0.6,0.429,6.263,2.344,0.874,0.507,0.498
1761327760,2025-10-24,neutral,7.309,1.2,1.348,0.569,0.271,4.334,1.148,0.848,0.373,0.144,1.555,0.943,0.479,0.165,0.17,4.03,1.318,0.491,0.384,0.285,15.07,1.412,0.267,0.122,0.185,3.784,0.4,0.086,0.037,0.061,8.245,5.088,0.629,0.396,0.187,3.654,6.925,1.655,0.314,0.222,0.082,0.085,0.05,0.075,0.056,5.062,4.076,0.884,0.542,0.467,1.552,0.65,0.267,0.241,0.134,7.764,2.896,0.717,0.512,0.357,5.372,2.89,0.534,0.601,0.451,10.917,2.728,0.86,0.506,0.478
1761327760,2025-10-24,neutral,12.785,1.716,1.44,0.619,0.275,5.823,1.232,0.796,0.412,0.156,1.652,0.959,0.429,0.175,0.196,4.441,1.245,0.455,0.413,0.295,18.597,1.371,0.306,0.142,0.198,4.701,0.397,0.092,0.044,0.059,7.826,4.515,0.638,0.439,0.195,3.713,5.758,1.711,0.368,0.249,0.11,0.092,0.065,0.099,0.072,5.102,3.283,0.844,0.654,0.453,1.766,0.678,0.304,0.292,0.142,8.832,2.76,0.84,0.628,0.375,7.037,2.531,0.439,0.606,0.473,17.502,3.219,0.931,0.51,0.44
1761327761,2025-10-24,neutral,18.918,2.318,1.587,0.643,0.275,7.034,1.267,0.695,0.445,0.17,1.675,0.98,0.459,0.192,0.219,4.507,1.18,0.494,0.427,0.294,20.741,1.244,0.373,0.166,0.215,5.158,0.369,0.109,0.056,0.059,6.539,3.508,0.588,0.451,0.196,3.516,4.164,1.632,0.428,0.273,0.137,0.092,0.075,0.115,0.081,4.658,2.359,0.738,0.767,0.431,1.872,0.741,0.381,0.339,0.144,9.483,2.576,1.053,0.745,0.395,8.404,2.104,0.443,0.615,0.49,24.467,3.731,1.101,0.512,0.395
1761327761,2025-10-24,neutral,24.114,2.809,1.754,0.629,0.272,7.691,1.25,0.588,0.461,0.184,1.611,0.991,0.55,0.212,0.234,4.23,1.131,0.594,0.422,0.284,20.055,1.072,0.455,0.2,0.231,4.983,0.322,0.134,0.072,0.061,4.848,2.388,0.497,0.433,0.188,3.14,2.612,1.458,0.471,0.283,0.151,0.085,0.077,0.118,0.08,3.9,1.581,0.588,0.86,0.409,1.842,0.802,0.471,0.363,0.141,9.47,2.356,1.297,0.83,0.405,9.077,1.71,0.556,0.621,0.494,29.895,4.106,1.329,0.507,0.351
1761327761,2025-10-24,neutral,26.588,3.022,1.894,0.58,0.265,7.569,1.172,0.505,0.45,0.196,1.461,0.973,0.666,0.23,0.234,3.684,1.082,0.709,0.402,0.268,17.215,0.894,0.529,0.242,0.244,4.281,0.266,0.158,0.091,0.066,3.243,1.457,0.403,0.397,0.172,2.726,1.466,1.266,0.484,0.275,0.152,0.072,0.072,0.107,0.07,3.094,1.165,0.474,0.92,0.394,1.678,0.82,0.547,0.36,0.134,8.796,2.092,1.511,0.86,0.397,8.83,1.459,0.804,0.62,0.48,31.791,4.177,1.566,0.498,0.316
1761327761,2025-10-24,neutral,25.51,2.893,1.973,0.511,0.253,6.72,1.031,0.459,0.409,0.206,1.271,0.923,0.766,0.245,0.223,2.983,1.005,0.782,0.383,0.255,12.815,0.736,0.575,0.289,0.248,3.207,0.21,0.175,0.109,0.071,2.04,0.875,0.335,0.356,0.15,2.337,0.84,1.111,0.471,0.251,0.137,0.057,0.067,0.086,0.057,2.484,1.177,0.491,0.948,0.386,1.415,0.773,0.593,0.335,0.128,7.576,1.8,1.653,0.833,0.372,7.768,1.439,1.222,0.614,0.452,29.547,3.878,1.779,0.494,0.293
1761327761,2025-10-24,push,21.276,2.484,1.972,0.444,0.239,5.477,0.841,0.448,0.349,0.216,1.091,0.848,0.814,0.251,0.208,2.3,0.883,0.78,0.38,0.247,8.071,0.613,0.576,0.332,0.243,2.078,0.16,0.18,0.125,0.076,1.281,0.613,0.3,0.321,0.129,1.973,0.602,1.007,0.444,0.218,0.115,0.045,0.068,0.064,0.045,2.169,1.502,0.675,0.951,0.381,1.095,0.668,0.61,0.3,0.124,6.037,1.498,1.708,0.767,0.338,6.207,1.662,1.801,0.608,0.417,23.895,3.271,1.959,0.505,0.282
1761327761,2025-10-24,push,15.236,1.936,1.898,0.399,0.225,4.23,0.642,0.459,0.29,0.226,0.955,0.767,0.798,0.25,0.196,1.778,0.727,0.707,0.399,0.248,4.288,0.531,0.541,0.358,0.231,1.171,0.122,0.172,0.134,0.081,0.801,0.538,0.29,0.293,0.119,1.625,0.547,0.939,0.419,0.188,0.092,0.039,0.078,0.048,0.04,2.066,1.932,0.981,0.936,0.376,0.777,0.545,0.605,0.269,0.126,4.51,1.217,1.689,0.692,0.306,4.616,2.046,2.452,0.616,0.385,16.64,2.499,2.095,0.541,0.286
1761327761,2025-10-24,push,9.279,1.439,1.774,0.383,0.217,3.317,0.478,0.483,0.25,0.237,0.903,0.708,0.73,0.248,0.191,1.502,0.571,0.599,0.435,0.254,2.685,0.505,0.486,0.359,0.216,0.822,0.1,0.154,0.135,0.084,0.461,0.523,0.291,0.271,0.125,1.35,0.55,0.878,0.402,0.168,0.075,0.042,0.097,0.041,0.042,2.063,2.3,1.313,0.9,0.369,0.565,0.473,0.586,0.251,0.132,3.303,1.009,1.609,0.638,0.285,3.521,2.457,3.019,0.649,0.367,9.975,1.801,2.175,0.6,0.305
1761327761,2025-10-24,push,4.92,1.131,1.619,0.389,0.214,2.907,0.383,0.51,0.238,0.247,0.994,0.687,0.632,0.25,0.193,1.531,0.453,0.494,0.472,0.26,4.365,0.548,0.433,0.337,0.201,1.221,0.102,0.133,0.128,0.085,0.279,0.528,0.294,0.256,0.147,1.312,0.602,0.808,0.393,0.16,0.07,0.05,0.117,0.042,0.048,2.188,2.553,1.578,0.843,0.361,0.568,0.51,0.564,0.253,0.137,2.835,0.917,1.473,0.626,0.279,3.356,2.77,3.328,0.716,0.363,5.635,1.38,2.171,0.676,0.336
1761327762,2025-10-24,push,2.748,1.045,1.434,0.407,0.214,2.887,0.365,0.526,0.251,0.251,1.237,0.699,0.529,0.263,0.197,1.811,0.393,0.419,0.494,0.259,9.363,0.644,0.391,0.299,0.187,2.359,0.126,0.114,0.114,0.085,0.289,0.551,0.3,0.248,0.179,1.581,0.674,0.724,0.384,0.161,0.076,0.06,0.131,0.049,0.052,2.561,2.737,1.713,0.761,0.355,0.807,0.661,0.542,0.273,0.138,3.178,0.938,1.289,0.656,0.284,4.126,2.905,3.278,0.815,0.37,4.103,1.314,2.065,0.758,0.369
1761327762,2025-10-24,push,2.219,1.095,1.219,0.425,0.215,2.973,0.414,0.523,0.272,0.244,1.579,0.719,0.436,0.287,0.197,2.166,0.386,0.385,0.494,0.248,17.853,0.746,0.364,0.259,0.174,4.283,0.162,0.103,0.098,0.082,0.409,0.579,0.31,0.25,0.209,2.051,0.727,0.633,0.371,0.165,0.089,0.067,0.133,0.059,0.054,3.248,2.946,1.742,0.669,0.354,1.196,0.876,0.515,0.302,0.131,4.022,1.04,1.074,0.709,0.293,5.441,2.844,2.895,0.929,0.379,4.651,1.534,1.863,0.831,0.395
1761327762,2025-10-24,push,2.442,1.165,0.979,0.439,0.212,2.943,0.484,0.494,0.283,0.224,1.927,0.712,0.361,0.317,0.191,2.434,0.398,0.379,0.475,0.228,26.467,0.835,0.342,0.229,0.161,6.16,0.208,0.1,0.082,0.078,0.545,0.597,0.321,0.258,0.227,2.532,0.736,0.548,0.354,0.168,0.106,0.069,0.122,0.07,0.05,4.157,3.231,1.773,0.596,0.363,1.579,1.072,0.477,0.328,0.119,4.964,1.166,0.859,0.758,0.302,6.782,2.614,2.31,1.033,0.385,6.041,1.847,1.602,0.883,0.405
1761327762,2025-10-24,neutral,2.704,1.178,0.736,0.445,0.202,2.709,0.53,0.436,0.276,0.193,2.17,0.66,0.299,0.34,0.182,2.506,0.4,0.384,0.445,0.205,32.668,0.857,0.311,0.216,0.149,7.494,0.25,0.1,0.071,0.072,0.676,0.591,0.324,0.27,0.229,2.879,0.704,0.474,0.336,0.169,0.121,0.066,0.104,0.082,0.044,5.072,3.536,1.927,0.575,0.384,1.814,1.176,0.426,0.344,0.106,5.659,1.269,0.675,0.785,0.309,7.721,2.299,1.7,1.099,0.385,7.227,2.073,1.338,0.907,0.399
1761327762,2025-10-24,neutral,2.703,1.115,0.523,0.44,0.188,2.309,0.539,0.358,0.255,0.158,2.242,0.575,0.252,0.347,0.172,2.37,0.381,0.387,0.412,0.184,35.172,0.79,0.264,0.218,0.137,7.998,0.275,0.099,0.064,0.064,0.873,0.553,0.31,0.278,0.215,3.028,0.657,0.409,0.321,0.17,0.129,0.063,0.085,0.094,0.039,5.8,3.76,2.262,0.621,0.414,1.9,1.175,0.369,0.346,0.098,5.891,1.319,0.542,0.777,0.313,7.804,1.98,1.213,1.103,0.379,7.572,2.142,1.12,0.898,0.377
1761327762,2025-10-24,neutral,2.395,0.966,0.364,0.42,0.172,1.823,0.514,0.281,0.231,0.127,2.152,0.485,0.227,0.333,0.165,2.06,0.34,0.384,0.384,0.174,32.241,0.77,0.262,0.247,0.126,7.307,0.31,0.11,0.063,0.057,1.213,0.492,0.285,0.276,0.19,3.005,0.641,0.362,0.308,0.17,0.126,0.06,0.071,0.105,0.035,6.2,3.779,2.716,0.723,0.447,2.072,1.157,0.345,0.351,0.099,5.573,1.307,0.47,0.734,0.313,6.953,1.688,0.896,1.037,0.367,6.916,2.01,0.952,0.852,0.346
1761327762,2025-10-24,neutral,1.923,0.768,0.258,0.382,0.16,1.372,0.47,0.224,0.211,0.108,1.972,0.418,0.23,0.3,0.16,1.691,0.299,0.385,0.362,0.176,28.816,1.833,0.842,0.462,0.127,6.592,0.589,0.245,0.104,0.055,1.68,0.427,0.263,0.26,0.161,2.872,0.691,0.339,0.295,0.169,0.112,0.06,0.063,0.112,0.035,6.241,3.541,3.129,0.849,0.474,2.66,1.267,0.394,0.386,0.111,4.871,1.256,0.452,0.665,0.308,5.497,1.434,0.706,0.916,0.35,5.575,1.726,0.806,0.772,0.312
1761327762,2025-10-24,pull,1.454,0.582,0.193,0.335,0.157,1.025,0.428,0.195,0.198,0.104,1.769,0.398,0.264,0.262,0.158,1.368,0.293,0.401,0.345,0.191,30.003,5.699,2.921,1.147,0.154,6.95,1.499,0.694,0.254,0.061,2.197,0.377,0.263,0.23,0.135,2.7,0.805,0.342,0.281,0.169,0.09,0.063,0.06,0.113,0.037,5.983,3.12,3.324,0.959,0.487,3.85,1.597,0.527,0.477,0.132,4.034,1.212,0.467,0.592,0.3,3.886,1.233,0.562,0.781,0.333,3.984,1.404,0.652,0.673,0.281
1761327763,2025-10-24,pull,1.107,0.461,0.159,0.289,0.164,0.78,0.414,0.194,0.187,0.112,1.579,0.438,0.326,0.234,0.157,1.134,0.354,0.445,0.331,0.211,41.61,13.503,7.065,2.489,0.216,9.772,3.293,1.573,0.555,0.077,2.564,0.354,0.296,0.196,0.116,2.489,0.95,0.362,0.271,0.173,0.066,0.066,0.056,0.106,0.038,5.539,2.698,3.192,1.019,0.48,5.483,2.117,0.712,0.616,0.156,3.279,1.229,0.504,0.538,0.289,2.565,1.137,0.427,0.671,0.32,2.648,1.16,0.496,0.574,0.257
1761327763,2025-10-24,pull,0.928,0.429,0.152,0.256,0.177,0.618,0.444,0.218,0.178,0.127,1.416,0.533,0.406,0.228,0.159,1.003,0.489,0.515,0.32,0.23,62.796,24.587,12.935,4.388,0.309,14.718,5.81,2.81,0.985,0.103,2.684,0.359,0.359,0.17,0.106,2.25,1.079,0.393,0.269,0.184,0.045,0.068,0.051,0.092,0.038,5.026,2.441,2.77,1.007,0.455,7.094,2.673,0.893,0.767,0.178,2.73,1.334,0.563,0.513,0.279,1.734,1.188,0.334,0.609,0.314,1.8,1.061,0.377,0.493,0.243
1761327763,2025-10-24,pull,0.897,0.46,0.164,0.241,0.194,0.533,0.519,0.262,0.169,0.146,1.273,0.656,0.48,0.241,0.165,0.959,0.669,0.593,0.311,0.245,88.687,36.359,19.153,6.404,0.409,20.804,8.458,4.109,1.443,0.13,2.501,0.384,0.438,0.161,0.105,1.988,1.168,0.433,0.278,0.202,0.029,0.066,0.042,0.074,0.035,4.655,2.409,2.21,0.924,0.414,8.092,3.052,1.005,0.872,0.194,2.413,1.513,0.639,0.511,0.273,1.407,1.361,0.314,0.592,0.315,1.433,1.087,0.321,0.437,0.237
1761327763,2025-10-24,pull,0.99,0.517,0.188,0.238,0.209,0.553,0.624,0.314,0.16,0.165,1.139,0.777,0.525,0.261,0.175,0.983,0.848,0.662,0.308,0.252,108.83,45.146,23.812,7.911,0.487,25.402,10.406,5.069,1.786,0.15,2.096,0.416,0.513,0.171,0.112,1.713,1.219,0.474,0.291,0.227,0.02,0.06,0.032,0.053,0.03,4.475,2.547,1.683,0.789,0.366,8.087,3.094,1.007,0.885,0.202,2.276,1.722,0.719,0.511,0.272,1.475,1.586,0.364,0.59,0.319,1.402,1.167,0.326,0.395,0.241
1761327763,2025-10-24,neutral,1.204,0.579,0.221,0.237,0.221,0.711,0.747,0.363,0.155,0.185,1.034,0.878,0.525,0.275,0.187,1.073,0.99,0.714,0.313,0.252,116.313,47.874,25.307,8.383,0.518,27.191,10.968,5.352,1.895,0.157,1.618,0.456,0.562,0.193,0.124,1.479,1.268,0.505,0.299,0.254,0.013,0.051,0.022,0.034,0.024,4.504,2.744,1.294,0.633,0.322,7.062,2.77,0.9,0.795,0.205,2.283,1.917,0.77,0.493,0.275,1.796,1.799,0.448,0.578,0.325,1.582,1.244,0.368,0.356,0.253
1761327763,2025-10-24,neutral,1.554,0.644,0.263,0.231,0.234,1.02,0.868,0.396,0.15,0.205,1.004,0.944,0.482,0.275,0.197,1.252,1.071,0.75,0.321,0.248,106.228,43.453,23.109,7.644,0.496,24.723,9.91,4.854,1.729,0.149,1.242,0.506,0.569,0.216,0.138,1.359,1.338,0.518,0.294,0.279,0.011,0.042,0.016,0.02,0.019,4.607,2.89,1.067,0.489,0.292,5.378,2.184,0.734,0.63,0.207,2.469,2.057,0.77,0.448,0.285,2.282,1.962,0.529,0.545,0.332,1.977,1.291,0.423,0.316,0.276
1761327763,2025-10-24,neutral,1.963,0.702,0.312,0.219,0.249,1.403,0.952,0.41,0.145,0.223,1.043,0.96,0.413,0.263,0.201,1.475,1.082,0.781,0.328,0.241,82.69,33.501,17.995,5.95,0.431,19.294,7.616,3.751,1.347,0.131,1.015,0.557,0.532,0.228,0.15,1.338,1.414,0.512,0.274,0.298,0.015,0.036,0.015,0.013,0.019,4.631,2.915,0.946,0.38,0.28,3.6,1.519,0.566,0.446,0.213,2.744,2.093,0.706,0.384,0.298,2.819,2.033,0.577,0.501,0.345,2.511,1.286,0.469,0.279,0.308
1761327763,2025-10-24,neutral,2.313,0.732,0.359,0.21,0.268,1.731,0.965,0.408,0.143,0.234,1.13,0.911,0.342,0.245,0.197,1.68,1.023,0.812,0.33,0.235,68.515,23.126,11.808,3.895,0.347,16.164,5.199,2.434,0.881,0.108,0.913,0.601,0.468,0.223,0.157,1.352,1.44,0.492,0.245,0.308,0.03,0.04,0.021,0.013,0.024,4.499,2.809,0.882,0.318,0.284,2.181,0.941,0.436,0.296,0.223,3.032,1.988,0.596,0.316,0.313,3.294,1.975,0.584,0.464,0.365,3.054,1.213,0.491,0.256,0.343
1761327764,2025-10-24,neutral,2.513,0.721,0.391,0.213,0.284,1.902,0.894,0.393,0.146,0.237,1.253,0.803,0.284,0.228,0.185,1.803,0.912,0.831,0.325,0.23,191.795,15.732,6.954,2.521,0.279,56.241,3.609,1.419,0.549,0.092,0.867,0.637,0.41,0.204,0.157,1.375,1.363,0.465,0.215,0.304,0.063,0.057,0.033,0.021,0.035,4.309,2.576,0.843,0.302,0.297,1.301,0.542,0.354,0.208,0.233,3.321,1.74,0.464,0.26,0.323,3.64,1.779,0.557,0.448,0.39,3.541,1.081,0.479,0.258,0.37
1761327764,2025-10-24,neutral,2.486,0.672,0.403,0.233,0.29,1.842,0.757,0.378,0.158,0.227,1.355,0.659,0.248,0.214,0.169,1.798,0.778,0.821,0.316,0.227,676.652,14.275,6.66,3.467,0.292,225.53,5.647,1.29,0.679,0.108,0.796,0.67,0.404,0.182,0.153,1.358,1.175,0.44,0.195,0.284,0.108,0.087,0.049,0.036,0.047,4.101,2.255,0.807,0.319,0.308,0.897,0.322,0.305,0.178,0.237,3.548,1.404,0.341,0.229,0.321,3.77,1.473,0.507,0.458,0.416,3.771,0.927,0.446,0.287,0.382
1761327764,2025-10-24,neutral,2.292,0.612,0.414,0.266,0.283,1.599,0.608,0.379,0.176,0.206,1.435,0.516,0.252,0.205,0.152,1.684,0.673,0.795,0.305,0.223,1765.409,20.087,13.632,8.023,0.457,627.537,14.875,2.372,1.539,0.188,0.738,0.715,0.484,0.17,0.147,1.341,0.919,0.439,0.191,0.251,0.155,0.124,0.064,0.057,0.057,4.004,1.891,0.785,0.352,0.311,0.759,0.227,0.269,0.181,0.231,3.764,1.078,0.283,0.23,0.306,3.719,1.136,0.465,0.479,0.436,3.76,0.81,0.444,0.337,0.375
1761327765,2025-10-24,neutral,2.884,0.876,1.055,0.393,0.128,1.828,0.934,0.501,0.281,0.178,1.71,0.903,0.92,0.356,0.103,2.045,1.72,1.243,0.351,0.229,1284.665,93.579,57.779,13.121,0.927,486.411,33.909,10.665,2.718,0.329,18.482,2.069,0.756,0.227,0.144,2.595,1.234,0.777,0.289,0.147,0.07,0.016,0.039,0.025,0.022,4.58,2.65,2.128,1.199,0.233,0.649,0.952,0.602,0.256,0.114,4.922,1.738,1.336,0.732,0.183,4.397,2.634,2.095,0.442,0.391,3.614,1.933,1.977,0.563,0.271
1761327765,2025-10-24,neutral,3.036,0.673,0.73,0.405,0.143,1.894,0.698,0.371,0.305,0.191,1.797,0.685,0.623,0.33,0.099,2.175,1.238,0.909,0.372,0.252,520.651,77.127,41.416,8.093,0.648,175,20.976,8.66,1.677,0.191,22.866,2.104,0.66,0.214,0.15,2.8,1.179,0.667,0.271,0.147,0.072,0.015,0.033,0.025,0.018,5.108,3.04,2.245,1.475,0.244,0.554,0.902,0.466,0.233,0.105,5.233,1.415,0.855,0.696,0.185,4.346,2.309,1.497,0.422,0.395,3.628,1.452,1.259,0.586,0.291
1761327765,2025-10-24,neutral,2.989,0.544,0.474,0.401,0.161,1.756,0.545,0.271,0.322,0.208,1.769,0.514,0.386,0.293,0.096,2.19,0.935,0.602,0.369,0.271,210.19,55.711,27.225,4.969,0.462,54.607,12.942,6.282,1.036,0.112,28.48,2.064,0.636,0.208,0.152,2.793,1.168,0.627,0.259,0.144,0.074,0.018,0.027,0.026,0.017,5.615,3.423,2.298,1.663,0.25,0.486,0.826,0.355,0.199,0.097,5.164,1.178,0.492,0.638,0.189,4.004,2.06,0.986,0.385,0.405,3.361,1.156,0.7,0.602,0.323
1761327765,2025-10-24,neutral,2.766,0.505,0.317,0.387,0.178,1.463,0.485,0.216,0.331,0.222,1.631,0.426,0.23,0.253,0.094,2.102,0.857,0.37,0.342,0.281,103.242,34.029,15.836,2.941,0.338,23.033,7.743,3.867,0.627,0.071,34.1,1.988,0.662,0.205,0.151,2.567,1.203,0.632,0.253,0.141,0.076,0.028,0.021,0.027,0.019,5.938,3.691,2.244,1.71,0.25,0.45,0.742,0.283,0.164,0.091,4.698,1.072,0.281,0.569,0.198,3.479,1.92,0.659,0.349,0.418,2.88,1.057,0.383,0.612,0.36
1761327765,2025-10-24,neutral,2.47,0.534,0.242,0.372,0.188,1.115,0.486,0.2,0.332,0.227,1.447,0.412,0.145,0.215,0.094,1.962,0.95,0.223,0.298,0.283,45.839,15.903,7.599,1.502,0.248,10.094,3.656,1.884,0.333,0.048,38.718,1.942,0.703,0.199,0.144,2.204,1.265,0.64,0.246,0.137,0.078,0.05,0.019,0.027,0.025,6.07,3.766,2.057,1.609,0.245,0.448,0.678,0.244,0.138,0.087,3.994,1.08,0.19,0.499,0.207,2.942,1.87,0.509,0.333,0.427,2.342,1.086,0.272,0.616,0.386
1761327766,2025-10-24,neutral,2.22,0.591,0.204,0.361,0.189,0.816,0.512,0.202,0.328,0.217,1.322,0.442,0.104,0.185,0.098,1.854,1.117,0.141,0.252,0.278,17.062,5.438,2.621,0.647,0.19,3.848,1.276,0.67,0.163,0.035,41.467,1.96,0.721,0.188,0.135,1.86,1.341,0.612,0.236,0.136,0.083,0.088,0.023,0.028,0.034,6.08,3.65,1.724,1.398,0.239,0.509,0.678,0.223,0.129,0.086,3.33,1.182,0.16,0.438,0.217,2.568,1.907,0.45,0.347,0.427,1.933,1.172,0.263,0.612,0.393
1761327766,2025-10-24,neutral,2.083,0.647,0.171,0.356,0.184,0.621,0.544,0.201,0.317,0.197,1.338,0.484,0.084,0.168,0.104,1.796,1.287,0.098,0.215,0.273,3.82,1.346,0.585,0.311,0.159,0.793,0.325,0.178,0.106,0.033,40.266,2.046,0.698,0.173,0.126,1.667,1.426,0.541,0.223,0.138,0.094,0.14,0.034,0.032,0.046,5.977,3.427,1.295,1.155,0.237,0.685,0.778,0.211,0.14,0.089,2.973,1.359,0.15,0.399,0.227,2.447,2.045,0.401,0.399,0.417,1.778,1.279,0.27,0.605,0.381
1761327766,2025-10-24,neutral,2.06,0.707,0.144,0.352,0.177,0.526,0.587,0.192,0.3,0.174,1.515,0.53,0.084,0.166,0.112,1.766,1.426,0.078,0.19,0.27,0.853,0.656,0.17,0.257,0.144,0.193,0.149,0.077,0.11,0.038,36.333,2.161,0.63,0.159,0.12,1.671,1.522,0.448,0.209,0.144,0.108,0.198,0.053,0.038,0.06,5.718,3.218,0.869,0.946,0.241,1.021,0.978,0.214,0.172,0.096,3.024,1.599,0.156,0.391,0.237,2.526,2.29,0.343,0.486,0.4,1.896,1.406,0.27,0.598,0.359
1761327766,2025-10-24,neutral,2.044,0.779,0.138,0.342,0.174,0.477,0.642,0.184,0.277,0.158,1.771,0.575,0.1,0.18,0.12,1.68,1.504,0.072,0.175,0.27,0.683,0.735,0.154,0.263,0.132,0.169,0.156,0.071,0.125,0.047,28.946,2.219,0.531,0.151,0.118,1.809,1.6,0.36,0.2,0.155,0.121,0.247,0.077,0.046,0.077,5.255,3.091,0.57,0.803,0.25,1.508,1.237,0.234,0.218,0.103,3.33,1.851,0.181,0.412,0.25,2.654,2.587,0.298,0.591,0.382,2.144,1.534,0.29,0.596,0.338
1761327766,2025-10-24,neutral,2.019,0.874,0.163,0.324,0.176,0.456,0.704,0.186,0.252,0.154,2.016,0.613,0.124,0.203,0.128,1.542,1.501,0.077,0.171,0.267,0.646,0.797,0.157,0.26,0.121,0.163,0.159,0.069,0.133,0.057,20.89,2.13,0.42,0.152,0.12,1.996,1.623,0.295,0.197,0.168,0.131,0.275,0.102,0.054,0.096,4.712,3.033,0.47,0.725,0.259,2.048,1.488,0.262,0.267,0.108,3.694,2.048,0.22,0.453,0.263,2.83,2.85,0.29,0.7,0.367,2.445,1.636,0.346,0.606,0.328
1761327766,2025-10-24,neutral,1.888,1.003,0.224,0.306,0.183,0.461,0.792,0.215,0.233,0.165,2.1,0.633,0.147,0.227,0.133,1.34,1.434,0.099,0.177,0.259,0.498,0.812,0.17,0.25,0.115,0.142,0.154,0.068,0.134,0.065,13.204,1.893,0.321,0.165,0.124,2.106,1.581,0.264,0.198,0.178,0.131,0.273,0.12,0.061,0.113,4.216,2.954,0.562,0.688,0.265,2.492,1.659,0.288,0.312,0.111,3.825,2.146,0.262,0.502,0.276,3.048,2.974,0.332,0.8,0.357,2.624,1.696,0.445,0.639,0.33
1761327766,2025-10-24,neutral,1.632,1.172,0.322,0.3,0.193,0.507,0.94,0.289,0.228,0.186,1.979,0.637,0.168,0.246,0.135,1.118,1.367,0.152,0.197,0.243,0.47,0.791,0.196,0.241,0.114,0.137,0.15,0.07,0.127,0.069,7.772,1.54,0.244,0.187,0.129,2.102,1.51,0.263,0.2,0.183,0.124,0.244,0.127,0.068,0.125,3.917,2.766,0.77,0.665,0.266,2.686,1.71,0.31,0.346,0.112,3.64,2.159,0.299,0.546,0.286,3.238,2.901,0.426,0.882,0.351,2.575,1.726,0.587,0.701,0.343
1761327766,2025-10-24,neutral,1.328,1.384,0.458,0.314,0.204,0.608,1.17,0.417,0.244,0.209,1.722,0.633,0.194,0.259,0.134,0.975,1.38,0.246,0.235,0.222,0.38,0.765,0.247,0.238,0.119,0.117,0.156,0.077,0.117,0.068,4.144,1.159,0.197,0.21,0.131,2.053,1.475,0.287,0.204,0.179,0.116,0.197,0.121,0.072,0.128,3.98,2.474,0.995,0.647,0.263,2.568,1.646,0.335,0.364,0.113,3.3,2.158,0.336,0.578,0.289,3.582,2.681,0.553,0.94,0.349,2.385,1.776,0.758,0.789,0.359
1761327767,2025-10-24,neutral,1.054,1.629,0.623,0.352,0.216,0.74,1.465,0.585,0.277,0.23,1.458,0.638,0.236,0.271,0.132,0.969,1.519,0.373,0.29,0.199,0.405,0.767,0.32,0.242,0.127,0.132,0.18,0.093,0.109,0.063,2.501,0.847,0.182,0.231,0.131,2.045,1.525,0.326,0.216,0.168,0.105,0.147,0.103,0.074,0.121,4.318,2.181,1.167,0.647,0.257,2.225,1.511,0.369,0.371,0.115,3.024,2.224,0.381,0.606,0.284,4.032,2.509,0.68,0.98,0.353,2.147,1.923,0.927,0.895,0.372
1761327767,2025-10-24,neutral,0.939,1.881,0.788,0.408,0.23,0.9,1.766,0.758,0.322,0.243,1.339,0.673,0.295,0.289,0.133,1.142,1.763,0.507,0.36,0.181,0.437,0.8,0.412,0.254,0.133,0.146,0.216,0.119,0.107,0.055,1.514,0.653,0.21,0.25,0.128,2.199,1.647,0.369,0.243,0.152,0.097,0.103,0.079,0.073,0.104,4.817,2.025,1.248,0.679,0.249,1.818,1.366,0.405,0.371,0.119,3.09,2.395,0.433,0.651,0.271,4.711,2.586,0.781,1.016,0.368,2.083,2.219,1.059,1.01,0.382
1761327767,2025-10-24,neutral,1.033,2.104,0.916,0.472,0.245,1.048,1.983,0.89,0.364,0.245,1.431,0.751,0.363,0.318,0.14,1.448,2.028,0.616,0.43,0.173,0.523,0.836,0.504,0.269,0.134,0.192,0.249,0.149,0.112,0.048,1.362,0.546,0.283,0.268,0.124,2.527,1.773,0.407,0.284,0.135,0.087,0.071,0.055,0.067,0.081,5.447,2.035,1.228,0.748,0.242,1.526,1.244,0.437,0.368,0.121,3.558,2.631,0.49,0.725,0.254,5.535,2.962,0.837,1.056,0.396,2.294,2.63,1.133,1.121,0.385
1761327767,2025-10-24,neutral,1.308,2.249,0.977,0.526,0.255,1.148,2.037,0.938,0.391,0.235,1.694,0.868,0.425,0.356,0.153,1.789,2.204,0.666,0.483,0.174,0.628,0.838,0.579,0.281,0.128,0.242,0.265,0.177,0.121,0.043,1.5,0.488,0.385,0.284,0.123,2.955,1.821,0.423,0.33,0.121,0.078,0.05,0.035,0.057,0.058,6.148,2.148,1.134,0.836,0.237,1.416,1.147,0.465,0.362,0.12,4.293,2.834,0.542,0.819,0.234,6.403,3.506,0.838,1.094,0.427,2.786,3.031,1.14,1.204,0.379
1761327767,2025-10-24,neutral,1.776,2.287,0.981,0.553,0.256,1.185,1.898,0.889,0.395,0.213,1.99,0.996,0.458,0.389,0.168,2.057,2.207,0.653,0.506,0.183,0.715,0.77,0.618,0.286,0.117,0.302,0.252,0.196,0.127,0.04,1.628,0.459,0.486,0.297,0.126,3.297,1.747,0.403,0.367,0.112,0.069,0.036,0.021,0.044,0.038,6.82,2.249,1.007,0.912,0.236,1.445,1.055,0.485,0.349,0.115,4.96,2.894,0.574,0.903,0.214,7.018,3.963,0.799,1.111,0.451,3.375,3.273,1.086,1.237,0.359
1761327767,2025-10-24,neutral,3.4,2.226,0.954,0.545,0.244,1.137,1.595,0.756,0.377,0.183,2.195,1.097,0.447,0.405,0.182,2.151,2.025,0.592,0.494,0.192,0.822,0.636,0.609,0.278,0.104,0.356,0.213,0.202,0.127,0.039,1.626,0.429,0.545,0.305,0.13,3.423,1.577,0.342,0.382,0.109,0.062,0.027,0.013,0.032,0.024,7.331,2.236,0.867,0.943,0.239,1.491,0.941,0.488,0.323,0.105,5.282,2.773,0.56,0.942,0.198,7.19,4.088,0.725,1.085,0.455,3.866,3.25,0.975,1.201,0.327
1761327767,2025-10-24,neutral,8.201,2.111,0.937,0.504,0.22,1.021,1.213,0.577,0.341,0.151,2.225,1.133,0.393,0.395,0.188,2.031,1.713,0.514,0.451,0.199,0.896,0.46,0.554,0.258,0.094,0.404,0.161,0.195,0.117,0.04,1.562,0.391,0.543,0.306,0.135,3.229,1.391,0.284,0.371,0.108,0.054,0.02,0.009,0.021,0.015,7.465,2.048,0.736,0.92,0.246,1.428,0.795,0.476,0.287,0.094,5.06,2.496,0.512,0.913,0.191,6.72,3.788,0.629,1.002,0.434,4.048,2.963,0.827,1.096,0.291
1761327767,2025-10-24,neutral,18.161,2.006,0.97,0.445,0.191,0.85,0.855,0.403,0.303,0.125,2.091,1.086,0.327,0.365,0.186,1.731,1.368,0.466,0.39,0.202,1.012,0.294,0.471,0.231,0.092,0.449,0.11,0.177,0.101,0.043,1.312,0.369,0.499,0.3,0.137,2.781,1.312,0.338,0.344,0.108,0.049,0.016,0.008,0.013,0.01,7.1,1.713,0.672,0.868,0.255,1.27,0.626,0.473,0.25,0.084,4.387,2.15,0.498,0.823,0.195,5.743,3.164,0.566,0.878,0.393,3.895,2.508,0.695,0.946,0.26
1761327768,2025-10-24,neutral,33.036,1.961,1.064,0.39,0.166,0.67,0.585,0.281,0.276,0.115,1.866,0.968,0.295,0.328,0.177,1.362,1.071,0.492,0.332,0.204,1.114,0.175,0.385,0.208,0.098,0.489,0.071,0.155,0.085,0.049,1.154,0.404,0.443,0.289,0.134,2.24,1.44,0.584,0.315,0.106,0.047,0.014,0.01,0.01,0.007,6.301,1.318,0.712,0.831,0.266,1.058,0.465,0.5,0.226,0.078,3.527,1.852,0.596,0.705,0.211,4.502,2.422,0.582,0.747,0.348,3.502,2.019,0.642,0.788,0.246
1761327768,2025-10-24,neutral,50.078,1.986,1.182,0.355,0.154,0.522,0.414,0.223,0.273,0.123,1.643,0.819,0.321,0.299,0.165,1.06,0.853,0.599,0.291,0.207,1.249,0.114,0.321,0.194,0.111,0.538,0.048,0.135,0.075,0.06,0.929,0.513,0.403,0.272,0.127,1.775,1.776,1.009,0.293,0.103,0.049,0.015,0.017,0.009,0.006,5.275,0.958,0.864,0.84,0.275,0.899,0.342,0.557,0.222,0.078,2.78,1.677,0.83,0.592,0.238,3.391,1.773,0.68,0.644,0.315,3.064,1.604,0.697,0.658,0.251
1761327768,2025-10-24,neutral,64.592,2.044,1.268,0.343,0.156,0.433,0.316,0.218,0.291,0.149,1.462,0.678,0.408,0.285,0.153,0.903,0.7,0.754,0.274,0.215,1.323,0.098,0.284,0.193,0.129,0.556,0.038,0.12,0.071,0.075,0.853,0.681,0.39,0.251,0.118,1.466,2.212,1.508,0.281,0.101,0.056,0.019,0.027,0.01,0.006,4.295,0.703,1.102,0.902,0.283,0.794,0.27,0.629,0.235,0.086,2.309,1.629,1.17,0.507,0.268,2.612,1.345,0.835,0.586,0.309,2.707,1.323,0.853,0.574,0.272
1761327768,2025-10-24,neutral,71.578,2.074,1.275,0.349,0.169,0.404,0.259,0.238,0.319,0.188,1.322,0.583,0.532,0.284,0.147,0.886,0.574,0.901,0.279,0.227,1.364,0.106,0.271,0.202,0.146,0.572,0.039,0.11,0.073,0.093,0.748,0.857,0.401,0.23,0.11,1.353,2.596,1.928,0.276,0.105,0.065,0.025,0.042,0.013,0.008,3.562,0.586,1.377,0.993,0.291,0.757,0.244,0.694,0.255,0.102,2.154,1.678,1.532,0.456,0.295,2.235,1.17,0.999,0.567,0.331,2.481,1.211,1.064,0.54,0.297
1761327768,2025-10-24,neutral,68.623,1.984,1.203,0.355,0.186,0.414,0.222,0.257,0.344,0.227,1.173,0.541,0.654,0.286,0.145,0.936,0.442,0.992,0.297,0.238,1.251,0.117,0.27,0.212,0.159,0.51,0.047,0.105,0.075,0.107,0.691,0.989,0.429,0.213,0.107,1.362,2.806,2.145,0.271,0.116,0.077,0.035,0.061,0.016,0.012,3.126,0.588,1.644,1.073,0.3,0.741,0.24,0.73,0.27,0.124,2.179,1.751,1.823,0.427,0.315,2.101,1.142,1.125,0.562,0.372,2.29,1.223,1.275,0.539,0.318
1761327768,2025-10-24,neutral,56.627,1.747,1.107,0.355,0.199,0.443,0.205,0.265,0.354,0.257,1.004,0.548,0.741,0.29,0.149,1,0.309,1.012,0.318,0.245,1.117,0.123,0.276,0.22,0.164,0.469,0.061,0.101,0.074,0.113,0.61,1.041,0.466,0.204,0.109,1.41,2.811,2.101,0.271,0.134,0.093,0.052,0.079,0.02,0.016,2.938,0.706,1.898,1.114,0.309,0.722,0.244,0.73,0.274,0.147,2.256,1.804,1.99,0.417,0.324,2,1.172,1.212,0.559,0.418,2.056,1.319,1.458,0.56,0.328
1761327768,2025-10-24,neutral,39.562,1.43,1.048,0.351,0.205,0.489,0.23,0.272,0.348,0.268,0.829,0.598,0.791,0.297,0.154,1.067,0.224,1,0.34,0.244,0.849,0.135,0.294,0.227,0.16,0.35,0.08,0.096,0.068,0.108,0.538,1.019,0.517,0.209,0.117,1.448,2.67,1.842,0.288,0.155,0.114,0.079,0.095,0.025,0.02,2.907,0.961,2.155,1.11,0.319,0.705,0.257,0.702,0.274,0.164,2.306,1.844,2.052,0.432,0.323,1.797,1.247,1.307,0.569,0.456,1.753,1.473,1.631,0.608,0.328
1761327768,2025-10-24,neutral,22.668,1.112,1.051,0.353,0.206,0.568,0.315,0.294,0.332,0.26,0.687,0.686,0.813,0.313,0.16,1.177,0.229,0.997,0.361,0.234,0.666,0.172,0.33,0.235,0.151,0.3,0.104,0.092,0.06,0.095,0.531,0.948,0.573,0.225,0.127,1.46,2.468,1.483,0.332,0.175,0.143,0.12,0.107,0.031,0.025,2.992,1.331,2.418,1.083,0.333,0.711,0.286,0.662,0.278,0.171,2.329,1.882,2.062,0.481,0.311,1.526,1.393,1.452,0.622,0.485,1.468,1.657,1.812,0.692,0.325
1761327769,2025-10-24,neutral,10.157,0.906,1.09,0.373,0.206,0.72,0.461,0.344,0.32,0.24,0.62,0.808,0.818,0.343,0.165,1.39,0.343,1.037,0.383,0.223,0.542,0.251,0.398,0.248,0.141,0.23,0.128,0.088,0.055,0.078,0.624,0.872,0.638,0.251,0.135,1.482,2.296,1.173,0.407,0.19,0.179,0.169,0.116,0.038,0.031,3.223,1.753,2.689,1.067,0.353,0.749,0.336,0.632,0.297,0.166,2.399,1.958,2.079,0.567,0.294,1.275,1.647,1.658,0.741,0.512,1.39,1.863,2.001,0.824,0.329
1761327769,2025-10-24,neutral,3.78,0.882,1.125,0.416,0.214,0.982,0.659,0.435,0.326,0.22,0.672,0.965,0.815,0.386,0.17,1.782,0.574,1.134,0.413,0.22,0.625,0.404,0.501,0.273,0.135,0.249,0.152,0.088,0.057,0.064,0.831,0.836,0.713,0.287,0.142,1.533,2.198,1.029,0.503,0.203,0.22,0.214,0.125,0.045,0.037,3.595,2.159,2.942,1.077,0.382,0.817,0.406,0.634,0.331,0.155,2.624,2.119,2.141,0.682,0.282,1.203,2.027,1.894,0.918,0.541,1.71,2.12,2.17,0.991,0.346
1761327769,2025-10-24,neutral,2.272,1.027,1.127,0.474,0.236,1.35,0.889,0.577,0.356,0.214,0.827,1.145,0.811,0.434,0.175,2.305,0.904,1.281,0.457,0.232,0.982,0.644,0.632,0.307,0.136,0.324,0.176,0.093,0.065,0.058,1.199,0.871,0.797,0.328,0.149,1.616,2.176,1.104,0.595,0.214,0.257,0.244,0.138,0.052,0.044,4.015,2.508,3.133,1.106,0.415,0.884,0.502,0.671,0.368,0.143,2.992,2.396,2.244,0.802,0.279,1.328,2.523,2.106,1.106,0.573,2.452,2.473,2.279,1.158,0.382
1761327769,2025-10-24,neutral,2.924,1.27,1.095,0.532,0.273,1.76,1.132,0.76,0.405,0.228,1.078,1.327,0.804,0.473,0.177,2.841,1.292,1.444,0.512,0.254,1.377,0.945,0.766,0.345,0.145,0.416,0.198,0.103,0.079,0.059,1.578,0.964,0.879,0.365,0.157,1.737,2.191,1.35,0.656,0.224,0.281,0.249,0.15,0.058,0.049,4.289,2.794,3.212,1.12,0.445,0.964,0.63,0.724,0.395,0.137,3.502,2.756,2.342,0.891,0.288,1.704,3.069,2.229,1.238,0.597,3.451,2.938,2.292,1.281,0.431
1761327769,2025-10-24,neutral,3.688,1.542,1.051,0.568,0.315,2.121,1.364,0.957,0.458,0.256,1.357,1.473,0.788,0.488,0.176,3.231,1.666,1.572,0.567,0.278,1.894,1.245,0.87,0.38,0.158,0.555,0.217,0.115,0.092,0.065,1.984,1.072,0.937,0.388,0.163,1.879,2.182,1.655,0.666,0.23,0.283,0.227,0.158,0.06,0.051,4.331,3.03,3.147,1.09,0.463,1.062,0.792,0.766,0.401,0.14,4.057,3.117,2.373,0.921,0.305,2.33,3.571,2.232,1.264,0.603,4.43,3.47,2.2,1.321,0.481
1761327769,2025-10-24,neutral,4.202,1.785,1.018,0.569,0.351,2.319,1.558,1.12,0.498,0.286,1.615,1.556,0.751,0.472,0.174,3.353,1.953,1.615,0.605,0.294,2.238,1.465,0.912,0.402,0.171,0.616,0.228,0.123,0.1,0.07,2.212,1.14,0.953,0.389,0.165,2.041,2.127,1.901,0.622,0.231,0.263,0.187,0.154,0.057,0.048,4.15,3.233,2.957,1.015,0.463,1.186,0.98,0.77,0.387,0.15,4.604,3.376,2.295,0.885,0.325,3.18,3.938,2.136,1.175,0.58,5.139,3.968,2.018,1.264,0.516
1761327769,2025-10-24,neutral,4.259,1.932,0.997,0.532,0.366,2.308,1.672,1.195,0.51,0.303,1.816,1.561,0.688,0.43,0.17,3.197,2.084,1.545,0.613,0.296,2.218,1.546,0.874,0.405,0.182,0.631,0.228,0.123,0.101,0.071,2.28,1.134,0.914,0.369,0.163,2.198,2.025,1.99,0.537,0.227,0.222,0.138,0.136,0.049,0.041,3.787,3.372,2.675,0.917,0.445,1.32,1.168,0.724,0.363,0.164,5.07,3.438,2.097,0.8,0.341,4.095,4.097,1.978,1.006,0.529,5.422,4.289,1.78,1.126,0.523
1761327769,2025-10-24,neutral,3.895,1.972,0.984,0.467,0.354,2.082,1.673,1.152,0.488,0.299,1.938,1.49,0.605,0.375,0.168,2.833,2.035,1.371,0.586,0.282,2.208,1.494,0.773,0.39,0.193,0.607,0.22,0.116,0.096,0.068,2.103,1.055,0.825,0.336,0.158,2.313,1.91,1.883,0.438,0.222,0.171,0.092,0.105,0.038,0.031,3.397,3.383,2.326,0.823,0.417,1.421,1.322,0.628,0.34,0.176,5.387,3.279,1.803,0.696,0.352,4.812,4.023,1.795,0.808,0.461,5.235,4.363,1.55,0.946,0.501
1761327770,2025-10-24,neutral,3.403,1.961,0.973,0.392,0.319,1.722,1.559,1.004,0.438,0.275,1.999,1.364,0.512,0.322,0.171,2.426,1.847,1.127,0.533,0.26,2.576,1.398,0.644,0.361,0.205,0.679,0.215,0.106,0.09,0.064,1.792,0.932,0.71,0.302,0.153,2.347,1.802,1.609,0.349,0.223,0.122,0.057,0.07,0.027,0.022,3.079,3.197,1.924,0.749,0.391,1.475,1.411,0.498,0.323,0.183,5.524,2.94,1.461,0.603,0.36,5.099,3.739,1.598,0.627,0.392,4.871,4.253,1.386,0.765,0.459
1761327770,2025-10-24,neutral,3.083,1.972,0.963,0.33,0.272,1.367,1.363,0.799,0.374,0.24,2.059,1.211,0.423,0.28,0.178,2.163,1.6,0.864,0.468,0.235,3.16,1.394,0.531,0.326,0.22,0.728,0.232,0.099,0.088,0.062,1.397,0.805,0.601,0.28,0.151,2.283,1.697,1.259,0.287,0.231,0.084,0.038,0.04,0.019,0.015,2.913,2.817,1.504,0.699,0.374,1.477,1.422,0.358,0.309,0.183,5.51,2.505,1.127,0.535,0.366,4.874,3.321,1.392,0.492,0.34,4.776,4.103,1.33,0.618,0.412
1761327770,2025-10-24,neutral,3.166,2.046,0.96,0.294,0.226,1.133,1.138,0.608,0.318,0.206,2.169,1.062,0.356,0.256,0.188,2.143,1.367,0.643,0.412,0.215,5.058,1.654,0.481,0.299,0.234,1.162,0.3,0.1,0.09,0.063,1.064,0.71,0.523,0.276,0.152,2.149,1.577,0.937,0.253,0.244,0.065,0.033,0.02,0.016,0.013,2.93,2.319,1.116,0.667,0.366,1.47,1.36,0.243,0.3,0.179,5.384,2.062,0.86,0.494,0.371,4.324,2.904,1.187,0.419,0.312,5.23,4.05,1.38,0.518,0.377
1761327770,2025-10-24,neutral,3.552,2.145,0.974,0.291,0.194,1.069,0.926,0.49,0.283,0.181,2.351,0.935,0.331,0.247,0.198,2.347,1.187,0.512,0.378,0.203,7.825,2.449,0.573,0.301,0.242,1.714,0.473,0.124,0.099,0.068,0.847,0.669,0.491,0.286,0.156,2.023,1.433,0.726,0.243,0.253,0.068,0.038,0.012,0.018,0.014,3.197,1.823,0.811,0.642,0.362,1.493,1.244,0.178,0.292,0.174,5.218,1.681,0.709,0.472,0.373,3.799,2.634,1.013,0.412,0.311,6.166,4.103,1.496,0.472,0.362
1761327770,2025-10-24,neutral,4.001,2.195,1.005,0.316,0.181,1.128,0.751,0.464,0.278,0.17,2.562,0.849,0.353,0.248,0.202,2.621,1.065,0.488,0.37,0.198,12.142,4.067,0.915,0.349,0.241,2.663,0.82,0.201,0.115,0.074,0.785,0.689,0.505,0.299,0.16,1.97,1.288,0.65,0.248,0.253,0.088,0.05,0.014,0.023,0.018,3.629,1.447,0.61,0.626,0.356,1.569,1.108,0.166,0.286,0.169,5.054,1.432,0.686,0.458,0.367,3.556,2.594,0.903,0.479,0.331,7.217,4.168,1.624,0.475,0.366
1761327770,2025-10-24,neutral,4.199,2.113,1.046,0.354,0.186,1.21,0.619,0.51,0.294,0.171,2.749,0.802,0.414,0.253,0.199,2.793,0.981,0.558,0.382,0.2,19.261,6.544,1.556,0.446,0.227,4.241,1.357,0.348,0.137,0.077,0.828,0.748,0.541,0.307,0.161,2.022,1.157,0.677,0.258,0.24,0.12,0.067,0.021,0.031,0.022,4.168,1.241,0.508,0.617,0.349,1.689,0.975,0.192,0.285,0.17,4.962,1.322,0.764,0.448,0.352,3.678,2.739,0.866,0.608,0.366,7.943,4.076,1.725,0.512,0.382
1761327770,2025-10-24,neutral,4.036,1.862,1.084,0.388,0.202,1.246,0.513,0.573,0.316,0.179,2.874,0.781,0.491,0.255,0.19,2.788,0.905,0.673,0.401,0.205,29.221,9.521,2.41,0.583,0.204,6.326,2.012,0.549,0.164,0.077,0.971,0.823,0.572,0.303,0.162,2.193,1.044,0.73,0.269,0.216,0.162,0.089,0.03,0.036,0.026,4.687,1.196,0.48,0.621,0.347,1.808,0.855,0.235,0.288,0.177,5.064,1.315,0.881,0.438,0.329,4.043,2.927,0.877,0.768,0.409,8.09,3.717,1.768,0.563,0.401
1761327770,2025-10-24,neutral,3.517,1.497,1.093,0.408,0.223,1.214,0.422,0.602,0.328,0.188,2.894,0.782,0.553,0.251,0.177,2.605,0.839,0.775,0.413,0.213,39.182,12.215,3.275,0.73,0.178,8.429,2.618,0.758,0.188,0.074,1.153,0.896,0.577,0.288,0.162,2.4,0.96,0.742,0.276,0.191,0.207,0.113,0.04,0.04,0.03,5,1.295,0.5,0.635,0.354,1.866,0.756,0.279,0.29,0.189,5.353,1.389,0.976,0.431,0.305,4.368,3.019,0.896,0.911,0.453,7.643,3.152,1.736,0.611,0.415
1761327771,2025-10-24,neutral,2.854,1.106,1.054,0.407,0.243,1.122,0.345,0.568,0.323,0.195,2.808,0.792,0.572,0.24,0.164,2.308,0.8,0.814,0.409,0.219,49.455,13.783,3.9,0.849,0.155,10.514,2.984,0.914,0.203,0.071,1.323,0.948,0.56,0.263,0.162,2.546,0.904,0.688,0.274,0.169,0.247,0.136,0.048,0.042,0.034,5.008,1.49,0.527,0.652,0.372,1.822,0.686,0.315,0.29,0.203,5.755,1.49,1.005,0.424,0.285,4.388,2.912,0.885,0.996,0.49,6.806,2.513,1.63,0.637,0.422
1761327771,2025-10-24,neutral,2.246,0.778,0.958,0.389,0.259,1.025,0.296,0.48,0.306,0.197,2.681,0.801,0.535,0.225,0.152,2.006,0.789,0.765,0.393,0.22,51.701,13.639,4.064,0.906,0.139,10.787,2.976,0.96,0.203,0.07,1.449,0.959,0.532,0.234,0.16,2.611,0.866,0.591,0.265,0.157,0.271,0.157,0.054,0.042,0.036,4.715,1.716,0.54,0.675,0.397,1.668,0.656,0.345,0.287,0.212,6.249,1.564,0.956,0.42,0.271,4.027,2.598,0.831,1.005,0.517,5.906,1.949,1.461,0.639,0.426
1761327771,2025-10-24,neutral,1.847,0.586,0.817,0.363,0.271,0.978,0.295,0.372,0.293,0.192,2.56,0.805,0.45,0.208,0.144,1.783,0.804,0.641,0.377,0.213,50.382,11.832,3.739,0.891,0.131,10.481,2.594,0.887,0.189,0.072,1.525,0.913,0.505,0.204,0.155,2.633,0.834,0.488,0.25,0.153,0.273,0.17,0.055,0.042,0.038,4.189,1.876,0.535,0.708,0.423,1.463,0.676,0.368,0.281,0.213,6.733,1.572,0.849,0.418,0.264,3.434,2.161,0.741,0.958,0.532,5.201,1.594,1.26,0.627,0.43
1761327771,2025-10-24,neutral,1.653,0.557,0.666,0.338,0.282,1.016,0.36,0.291,0.303,0.18,2.452,0.818,0.347,0.197,0.138,1.665,0.835,0.489,0.372,0.2,40.032,8.919,3.028,0.819,0.131,8.093,1.952,0.717,0.166,0.076,1.578,0.814,0.49,0.177,0.145,2.67,0.803,0.416,0.232,0.156,0.252,0.171,0.052,0.043,0.037,3.567,1.955,0.522,0.764,0.445,1.297,0.749,0.377,0.277,0.204,7.082,1.518,0.731,0.418,0.263,2.831,1.751,0.634,0.891,0.54,4.739,1.503,1.078,0.621,0.437
1761327771,2025-10-24,neutral,1.609,0.656,0.55,0.321,0.293,1.126,0.492,0.274,0.342,0.165,2.327,0.856,0.268,0.195,0.137,1.619,0.87,0.371,0.381,0.188,29.989,6.091,2.27,0.728,0.137,6.08,1.316,0.532,0.15,0.08,1.615,0.685,0.489,0.154,0.133,2.737,0.777,0.392,0.218,0.161,0.211,0.158,0.045,0.043,0.035,3.005,2.048,0.526,0.843,0.461,1.228,0.867,0.365,0.278,0.187,7.117,1.434,0.651,0.42,0.265,2.387,1.485,0.534,0.837,0.546,4.405,1.614,0.963,0.638,0.449
1761327771,2025-10-24,neutral,1.558,0.814,0.502,0.309,0.307,1.264,0.66,0.329,0.407,0.149,2.138,0.913,0.243,0.2,0.14,1.57,0.886,0.338,0.403,0.183,29.904,8.153,3.034,0.766,0.151,6.267,1.744,0.688,0.175,0.08,1.641,0.555,0.495,0.139,0.122,2.789,0.769,0.408,0.211,0.164,0.161,0.133,0.036,0.044,0.031,2.609,2.297,0.571,0.935,0.471,1.255,0.992,0.328,0.282,0.167,6.733,1.354,0.638,0.418,0.265,2.135,1.38,0.459,0.803,0.55,3.996,1.804,0.939,0.677,0.463
1761327771,2025-10-24,neutral,1.465,0.962,0.529,0.297,0.322,1.362,0.825,0.433,0.476,0.139,1.873,0.968,0.277,0.208,0.146,1.479,0.877,0.397,0.424,0.188,61.227,21.484,7.416,1.117,0.173,13.862,4.651,1.659,0.285,0.078,1.635,0.45,0.498,0.134,0.115,2.78,0.779,0.435,0.212,0.165,0.111,0.102,0.027,0.042,0.027,2.38,2.773,0.671,1.01,0.475,1.341,1.076,0.27,0.284,0.152,5.963,1.299,0.69,0.411,0.263,1.994,1.359,0.412,0.775,0.554,3.458,1.952,1,0.725,0.475
1761327771,2025-10-24,neutral,1.328,1.053,0.605,0.281,0.332,1.37,0.953,0.543,0.525,0.137,1.577,0.996,0.347,0.211,0.152,1.366,0.857,0.512,0.432,0.199,136.841,49.363,16.403,1.851,0.2,31.829,10.776,3.673,0.49,0.075,1.617,0.39,0.489,0.138,0.112,2.661,0.809,0.448,0.22,0.163,0.071,0.072,0.02,0.038,0.022,2.253,3.428,0.805,1.04,0.473,1.436,1.092,0.205,0.277,0.145,4.966,1.298,0.778,0.397,0.258,1.874,1.361,0.396,0.733,0.552,2.907,2.003,1.102,0.753,0.479
1761327772,2025-10-24,neutral,1.206,1.059,0.677,0.259,0.333,1.285,1.026,0.618,0.538,0.143,1.312,0.977,0.423,0.201,0.155,1.271,0.839,0.628,0.418,0.209,248.976,88.028,28.673,2.846,0.226,58.271,19.29,6.43,0.752,0.074,1.586,0.382,0.472,0.149,0.113,2.443,0.872,0.443,0.233,0.16,0.048,0.052,0.017,0.032,0.019,2.16,4.092,0.937,1.008,0.472,1.496,1.045,0.151,0.262,0.146,3.945,1.39,0.865,0.379,0.252,1.715,1.382,0.411,0.672,0.538,2.426,1.946,1.175,0.741,0.469
1761327772,2025-10-24,neutral,1.223,0.973,0.697,0.239,0.318,1.147,1.038,0.625,0.514,0.158,1.166,0.899,0.475,0.18,0.153,1.266,0.826,0.695,0.386,0.212,367.779,126.96,41,3.818,0.243,86.253,27.877,9.215,0.997,0.075,1.619,0.416,0.457,0.162,0.115,2.198,0.961,0.436,0.249,0.158,0.042,0.047,0.019,0.026,0.017,2.11,4.525,1.017,0.92,0.479,1.52,0.954,0.121,0.239,0.152,3.238,1.572,0.918,0.363,0.247,1.633,1.457,0.451,0.61,0.508,2.221,1.808,1.149,0.685,0.442
1761327772,2025-10-24,neutral,1.53,0.827,0.647,0.225,0.29,1.042,1,0.56,0.464,0.177,1.217,0.782,0.49,0.152,0.147,1.444,0.824,0.691,0.343,0.204,458.736,153.428,49.338,4.443,0.245,107.849,33.714,11.103,1.145,0.078,1.726,0.474,0.459,0.169,0.119,2.017,1.064,0.446,0.265,0.159,0.053,0.055,0.026,0.023,0.015,2.229,4.553,1.012,0.799,0.497,1.594,0.853,0.119,0.214,0.155,3.111,1.831,0.911,0.352,0.242,1.88,1.614,0.494,0.569,0.466,2.48,1.654,0.999,0.598,0.402
1761327772,2025-10-24,neutral,2.185,0.671,0.552,0.217,0.251,1.063,0.932,0.451,0.406,0.198,1.482,0.659,0.472,0.123,0.141,1.864,0.826,0.625,0.299,0.186,484.131,158.466,50.908,4.493,0.234,113.511,34.836,11.479,1.147,0.081,1.901,0.535,0.488,0.168,0.123,1.972,1.154,0.484,0.276,0.161,0.077,0.074,0.037,0.022,0.016,2.707,4.16,0.923,0.675,0.524,1.816,0.762,0.137,0.189,0.152,3.652,2.126,0.844,0.343,0.241,2.607,1.824,0.516,0.556,0.418,3.267,1.547,0.759,0.501,0.356
1761327772,2025-10-24,neutral,3.072,0.564,0.467,0.215,0.21,1.235,0.85,0.339,0.357,0.214,1.892,0.555,0.439,0.1,0.137,2.48,0.824,0.525,0.265,0.167,442.835,140.125,45.079,3.937,0.213,104.259,30.797,10.176,1.001,0.083,2.091,0.582,0.542,0.158,0.126,2.048,1.203,0.543,0.277,0.163,0.104,0.097,0.049,0.024,0.019,3.678,3.507,0.789,0.575,0.55,2.223,0.692,0.166,0.17,0.143,4.667,2.39,0.741,0.327,0.242,3.749,2.008,0.517,0.56,0.372,4.448,1.515,0.52,0.415,0.313
1761327772,2025-10-24,neutral,3.969,0.535,0.452,0.218,0.172,1.513,0.766,0.262,0.325,0.223,2.321,0.474,0.411,0.087,0.138,3.153,0.813,0.425,0.25,0.155,347.108,105.088,33.966,2.963,0.19,81.244,23.086,7.682,0.756,0.083,2.157,0.594,0.609,0.145,0.127,2.163,1.18,0.607,0.264,0.162,0.127,0.115,0.057,0.028,0.023,5.037,2.792,0.656,0.508,0.56,2.743,0.63,0.203,0.159,0.132,5.788,2.521,0.641,0.301,0.245,5.053,2.075,0.529,0.56,0.336,5.697,1.524,0.385,0.355,0.28
1761327772,2025-10-24,neutral,4.617,0.58,0.538,0.228,0.141,1.779,0.679,0.24,0.311,0.222,2.687,0.413,0.405,0.086,0.141,3.743,0.801,0.353,0.26,0.153,231.495,65.165,21.272,1.886,0.17,54.517,14.297,4.827,0.488,0.081,2.103,0.563,0.668,0.135,0.126,2.212,1.076,0.668,0.24,0.155,0.139,0.12,0.061,0.032,0.026,6.589,2.18,0.57,0.466,0.544,3.194,0.569,0.248,0.158,0.124,6.656,2.464,0.589,0.272,0.246,6.157,1.984,0.609,0.545,0.311,6.658,1.509,0.42,0.328,0.259
1761327772,2025-10-24,neutral,4.717,0.674,0.71,0.247,0.119,1.88,0.588,0.264,0.311,0.213,2.852,0.365,0.423,0.096,0.142,3.99,0.804,0.321,0.297,0.161,129.747,31.809,10.593,1.004,0.159,30.188,6.967,2.433,0.27,0.077,1.799,0.503,0.696,0.131,0.121,2.113,0.923,0.723,0.214,0.144,0.134,0.109,0.057,0.032,0.028,7.792,1.741,0.547,0.433,0.499,3.373,0.52,0.3,0.168,0.125,6.939,2.241,0.602,0.255,0.244,6.685,1.774,0.79,0.516,0.295,6.948,1.426,0.622,0.333,0.247
1761327773,2025-10-24,neutral,4.379,0.778,0.912,0.271,0.104,1.826,0.497,0.311,0.322,0.2,2.879,0.328,0.455,0.115,0.137,3.956,0.839,0.317,0.352,0.172,61.402,11.236,3.901,0.472,0.154,14.434,2.448,0.938,0.136,0.072,1.448,0.434,0.675,0.132,0.112,1.929,0.762,0.769,0.195,0.131,0.116,0.087,0.048,0.03,0.027,8.378,1.448,0.583,0.397,0.435,3.204,0.505,0.353,0.184,0.133,6.697,1.928,0.667,0.264,0.237,6.62,1.543,1.061,0.489,0.286,6.619,1.276,0.923,0.363,0.241
1761327773,2025-10-24,neutral,3.671,0.871,1.073,0.297,0.093,1.612,0.426,0.354,0.338,0.187,2.736,0.312,0.485,0.139,0.125,3.6,0.91,0.322,0.41,0.179,28.041,2.751,1.014,0.26,0.151,6.398,0.588,0.304,0.081,0.065,1.07,0.382,0.606,0.136,0.102,1.73,0.634,0.8,0.189,0.119,0.09,0.061,0.037,0.025,0.022,8.082,1.266,0.652,0.352,0.368,2.742,0.53,0.397,0.2,0.144,6.071,1.635,0.745,0.3,0.226,6.04,1.392,1.357,0.469,0.28,5.8,1.125,1.22,0.403,0.239
1761327773,2025-10-24,neutral,2.963,0.929,1.146,0.317,0.087,1.379,0.381,0.382,0.353,0.176,2.531,0.316,0.497,0.162,0.108,3.132,0.993,0.325,0.453,0.179,15.353,1.057,0.347,0.228,0.148,3.553,0.217,0.167,0.067,0.057,0.851,0.35,0.514,0.142,0.092,1.618,0.552,0.809,0.191,0.11,0.063,0.039,0.028,0.018,0.017,7.083,1.143,0.729,0.305,0.313,2.17,0.578,0.421,0.209,0.153,5.37,1.418,0.794,0.347,0.213,5.236,1.368,1.587,0.452,0.273,4.913,1.037,1.428,0.435,0.236
1761327773,2025-10-24,neutral,2.457,0.928,1.115,0.327,0.086,1.189,0.357,0.391,0.364,0.17,2.303,0.327,0.482,0.18,0.093,2.67,1.048,0.319,0.468,0.173,9.138,0.866,0.283,0.243,0.141,2.071,0.182,0.155,0.064,0.049,0.778,0.335,0.439,0.152,0.087,1.622,0.512,0.797,0.198,0.104,0.042,0.025,0.021,0.013,0.011,5.847,1.073,0.787,0.27,0.28,1.68,0.619,0.424,0.209,0.156,4.867,1.287,0.788,0.389,0.203,4.512,1.443,1.681,0.437,0.266,4.262,1.03,1.5,0.448,0.236
1761327773,2025-10-24,neutral,2.263,0.864,1.002,0.327,0.091,1.093,0.337,0.385,0.369,0.17,2.109,0.33,0.44,0.194,0.085,2.353,1.047,0.305,0.457,0.169,4.653,0.654,0.241,0.259,0.133,1.05,0.146,0.141,0.063,0.04,0.811,0.323,0.411,0.165,0.088,1.717,0.501,0.772,0.208,0.106,0.029,0.018,0.018,0.009,0.007,4.84,1.047,0.822,0.256,0.273,1.397,0.619,0.406,0.207,0.154,4.693,1.217,0.724,0.414,0.204,4.058,1.542,1.621,0.432,0.265,3.981,1.077,1.436,0.444,0.245
1761327773,2025-10-24,neutral,2.348,0.765,0.842,0.322,0.102,1.065,0.306,0.372,0.373,0.175,1.974,0.315,0.379,0.207,0.088,2.218,0.993,0.286,0.43,0.172,2.393,0.482,0.206,0.268,0.126,0.542,0.118,0.127,0.063,0.034,0.874,0.318,0.435,0.183,0.096,1.849,0.509,0.741,0.221,0.117,0.021,0.017,0.016,0.006,0.005,4.421,1.046,0.842,0.268,0.289,1.33,0.572,0.376,0.21,0.149,4.819,1.181,0.618,0.427,0.22,3.909,1.596,1.438,0.455,0.277,3.998,1.141,1.274,0.439,0.266
1761327773,2025-10-24,neutral,2.523,0.689,0.681,0.321,0.116,1.046,0.263,0.361,0.38,0.183,1.868,0.288,0.317,0.222,0.101,2.2,0.925,0.265,0.405,0.186,1.496,0.373,0.182,0.27,0.12,0.35,0.098,0.118,0.063,0.032,0.886,0.338,0.49,0.201,0.11,1.942,0.535,0.718,0.24,0.137,0.018,0.016,0.015,0.005,0.005,4.688,1.032,0.85,0.297,0.323,1.372,0.504,0.342,0.222,0.145,5.035,1.17,0.508,0.435,0.251,3.868,1.596,1.203,0.522,0.304,4.083,1.216,1.073,0.454,0.296
1761327773,2025-10-24,neutral,2.707,0.678,0.549,0.33,0.131,1.014,0.216,0.353,0.391,0.19,1.797,0.26,0.265,0.242,0.117,2.235,0.887,0.246,0.391,0.207,1.197,0.329,0.167,0.264,0.116,0.306,0.085,0.118,0.063,0.032,0.853,0.409,0.544,0.213,0.125,1.978,0.58,0.708,0.263,0.161,0.018,0.015,0.014,0.005,0.005,5.385,0.983,0.851,0.329,0.365,1.44,0.462,0.312,0.243,0.142,5.179,1.182,0.425,0.44,0.286,3.863,1.583,0.976,0.632,0.342,4.097,1.317,0.893,0.499,0.329
1761327774,2025-10-24,neutral,2.791,0.74,0.458,0.346,0.142,0.953,0.18,0.349,0.403,0.193,1.708,0.245,0.232,0.262,0.131,2.245,0.903,0.238,0.389,0.227,1.258,0.34,0.161,0.254,0.113,0.323,0.081,0.127,0.064,0.035,0.778,0.537,0.574,0.213,0.136,1.946,0.638,0.709,0.284,0.182,0.022,0.013,0.012,0.005,0.006,6.305,0.911,0.84,0.347,0.403,1.457,0.475,0.291,0.264,0.141,5.159,1.219,0.38,0.438,0.313,3.891,1.587,0.785,0.756,0.383,4.02,1.454,0.765,0.571,0.355
1761327774,2025-10-24,neutral,2.758,0.842,0.392,0.362,0.148,0.897,0.156,0.343,0.406,0.189,1.606,0.252,0.212,0.276,0.14,2.247,0.966,0.241,0.39,0.239,1.332,0.393,0.169,0.244,0.113,0.346,0.086,0.144,0.065,0.039,0.69,0.698,0.576,0.199,0.141,1.86,0.697,0.707,0.294,0.193,0.028,0.011,0.011,0.006,0.006,7.098,0.845,0.818,0.346,0.433,1.445,0.534,0.274,0.274,0.14,4.944,1.285,0.356,0.419,0.325,3.924,1.608,0.624,0.853,0.415,3.858,1.605,0.684,0.646,0.366
1761327774,2025-10-24,neutral,2.653,0.941,0.345,0.367,0.147,0.888,0.146,0.33,0.388,0.179,1.542,0.299,0.202,0.277,0.142,2.306,1.056,0.258,0.379,0.24,1.721,0.47,0.195,0.235,0.116,0.45,0.098,0.166,0.066,0.044,0.626,0.853,0.567,0.174,0.139,1.761,0.743,0.703,0.286,0.191,0.033,0.009,0.01,0.007,0.007,7.759,0.861,0.818,0.335,0.454,1.398,0.607,0.263,0.266,0.137,4.72,1.392,0.349,0.375,0.324,3.993,1.631,0.501,0.886,0.429,3.781,1.746,0.645,0.693,0.361
1761327774,2025-10-24,neutral,2.577,1.021,0.318,0.355,0.145,0.926,0.157,0.315,0.349,0.163,1.596,0.419,0.202,0.263,0.14,2.473,1.171,0.293,0.35,0.232,1.735,0.547,0.243,0.229,0.124,0.457,0.114,0.19,0.067,0.05,0.605,0.96,0.573,0.15,0.133,1.652,0.781,0.714,0.266,0.177,0.038,0.008,0.009,0.008,0.008,8.209,1.075,0.908,0.338,0.468,1.356,0.664,0.268,0.241,0.133,4.568,1.572,0.377,0.313,0.316,4.071,1.647,0.444,0.846,0.42,3.847,1.871,0.658,0.694,0.342
1761327774,2025-10-24,neutral,2.571,1.1,0.343,0.332,0.142,1.032,0.202,0.326,0.297,0.144,1.883,0.643,0.226,0.243,0.134,2.839,1.328,0.368,0.308,0.219,2.104,0.618,0.316,0.228,0.134,0.577,0.135,0.215,0.067,0.054,0.633,0.999,0.613,0.136,0.126,1.613,0.837,0.766,0.248,0.157,0.043,0.009,0.009,0.01,0.009,8.465,1.584,1.167,0.38,0.476,1.333,0.698,0.303,0.207,0.128,4.704,1.856,0.489,0.255,0.305,4.14,1.657,0.498,0.756,0.39,4.149,1.992,0.765,0.657,0.317
1761327774,2025-10-24,neutral,2.687,1.213,0.45,0.309,0.142,1.18,0.292,0.391,0.246,0.127,2.42,0.97,0.283,0.227,0.125,3.365,1.546,0.501,0.269,0.206,1.945,0.675,0.403,0.23,0.146,0.542,0.16,0.236,0.065,0.057,0.69,0.978,0.686,0.138,0.119,1.631,0.944,0.87,0.247,0.135,0.049,0.012,0.009,0.012,0.012,8.445,2.395,1.603,0.471,0.475,1.331,0.721,0.372,0.172,0.122,5.075,2.251,0.729,0.226,0.295,4.152,1.683,0.681,0.654,0.344,4.588,2.129,1.006,0.61,0.293
1761327774,2025-10-24,neutral,2.946,1.381,0.634,0.295,0.143,1.404,0.427,0.522,0.215,0.112,3.13,1.337,0.373,0.224,0.114,3.987,1.796,0.683,0.249,0.196,2.005,0.715,0.495,0.232,0.155,0.592,0.187,0.25,0.06,0.057,0.747,0.923,0.763,0.155,0.114,1.708,1.104,1.009,0.266,0.117,0.057,0.015,0.009,0.015,0.014,8.213,3.371,2.12,0.594,0.461,1.339,0.746,0.463,0.141,0.116,5.587,2.695,1.085,0.237,0.285,4.137,1.732,0.953,0.574,0.294,5.153,2.304,1.365,0.582,0.272
1761327774,2025-10-24,neutral,3.601,1.622,0.843,0.297,0.144,1.866,0.629,0.692,0.217,0.103,3.814,1.656,0.471,0.237,0.103,4.594,2.019,0.872,0.261,0.188,1.749,0.731,0.561,0.236,0.159,0.527,0.212,0.25,0.056,0.055,0.767,0.863,0.807,0.178,0.11,1.789,1.288,1.13,0.298,0.104,0.067,0.019,0.011,0.018,0.016,7.622,4.28,2.56,0.722,0.43,1.344,0.764,0.549,0.116,0.109,5.984,3.096,1.475,0.283,0.272,4.313,1.84,1.233,0.531,0.251,6.343,2.602,1.746,0.586,0.257
1761327775,2025-10-24,neutral,5.295,2.025,1.021,0.315,0.147,2.93,0.971,0.858,0.255,0.1,4.308,1.886,0.554,0.27,0.093,5.249,2.205,1.015,0.311,0.182,1.591,0.734,0.59,0.243,0.158,0.522,0.237,0.239,0.055,0.051,0.756,0.816,0.791,0.2,0.104,1.861,1.447,1.194,0.331,0.093,0.075,0.023,0.015,0.021,0.018,6.83,4.889,2.777,0.824,0.384,1.347,0.77,0.608,0.098,0.1,6.195,3.408,1.795,0.349,0.255,5.173,2.133,1.446,0.522,0.227,9.447,3.262,2.048,0.62,0.249
1761327775,2025-10-24,neutral,8.522,2.635,1.115,0.342,0.154,4.85,1.483,0.976,0.32,0.105,4.5,2.014,0.603,0.316,0.087,6.045,2.351,1.07,0.389,0.179,1.436,0.73,0.565,0.254,0.156,0.494,0.26,0.214,0.06,0.049,0.712,0.783,0.716,0.215,0.097,1.922,1.53,1.188,0.353,0.084,0.081,0.029,0.022,0.023,0.018,6.123,5.05,2.705,0.881,0.335,1.383,0.754,0.632,0.088,0.091,6.272,3.611,1.96,0.414,0.238,7.165,2.702,1.558,0.527,0.229,15.493,4.427,2.191,0.663,0.253
1761327775,2025-10-24,neutral,13.022,3.401,1.101,0.367,0.166,7.439,2.118,1.022,0.39,0.117,4.323,2.066,0.607,0.362,0.09,6.891,2.462,1.018,0.476,0.184,1.428,0.749,0.497,0.267,0.158,0.523,0.284,0.182,0.071,0.049,0.642,0.761,0.603,0.219,0.09,1.89,1.505,1.129,0.359,0.079,0.083,0.035,0.032,0.025,0.017,5.604,4.777,2.388,0.89,0.295,1.477,0.707,0.622,0.09,0.084,6.215,3.721,1.94,0.463,0.228,10.123,3.512,1.574,0.53,0.259,23.991,5.991,2.142,0.692,0.27
1761327775,2025-10-24,neutral,17.9,4.147,0.989,0.377,0.184,10.197,2.739,0.992,0.443,0.135,3.927,2.063,0.572,0.393,0.101,7.758,2.527,0.877,0.544,0.2,1.656,0.781,0.407,0.276,0.166,0.567,0.298,0.147,0.086,0.053,0.646,0.747,0.486,0.215,0.085,1.926,1.381,1.049,0.355,0.082,0.09,0.043,0.042,0.027,0.017,5.556,4.213,1.946,0.863,0.276,1.639,0.629,0.587,0.107,0.082,6.284,3.739,1.769,0.489,0.232,13.499,4.372,1.525,0.523,0.307,33.142,7.566,1.926,0.69,0.301
1761327775,2025-10-24,neutral,21.741,4.668,0.818,0.366,0.202,12.34,3.194,0.908,0.461,0.159,3.36,2.037,0.509,0.396,0.12,8.331,2.554,0.69,0.572,0.225,2.323,0.893,0.361,0.275,0.18,0.642,0.315,0.126,0.099,0.059,0.628,0.741,0.386,0.203,0.087,1.855,1.207,0.965,0.345,0.096,0.106,0.051,0.048,0.029,0.017,5.596,3.583,1.524,0.816,0.278,1.81,0.544,0.534,0.133,0.086,6.232,3.688,1.51,0.496,0.25,16.278,5.051,1.44,0.501,0.355,40.216,8.683,1.607,0.649,0.338
1761327775,2025-10-24,neutral,23.352,4.814,0.642,0.34,0.216,13.236,3.368,0.795,0.441,0.184,2.926,2.001,0.437,0.372,0.14,8.561,2.563,0.51,0.556,0.254,16.724,4.347,0.812,0.313,0.196,3.891,1.101,0.226,0.118,0.065,0.738,0.77,0.305,0.19,0.097,1.886,1.06,0.884,0.339,0.122,0.138,0.06,0.05,0.031,0.02,5.873,3.095,1.216,0.757,0.296,2.016,0.493,0.47,0.16,0.092,6.331,3.601,1.235,0.496,0.274,17.74,5.376,1.331,0.475,0.385,42.786,9.017,1.268,0.585,0.368
1761327775,2025-10-24,neutral,22.453,4.554,0.504,0.312,0.219,12.715,3.238,0.674,0.393,0.208,2.793,1.964,0.374,0.331,0.16,8.467,2.571,0.383,0.511,0.281,87.69,21.749,2.85,0.515,0.225,19.734,5.103,0.707,0.166,0.072,0.896,0.866,0.243,0.18,0.114,1.932,1.021,0.804,0.343,0.154,0.174,0.068,0.045,0.032,0.024,6.313,2.877,1.052,0.69,0.325,2.251,0.521,0.396,0.181,0.1,6.541,3.52,1.009,0.508,0.295,17.593,5.314,1.197,0.456,0.388,40.29,8.505,0.984,0.521,0.385
1761327775,2025-10-24,neutral,19.477,3.989,0.433,0.294,0.212,11.102,2.897,0.568,0.337,0.228,3.229,1.945,0.336,0.289,0.177,8.376,2.609,0.337,0.456,0.302,276.924,64.598,7.547,1.007,0.284,63.43,14.947,1.819,0.27,0.082,1.314,1.051,0.199,0.177,0.132,2.319,1.125,0.725,0.359,0.186,0.212,0.075,0.037,0.032,0.03,7.473,2.961,0.991,0.62,0.358,2.6,0.645,0.319,0.192,0.107,7.328,3.479,0.879,0.538,0.303,16.218,4.973,1.058,0.454,0.367,33.603,7.381,0.807,0.472,0.385
1761327776,2025-10-24,neutral,15.83,3.304,0.432,0.287,0.198,9.133,2.484,0.492,0.289,0.241,4.152,1.963,0.332,0.258,0.189,8.533,2.688,0.371,0.408,0.314,604.054,135.244,15.058,1.804,0.386,138.145,31.15,3.61,0.433,0.098,1.851,1.309,0.172,0.182,0.148,2.889,1.355,0.659,0.378,0.21,0.229,0.084,0.03,0.033,0.039,9.297,3.337,0.975,0.556,0.388,3.026,0.845,0.249,0.193,0.113,8.596,3.491,0.861,0.577,0.296,14.403,4.541,0.95,0.467,0.333,25.547,6.048,0.74,0.435,0.373
1761327776,2025-10-24,neutral,12.567,2.734,0.487,0.286,0.184,7.436,2.144,0.453,0.259,0.245,5.375,2.055,0.366,0.242,0.196,9.024,2.834,0.456,0.374,0.316,1017.626,221.491,24.036,2.757,0.52,233.52,50.876,5.754,0.628,0.12,2.481,1.601,0.169,0.193,0.155,3.65,1.667,0.613,0.391,0.22,0.227,0.098,0.03,0.034,0.05,11.67,3.938,0.967,0.507,0.408,3.468,1.094,0.202,0.187,0.118,10.208,3.596,0.934,0.605,0.274,12.763,4.22,0.915,0.485,0.298,18.531,4.938,0.77,0.403,0.355
1761327776,2025-10-24,neutral,10.604,2.438,0.588,0.285,0.175,6.46,1.959,0.458,0.249,0.239,6.538,2.219,0.433,0.235,0.197,9.789,3.027,0.562,0.352,0.308,1415.842,299.39,31.903,3.593,0.655,324.702,68.626,7.644,0.798,0.144,3.048,1.876,0.191,0.207,0.153,4.34,2.014,0.589,0.393,0.218,0.207,0.118,0.039,0.038,0.063,14.011,4.607,0.955,0.476,0.414,3.818,1.346,0.193,0.18,0.12,11.771,3.814,1.057,0.601,0.246,11.737,4.093,0.98,0.497,0.27,14.469,4.293,0.895,0.372,0.337
1761327776,2025-10-24,neutral,9.861,2.44,0.745,0.278,0.173,6.111,1.913,0.513,0.254,0.226,7.297,2.424,0.526,0.228,0.194,10.47,3.21,0.678,0.336,0.294,1656.698,343.16,36.112,4.032,0.748,379.92,78.505,8.661,0.885,0.162,3.355,2.095,0.238,0.221,0.146,4.731,2.357,0.589,0.382,0.212,0.185,0.142,0.055,0.043,0.075,15.479,5.194,0.957,0.457,0.408,3.955,1.557,0.227,0.176,0.122,12.782,4.137,1.207,0.563,0.223,11.174,4.123,1.176,0.499,0.253,13.362,4.098,1.142,0.348,0.32
1761327776,2025-10-24,neutral,9.621,2.639,0.976,0.264,0.174,5.936,1.935,0.609,0.265,0.212,7.438,2.612,0.636,0.215,0.189,10.639,3.312,0.806,0.328,0.279,1669.855,337.104,35.068,3.915,0.766,382.661,76.968,8.422,0.858,0.167,3.342,2.229,0.304,0.232,0.14,4.701,2.66,0.612,0.361,0.213,0.169,0.164,0.074,0.047,0.082,15.794,5.558,1.023,0.439,0.395,3.873,1.7,0.294,0.176,0.122,12.927,4.509,1.391,0.496,0.217,10.595,4.197,1.514,0.492,0.246,13.695,4.174,1.532,0.338,0.31
1761327776,2025-10-24,neutral,9.102,2.88,1.273,0.247,0.175,5.496,1.948,0.725,0.275,0.202,6.977,2.732,0.743,0.2,0.183,10.015,3.278,0.947,0.328,0.266,1437.83,283.586,29.279,3.289,0.703,329.078,64.611,7.039,0.727,0.157,3.01,2.261,0.376,0.239,0.141,4.254,2.882,0.658,0.34,0.23,0.167,0.178,0.09,0.048,0.082,14.721,5.596,1.199,0.422,0.382,3.624,1.766,0.374,0.181,0.123,12.107,4.838,1.61,0.423,0.231,9.613,4.211,1.957,0.486,0.25,13.688,4.314,2.033,0.35,0.307
1761327776,2025-10-24,neutral,8.089,2.988,1.576,0.231,0.173,4.706,1.89,0.821,0.277,0.199,6.173,2.716,0.817,0.192,0.178,8.79,3.063,1.076,0.339,0.255,1053.65,201.471,20.65,2.376,0.58,240.909,45.783,4.966,0.539,0.135,2.571,2.178,0.445,0.246,0.152,3.632,2.983,0.72,0.329,0.261,0.176,0.178,0.099,0.046,0.075,12.908,5.339,1.489,0.414,0.375,3.345,1.755,0.441,0.189,0.125,10.729,4.99,1.839,0.368,0.261,8.29,4.098,2.397,0.491,0.266,12.638,4.358,2.527,0.387,0.316
1761327776,2025-10-24,push,6.811,2.87,1.806,0.221,0.169,3.727,1.738,0.869,0.267,0.202,5.277,2.526,0.837,0.197,0.172,7.308,2.674,1.158,0.358,0.244,634.86,117.272,12.034,1.464,0.44,144.887,26.563,2.889,0.356,0.108,2.174,1.973,0.5,0.256,0.169,3.054,2.905,0.785,0.335,0.294,0.186,0.166,0.102,0.041,0.062,10.759,4.876,1.835,0.424,0.376,3.138,1.677,0.478,0.199,0.128,9.13,4.846,2.032,0.345,0.296,6.931,3.855,2.711,0.511,0.294,10.763,4.224,2.878,0.446,0.334
1761327777,2025-10-24,push,5.658,2.519,1.884,0.217,0.164,2.878,1.509,0.856,0.246,0.209,4.586,2.191,0.79,0.216,0.165,6.023,2.183,1.158,0.375,0.234,298.551,52.751,5.502,0.779,0.323,68.027,11.893,1.31,0.222,0.086,1.917,1.664,0.543,0.274,0.186,2.649,2.631,0.838,0.356,0.314,0.188,0.145,0.102,0.037,0.048,8.938,4.355,2.128,0.461,0.383,3.003,1.551,0.471,0.208,0.133,7.766,4.371,2.126,0.357,0.321,5.911,3.519,2.791,0.539,0.33,8.768,3.91,2.962,0.513,0.356
1761327777,2025-10-24,push,4.627,2.018,1.77,0.219,0.163,2.181,1.242,0.781,0.217,0.214,4.043,1.787,0.687,0.245,0.158,4.971,1.699,1.06,0.387,0.224,99.142,16.459,1.91,0.402,0.25,22.631,3.692,0.438,0.149,0.071,1.745,1.291,0.575,0.302,0.197,2.427,2.204,0.863,0.385,0.311,0.176,0.122,0.101,0.035,0.035,7.485,3.989,2.258,0.518,0.39,2.866,1.413,0.425,0.214,0.14,6.541,3.668,2.073,0.395,0.33,5.244,3.172,2.598,0.561,0.367,6.815,3.49,2.735,0.569,0.377
1761327777,2025-10-24,push,3.916,1.54,1.49,0.224,0.167,1.786,0.99,0.666,0.189,0.218,3.751,1.436,0.553,0.274,0.153,4.288,1.347,0.882,0.393,0.217,19.467,3.095,0.592,0.269,0.217,4.531,0.702,0.123,0.121,0.064,1.597,0.924,0.602,0.337,0.202,2.291,1.749,0.866,0.413,0.285,0.155,0.101,0.103,0.036,0.027,6.717,3.936,2.174,0.582,0.393,2.76,1.317,0.366,0.217,0.146,5.652,2.979,1.863,0.447,0.323,5.092,2.954,2.183,0.568,0.398,5.528,3.14,2.256,0.605,0.389
1761327777,2025-10-24,push,3.26,1.234,1.115,0.239,0.178,1.481,0.792,0.536,0.178,0.223,3.404,1.225,0.417,0.299,0.15,3.698,1.189,0.665,0.41,0.215,3.355,0.78,0.314,0.256,0.208,0.934,0.199,0.079,0.112,0.062,1.358,0.623,0.621,0.373,0.203,2.149,1.396,0.864,0.433,0.244,0.129,0.089,0.113,0.04,0.025,6.152,4.165,1.908,0.637,0.391,2.47,1.303,0.316,0.217,0.15,4.747,2.522,1.521,0.506,0.309,5.147,2.962,1.655,0.571,0.42,4.679,3.006,1.652,0.631,0.393
1761327777,2025-10-24,push,2.837,1.19,0.742,0.269,0.192,1.389,0.686,0.417,0.2,0.232,3.157,1.201,0.309,0.32,0.149,3.442,1.259,0.473,0.46,0.222,2.26,0.754,0.249,0.286,0.204,0.601,0.173,0.109,0.109,0.062,1.116,0.429,0.634,0.404,0.205,2.02,1.248,0.905,0.451,0.203,0.13,0.102,0.136,0.046,0.029,6.01,4.55,1.563,0.681,0.39,2.29,1.388,0.289,0.218,0.152,4.135,2.441,1.137,0.572,0.299,5.518,3.282,1.15,0.593,0.432,4.447,3.191,1.084,0.675,0.391
1761327777,2025-10-24,neutral,2.424,1.365,0.461,0.32,0.205,1.383,0.682,0.329,0.261,0.247,2.808,1.336,0.248,0.337,0.15,3.395,1.549,0.383,0.556,0.237,3.146,0.925,0.261,0.345,0.197,0.66,0.205,0.17,0.113,0.064,0.867,0.357,0.672,0.429,0.21,1.908,1.332,1.06,0.477,0.178,0.201,0.165,0.179,0.054,0.04,6.078,4.972,1.271,0.719,0.391,2.105,1.544,0.292,0.225,0.15,3.61,2.708,0.83,0.645,0.301,5.873,3.895,0.777,0.653,0.444,4.508,3.654,0.684,0.767,0.387
1761327777,2025-10-24,neutral,2.162,1.611,0.31,0.387,0.21,1.597,0.753,0.285,0.352,0.264,2.501,1.527,0.246,0.35,0.15,3.87,1.982,0.47,0.689,0.257,2.92,1.218,0.383,0.425,0.188,0.412,0.298,0.257,0.123,0.071,0.755,0.383,0.784,0.443,0.219,1.898,1.568,1.397,0.516,0.176,0.39,0.29,0.242,0.065,0.056,6.645,5.266,1.113,0.754,0.394,2.123,1.699,0.326,0.24,0.145,3.305,3.116,0.703,0.713,0.312,6.243,4.614,0.589,0.751,0.462,4.67,4.196,0.532,0.908,0.385
1761327777,2025-10-24,neutral,1.938,1.762,0.278,0.465,0.205,1.924,0.843,0.287,0.452,0.274,2.109,1.653,0.293,0.356,0.146,4.616,2.426,0.753,0.836,0.273,3.878,1.562,0.65,0.508,0.176,0.495,0.453,0.34,0.138,0.08,0.73,0.468,1.001,0.444,0.231,1.922,1.826,1.916,0.563,0.193,0.704,0.472,0.32,0.08,0.076,7.352,5.3,1.112,0.792,0.393,2.138,1.779,0.388,0.26,0.138,3.025,3.417,0.78,0.768,0.324,6.329,5.156,0.562,0.881,0.488,4.861,4.549,0.627,1.085,0.383
1761327778,2025-10-24,neutral,1.97,1.714,0.325,0.562,0.192,2.461,0.896,0.333,0.54,0.272,1.78,1.635,0.376,0.36,0.138,5.798,2.735,1.182,0.983,0.279,4.563,1.864,1.03,0.58,0.165,0.518,0.641,0.397,0.151,0.093,0.857,0.571,1.309,0.434,0.238,2.05,1.989,2.526,0.618,0.218,1.097,0.683,0.402,0.097,0.095,8.298,4.991,1.217,0.848,0.385,2.173,1.746,0.472,0.284,0.129,2.926,3.439,1.016,0.823,0.33,6.452,5.266,0.638,1.049,0.524,5.263,4.482,0.911,1.294,0.379
1761327778,2025-10-24,pull,2.335,1.484,0.407,0.694,0.178,3.126,0.884,0.411,0.604,0.259,1.555,1.486,0.478,0.37,0.127,7.066,2.814,1.642,1.119,0.275,5.369,2.043,1.44,0.632,0.158,0.656,0.818,0.414,0.157,0.106,1.067,0.66,1.64,0.417,0.238,2.192,2.007,3.061,0.681,0.239,1.496,0.875,0.468,0.113,0.109,9.023,4.395,1.347,0.929,0.371,2.204,1.619,0.567,0.308,0.121,3.117,3.193,1.323,0.896,0.325,6.725,4.906,0.757,1.263,0.564,6.252,3.978,1.287,1.533,0.371
1761327778,2025-10-24,pull,3.252,1.16,0.513,0.859,0.168,4.042,0.809,0.518,0.636,0.239,1.623,1.264,0.588,0.393,0.116,8.639,2.635,2.013,1.235,0.26,6.104,2.046,1.769,0.659,0.157,0.817,0.937,0.391,0.154,0.115,1.408,0.712,1.891,0.399,0.228,2.469,1.877,3.354,0.743,0.25,1.783,0.998,0.499,0.124,0.115,9.481,3.642,1.443,1.026,0.353,2.221,1.433,0.664,0.327,0.114,4.005,2.79,1.623,0.996,0.312,7.711,4.182,0.906,1.509,0.596,8.318,3.174,1.664,1.78,0.358
1761327778,2025-10-24,pull,4.967,0.848,0.631,1.031,0.165,5.263,0.688,0.641,0.636,0.221,2.126,1.044,0.691,0.424,0.107,10.482,2.249,2.202,1.312,0.241,6.72,1.879,1.914,0.659,0.163,0.921,0.958,0.341,0.144,0.12,1.879,0.713,1.974,0.38,0.21,2.882,1.646,3.296,0.792,0.25,1.904,1.018,0.484,0.126,0.11,9.635,2.904,1.481,1.114,0.335,2.342,1.229,0.747,0.338,0.107,5.799,2.37,1.842,1.103,0.293,9.788,3.305,1.081,1.744,0.607,11.998,2.294,1.956,1.988,0.34
1761327778,2025-10-24,pull,7.608,0.648,0.749,1.164,0.171,6.761,0.561,0.763,0.609,0.211,2.941,0.873,0.772,0.455,0.101,12.439,1.772,2.188,1.327,0.22,7.242,1.599,1.851,0.633,0.174,1.007,0.876,0.28,0.129,0.119,2.429,0.668,1.86,0.363,0.188,3.368,1.378,2.9,0.811,0.242,1.81,0.935,0.428,0.117,0.098,9.57,2.315,1.477,1.16,0.327,2.439,1.036,0.803,0.335,0.101,8.219,2.023,1.939,1.179,0.274,13.046,2.484,1.275,1.907,0.591,17.738,1.567,2.108,2.105,0.321
1761327778,2025-10-24,pull,11.442,0.632,0.854,1.213,0.187,8.447,0.473,0.874,0.567,0.212,3.947,0.763,0.816,0.472,0.097,14.034,1.322,2.02,1.269,0.206,7.397,1.283,1.612,0.584,0.186,1.034,0.718,0.222,0.113,0.113,2.921,0.593,1.59,0.347,0.167,3.793,1.122,2.284,0.786,0.23,1.57,0.779,0.347,0.1,0.081,9.401,1.941,1.457,1.141,0.342,2.623,0.872,0.817,0.316,0.095,10.721,1.769,1.911,1.185,0.259,17.251,1.88,1.459,1.938,0.55,26.144,1.209,2.106,2.089,0.307
1761327778,2025-10-24,pull,16.475,0.806,0.935,1.151,0.215,10.168,0.474,0.962,0.517,0.225,4.918,0.691,0.815,0.464,0.095,14.957,0.983,1.787,1.141,0.206,7.043,1.006,1.293,0.52,0.198,0.956,0.532,0.176,0.099,0.105,3.296,0.51,1.249,0.331,0.152,4.042,0.91,1.625,0.716,0.219,1.244,0.596,0.265,0.079,0.065,9.135,1.761,1.437,1.047,0.389,2.793,0.737,0.783,0.279,0.091,12.764,1.573,1.791,1.098,0.248,21.903,1.556,1.59,1.807,0.496,37.3,1.332,1.975,1.929,0.31
1761327778,2025-10-24,pull,21.854,1.103,0.983,0.991,0.252,11.584,0.583,1.02,0.467,0.242,5.503,0.628,0.769,0.428,0.099,14.734,0.77,1.564,0.964,0.223,6.202,0.814,0.992,0.446,0.21,0.949,0.368,0.143,0.089,0.097,3.329,0.441,0.925,0.315,0.145,3.934,0.757,1.075,0.611,0.213,0.927,0.424,0.199,0.06,0.052,8.631,1.689,1.414,0.888,0.465,2.949,0.623,0.703,0.23,0.09,13.517,1.39,1.619,0.929,0.241,25.85,1.475,1.615,1.536,0.443,49.393,1.883,1.759,1.654,0.333
1761327779,2025-10-24,pull,26.331,1.417,0.997,0.778,0.289,12.345,0.783,1.042,0.421,0.257,5.543,0.569,0.689,0.374,0.111,13.264,0.665,1.396,0.776,0.254,4.979,0.739,0.766,0.377,0.22,0.727,0.255,0.122,0.084,0.092,3.065,0.412,0.683,0.296,0.146,3.47,0.675,0.715,0.498,0.211,0.668,0.285,0.157,0.045,0.044,7.784,1.66,1.383,0.708,0.553,2.969,0.534,0.592,0.177,0.092,12.807,1.227,1.44,0.721,0.237,28.03,1.576,1.521,1.194,0.401,59.464,2.68,1.505,1.331,0.371
1761327779,2025-10-24,pull,28.345,1.637,0.981,0.57,0.316,12.102,1.029,1.024,0.384,0.265,4.967,0.527,0.592,0.316,0.13,10.687,0.64,1.281,0.613,0.292,3.35,0.784,0.643,0.325,0.227,0.652,0.197,0.108,0.084,0.089,2.453,0.438,0.539,0.275,0.149,2.706,0.669,0.536,0.402,0.211,0.492,0.183,0.136,0.036,0.039,6.472,1.644,1.337,0.557,0.628,2.823,0.481,0.478,0.134,0.096,10.677,1.111,1.273,0.528,0.234,27.4,1.793,1.336,0.872,0.371,63.982,3.454,1.255,1.034,0.408
1761327779,2025-10-24,pull,27.282,1.686,0.936,0.416,0.324,10.888,1.265,0.962,0.36,0.264,4.072,0.521,0.491,0.265,0.153,7.749,0.661,1.184,0.497,0.324,2.183,0.921,0.577,0.297,0.229,0.439,0.176,0.096,0.088,0.087,1.763,0.513,0.473,0.255,0.15,1.942,0.727,0.47,0.34,0.21,0.387,0.113,0.127,0.033,0.038,4.976,1.609,1.271,0.472,0.663,2.54,0.454,0.375,0.109,0.099,8.08,1.062,1.117,0.391,0.231,24.259,2.029,1.117,0.642,0.348,61.513,3.944,1.035,0.821,0.43
1761327779,2025-10-24,pull,23.173,1.541,0.869,0.335,0.31,8.94,1.43,0.856,0.348,0.253,3.064,0.562,0.4,0.227,0.174,5.093,0.71,1.076,0.431,0.34,1.041,1.103,0.542,0.291,0.223,0.358,0.175,0.085,0.095,0.083,1.104,0.615,0.441,0.243,0.147,1.301,0.834,0.444,0.316,0.205,0.34,0.074,0.121,0.038,0.038,3.495,1.548,1.185,0.475,0.644,2.123,0.438,0.291,0.103,0.1,5.543,1.084,0.963,0.323,0.228,19.19,2.179,0.921,0.527,0.326,52.217,3.97,0.86,0.702,0.423
1761327779,2025-10-24,pull,17.153,1.245,0.792,0.314,0.28,6.618,1.489,0.716,0.342,0.234,2.232,0.641,0.334,0.201,0.187,3.101,0.771,0.967,0.403,0.338,0.801,1.256,0.483,0.297,0.21,0.274,0.177,0.074,0.104,0.076,0.653,0.719,0.418,0.247,0.139,0.95,0.964,0.424,0.32,0.196,0.337,0.064,0.117,0.053,0.039,2.413,1.444,1.096,0.57,0.573,1.727,0.418,0.232,0.108,0.099,3.708,1.156,0.825,0.317,0.221,13.382,2.187,0.793,0.508,0.302,38.497,3.537,0.754,0.649,0.39
1761327779,2025-10-24,pull,11.04,0.903,0.712,0.327,0.242,4.574,1.442,0.563,0.333,0.21,1.697,0.74,0.295,0.184,0.188,2.081,0.83,0.88,0.4,0.318,1.124,1.446,0.48,0.317,0.192,0.342,0.188,0.082,0.119,0.067,0.428,0.804,0.395,0.271,0.13,0.802,1.097,0.403,0.337,0.182,0.34,0.071,0.115,0.078,0.042,1.77,1.324,1.026,0.737,0.47,1.344,0.383,0.192,0.114,0.099,2.655,1.265,0.724,0.347,0.212,8.335,2.082,0.751,0.545,0.278,24.403,2.834,0.734,0.615,0.343
1761327779,2025-10-24,neutral,5.948,0.637,0.635,0.349,0.208,3.017,1.326,0.422,0.318,0.186,1.391,0.838,0.285,0.179,0.178,1.732,0.872,0.82,0.417,0.287,18.179,2.914,2.207,0.515,0.196,4.246,0.5,0.472,0.179,0.063,0.387,0.857,0.369,0.312,0.121,0.79,1.223,0.384,0.357,0.165,0.331,0.085,0.114,0.11,0.045,1.444,1.243,0.984,0.941,0.363,1.067,0.337,0.162,0.114,0.102,2.13,1.405,0.67,0.395,0.202,4.612,1.93,0.771,0.609,0.261,12.724,2.118,0.788,0.578,0.302
1761327779,2025-10-24,neutral,2.803,0.514,0.565,0.368,0.184,2.177,1.181,0.319,0.301,0.167,1.245,0.919,0.301,0.186,0.16,1.838,0.892,0.775,0.449,0.251,99.302,12.751,10.505,1.238,0.326,22.612,2.671,2.3,0.362,0.087,0.45,0.879,0.344,0.359,0.115,0.765,1.337,0.384,0.376,0.147,0.296,0.098,0.111,0.138,0.047,1.281,1.233,0.965,1.127,0.279,0.817,0.294,0.139,0.108,0.108,1.85,1.566,0.66,0.449,0.194,2.581,1.797,0.809,0.676,0.253,5.43,1.578,0.88,0.536,0.282
1761327780,2025-10-24,neutral,1.25,0.533,0.515,0.371,0.172,1.794,1.037,0.272,0.285,0.154,1.157,0.959,0.344,0.2,0.138,2.135,0.885,0.741,0.48,0.216,331.408,41.745,30.378,2.771,0.712,77.304,9.105,6.668,0.725,0.169,0.585,0.873,0.326,0.397,0.111,0.757,1.425,0.427,0.384,0.129,0.24,0.105,0.105,0.154,0.046,1.206,1.297,0.963,1.235,0.23,0.678,0.261,0.128,0.1,0.113,1.646,1.711,0.698,0.496,0.191,1.824,1.69,0.838,0.717,0.251,1.982,1.273,0.969,0.492,0.283
1761327780,2025-10-24,neutral,0.906,0.63,0.505,0.358,0.168,1.778,0.901,0.285,0.271,0.146,1.104,0.937,0.413,0.216,0.119,2.473,0.853,0.718,0.489,0.185,734.231,95.628,62.548,5.066,1.408,170.183,21.081,13.737,1.251,0.322,0.743,0.849,0.317,0.413,0.107,0.705,1.464,0.525,0.374,0.115,0.174,0.102,0.093,0.149,0.042,1.16,1.407,0.971,1.227,0.212,0.56,0.241,0.14,0.096,0.116,1.481,1.777,0.779,0.529,0.196,1.865,1.58,0.848,0.714,0.248,1.164,1.136,1.029,0.453,0.296
1761327780,2025-10-24,neutral,0.847,0.738,0.539,0.337,0.168,1.73,0.763,0.344,0.261,0.14,1.033,0.848,0.499,0.23,0.107,2.662,0.801,0.707,0.462,0.161,1268.551,168.606,101.315,7.64,2.314,295.074,37.358,22.293,1.826,0.526,0.878,0.815,0.318,0.403,0.103,0.636,1.438,0.671,0.342,0.105,0.112,0.09,0.075,0.126,0.034,1.12,1.533,0.986,1.104,0.218,0.518,0.234,0.182,0.104,0.113,1.266,1.72,0.892,0.549,0.207,2.024,1.436,0.847,0.665,0.241,1.047,1.056,1.045,0.427,0.306
1761327780,2025-10-24,neutral,0.908,0.81,0.608,0.324,0.169,1.62,0.623,0.428,0.255,0.133,0.946,0.709,0.583,0.239,0.1,2.597,0.726,0.71,0.403,0.145,1792.102,242.736,135.778,9.731,3.19,415.425,53.928,29.925,2.278,0.728,0.988,0.774,0.33,0.375,0.096,0.544,1.339,0.839,0.293,0.099,0.068,0.072,0.057,0.093,0.026,1.092,1.637,1.004,0.908,0.237,0.476,0.23,0.252,0.126,0.105,1.048,1.531,1.018,0.562,0.221,2.02,1.26,0.841,0.586,0.232,0.98,0.959,1.018,0.42,0.306
1761327780,2025-10-24,push,0.962,0.844,0.812,0.399,0.161,1.008,0.318,0.651,0.279,0.105,0.841,0.346,0.655,0.244,0.099,1.483,0.426,0.71,0.232,0.149,1923.965,273.609,126.479,8.111,3.31,443.237,61.138,28.07,1.843,0.784,0.927,0.655,0.359,0.301,0.073,0.597,0.867,1.133,0.172,0.102,0.044,0.026,0.036,0.038,0.02,1.164,1.643,1.158,0.419,0.296,0.452,0.174,0.511,0.228,0.09,0.892,0.767,1.271,0.582,0.224,1.569,0.865,0.872,0.405,0.209,1.153,0.712,0.923,0.516,0.229
1761327780,2025-10-24,push,0.993,0.845,0.822,0.438,0.151,0.829,0.296,0.706,0.304,0.101,0.952,0.328,0.615,0.25,0.096,1.152,0.356,0.682,0.224,0.154,1437.052,207.925,89.613,5.591,2.468,330.267,46.538,19.949,1.273,0.604,0.872,0.619,0.347,0.295,0.071,0.884,0.758,1.118,0.168,0.11,0.054,0.02,0.04,0.044,0.023,1.235,1.534,1.246,0.376,0.3,0.422,0.168,0.59,0.244,0.094,1.124,0.68,1.298,0.57,0.208,1.492,0.873,0.931,0.41,0.199,1.316,0.704,0.951,0.574,0.196
1761327781,2025-10-24,push,1.145,0.893,0.806,0.464,0.14,0.719,0.33,0.763,0.334,0.104,1.164,0.366,0.58,0.267,0.092,1.045,0.357,0.658,0.234,0.157,889.371,131.343,52.094,3.214,1.55,203.313,29.456,11.664,0.747,0.402,0.825,0.582,0.331,0.296,0.076,1.296,0.684,1.079,0.184,0.121,0.067,0.017,0.046,0.053,0.027,1.383,1.392,1.323,0.373,0.3,0.38,0.196,0.657,0.245,0.099,1.524,0.721,1.324,0.552,0.193,1.531,0.959,1.024,0.446,0.188,1.614,0.794,1.027,0.642,0.173
1761327781,2025-10-24,push,2.135,1.098,0.787,0.477,0.135,1.189,0.437,0.816,0.359,0.114,1.603,0.467,0.569,0.296,0.09,1.437,0.467,0.649,0.248,0.159,434.011,65.814,23.456,1.523,0.817,99.105,14.802,5.316,0.383,0.234,0.856,0.538,0.317,0.299,0.09,1.81,0.633,1.034,0.215,0.136,0.081,0.017,0.05,0.058,0.03,1.737,1.24,1.352,0.39,0.302,0.438,0.281,0.704,0.236,0.103,2.463,0.897,1.359,0.538,0.191,2.401,1.209,1.139,0.515,0.178,3.551,1.232,1.154,0.716,0.162
1761327781,2025-10-24,push,5.484,1.635,0.789,0.482,0.141,3.257,0.642,0.848,0.373,0.129,2.493,0.641,0.588,0.332,0.093,2.81,0.75,0.661,0.257,0.167,152.129,23.898,7.358,0.652,0.397,34.416,5.41,1.735,0.202,0.132,1.004,0.487,0.308,0.301,0.112,2.435,0.588,0.983,0.254,0.155,0.097,0.022,0.051,0.057,0.035,2.48,1.096,1.308,0.426,0.315,0.78,0.436,0.727,0.227,0.104,4.723,1.207,1.403,0.54,0.21,5.502,1.763,1.272,0.625,0.18,10.242,2.425,1.359,0.79,0.166
1761327781,2025-10-24,push,12.289,2.581,0.82,0.485,0.158,7.608,0.927,0.847,0.372,0.148,3.928,0.88,0.621,0.362,0.101,5.201,1.231,0.683,0.256,0.184,31.117,5.309,1.451,0.371,0.26,7.189,1.234,0.407,0.148,0.092,1.283,0.431,0.305,0.3,0.138,3.165,0.543,0.907,0.293,0.177,0.116,0.032,0.049,0.053,0.039,3.648,0.971,1.185,0.484,0.34,1.521,0.663,0.724,0.224,0.104,8.848,1.634,1.428,0.554,0.249,11.633,2.65,1.41,0.774,0.202,24.017,4.563,1.65,0.853,0.183
1761327781,2025-10-24,push,22.279,3.834,0.864,0.482,0.181,14.36,1.296,0.821,0.358,0.167,5.756,1.147,0.644,0.369,0.113,8.341,1.858,0.693,0.244,0.21,3.636,0.853,0.428,0.326,0.277,0.935,0.229,0.171,0.14,0.09,1.645,0.375,0.301,0.29,0.161,3.975,0.504,0.786,0.321,0.198,0.14,0.049,0.045,0.046,0.044,5.079,0.888,1.015,0.553,0.368,2.659,0.941,0.692,0.226,0.105,14.727,2.136,1.403,0.563,0.299,20.346,3.734,1.523,0.928,0.242,44.316,7.399,1.991,0.887,0.209
1761327781,2025-10-24,push,33.262,5.059,0.901,0.461,0.202,22.79,1.702,0.804,0.344,0.189,7.533,1.371,0.645,0.346,0.126,11.4,2.479,0.672,0.224,0.244,1.591,0.666,0.414,0.319,0.325,0.57,0.178,0.167,0.133,0.099,2.026,0.325,0.288,0.267,0.177,4.755,0.481,0.622,0.332,0.215,0.171,0.069,0.039,0.041,0.048,6.382,0.854,0.857,0.613,0.387,3.977,1.227,0.632,0.228,0.106,21.153,2.596,1.32,0.543,0.348,29.57,4.721,1.586,1.04,0.286,66.614,10.2,2.311,0.874,0.237
1761327781,2025-10-24,push,41.808,5.838,0.908,0.418,0.216,31.193,2.09,0.843,0.338,0.215,8.718,1.478,0.621,0.299,0.138,13.474,2.906,0.619,0.203,0.279,2.092,0.794,0.442,0.305,0.361,0.775,0.198,0.177,0.12,0.11,2.293,0.286,0.261,0.233,0.186,5.402,0.483,0.452,0.327,0.224,0.21,0.089,0.034,0.037,0.049,7.148,0.838,0.771,0.641,0.387,5.099,1.472,0.562,0.224,0.11,26.402,2.9,1.194,0.485,0.384,36.339,5.281,1.587,1.067,0.323,83.935,12.076,2.525,0.813,0.259
1761327781,2025-10-24,push,44.955,5.862,0.883,0.359,0.221,37.514,2.385,0.963,0.346,0.247,9.033,1.425,0.581,0.243,0.147,14.025,2.98,0.554,0.186,0.313,2.877,0.905,0.459,0.281,0.377,0.983,0.227,0.186,0.105,0.118,2.535,0.254,0.223,0.197,0.192,5.928,0.509,0.312,0.315,0.227,0.252,0.105,0.031,0.036,0.047,7.18,0.808,0.788,0.631,0.369,5.688,1.627,0.499,0.215,0.114,29.174,2.935,1.06,0.401,0.401,38.419,5.207,1.536,1.001,0.344,90.397,12.358,2.59,0.722,0.273
1761327782,2025-10-24,push,41.588,5.098,0.843,0.305,0.217,40.092,2.532,1.153,0.369,0.283,8.43,1.225,0.539,0.2,0.153,13.12,2.669,0.51,0.182,0.342,4.157,0.981,0.462,0.252,0.368,1.25,0.259,0.19,0.089,0.118,2.751,0.23,0.185,0.17,0.2,6.361,0.57,0.219,0.307,0.227,0.288,0.112,0.031,0.038,0.042,6.598,0.781,0.898,0.59,0.339,5.513,1.661,0.453,0.209,0.119,28.947,2.709,0.953,0.325,0.401,35.11,4.531,1.46,0.867,0.349,83.737,10.973,2.522,0.637,0.279
1761327782,2025-10-24,push,33.233,3.806,0.812,0.279,0.206,38.642,2.501,1.36,0.398,0.316,7.347,0.94,0.518,0.182,0.157,11.397,2.081,0.526,0.199,0.363,5.953,1.027,0.464,0.225,0.333,1.591,0.291,0.186,0.076,0.11,3.158,0.222,0.169,0.16,0.212,6.829,0.684,0.173,0.31,0.226,0.313,0.111,0.032,0.045,0.036,5.784,0.81,1.064,0.539,0.307,4.748,1.571,0.421,0.212,0.123,26.682,2.34,0.914,0.29,0.391,27.978,3.505,1.401,0.716,0.342,66.952,8.48,2.39,0.592,0.279
1761327782,2025-10-24,push,22.681,2.434,0.817,0.29,0.192,33.713,2.303,1.52,0.423,0.339,6.139,0.662,0.538,0.188,0.157,9.533,1.419,0.627,0.235,0.371,8.132,1.03,0.475,0.207,0.28,1.948,0.313,0.172,0.067,0.095,3.629,0.253,0.194,0.169,0.228,7.269,0.866,0.175,0.328,0.225,0.328,0.105,0.035,0.056,0.03,4.944,0.947,1.248,0.504,0.285,3.632,1.38,0.398,0.229,0.125,23.441,2.002,0.969,0.314,0.374,19.522,2.495,1.391,0.598,0.328,45.969,5.77,2.281,0.603,0.276
1761327782,2025-10-24,push,13.191,1.382,0.856,0.33,0.177,26.718,1.99,1.589,0.431,0.345,5.107,0.47,0.604,0.204,0.153,7.912,0.876,0.809,0.282,0.364,10.317,0.987,0.501,0.203,0.22,2.259,0.316,0.152,0.061,0.079,4.062,0.346,0.267,0.188,0.244,7.428,1.102,0.224,0.357,0.227,0.331,0.098,0.039,0.068,0.027,4.288,1.195,1.394,0.494,0.275,2.485,1.128,0.379,0.253,0.123,20.078,1.833,1.113,0.387,0.358,12.166,1.784,1.426,0.537,0.313,27.047,3.621,2.237,0.659,0.276
1761327782,2025-10-24,push,6.756,0.804,0.908,0.375,0.166,19.343,1.612,1.546,0.419,0.333,4.294,0.39,0.697,0.215,0.147,6.758,0.554,1.027,0.327,0.346,12.297,0.888,0.531,0.212,0.169,2.502,0.296,0.129,0.06,0.066,4.29,0.5,0.376,0.208,0.257,7.209,1.349,0.31,0.385,0.233,0.322,0.101,0.041,0.078,0.027,3.857,1.489,1.461,0.505,0.279,1.627,0.873,0.361,0.278,0.118,17.124,1.863,1.298,0.475,0.346,7.354,1.457,1.467,0.529,0.299,14.283,2.367,2.23,0.728,0.28
1761327782,2025-10-24,push,3.638,0.608,0.931,0.406,0.162,12.828,1.211,1.395,0.387,0.309,3.571,0.387,0.778,0.214,0.141,5.916,0.427,1.204,0.361,0.324,13.67,0.732,0.547,0.23,0.135,2.623,0.253,0.107,0.066,0.058,4.204,0.687,0.49,0.224,0.264,6.484,1.546,0.406,0.403,0.245,0.302,0.123,0.041,0.085,0.03,3.578,1.754,1.442,0.528,0.294,1.135,0.664,0.339,0.299,0.114,14.395,2.002,1.45,0.541,0.346,4.966,1.403,1.456,0.554,0.288,7.973,1.858,2.182,0.783,0.294
1761327782,2025-10-24,push,2.605,0.584,0.885,0.412,0.168,7.821,0.848,1.167,0.347,0.282,2.786,0.415,0.804,0.201,0.141,4.848,0.413,1.27,0.379,0.306,14.07,0.547,0.536,0.254,0.126,2.593,0.204,0.09,0.076,0.057,3.783,0.866,0.572,0.239,0.268,5.308,1.638,0.479,0.406,0.266,0.277,0.176,0.044,0.087,0.036,3.345,1.928,1.349,0.551,0.317,0.957,0.527,0.31,0.316,0.113,11.534,2.112,1.49,0.56,0.361,3.97,1.44,1.357,0.589,0.285,5.73,1.677,2.012,0.808,0.317
1761327782,2025-10-24,push,2.666,0.862,0.937,0.444,0.188,4.355,0.575,0.914,0.308,0.262,1.912,0.435,0.752,0.183,0.147,3.482,0.438,1.197,0.383,0.297,13.348,0.379,0.506,0.276,0.14,2.393,0.166,0.079,0.087,0.06,3.142,0.998,0.603,0.258,0.267,3.925,1.599,0.514,0.395,0.292,0.258,0.256,0.05,0.087,0.047,3.201,2.022,1.224,0.57,0.346,0.923,0.469,0.277,0.333,0.12,8.454,2.088,1.387,0.533,0.39,3.231,1.447,1.198,0.622,0.291,4.505,1.479,1.708,0.803,0.343
1761327783,2025-10-24,push,8.743,4.629,2.751,1.074,0.291,2.432,0.435,0.682,0.279,0.25,1.143,0.445,0.629,0.165,0.157,2.209,0.456,1.011,0.377,0.292,11.651,0.266,0.468,0.289,0.169,2.066,0.152,0.072,0.096,0.067,2.463,1.056,0.583,0.283,0.26,2.68,1.441,0.508,0.377,0.316,0.251,0.349,0.062,0.09,0.063,3.242,2.064,1.101,0.583,0.377,0.951,0.48,0.245,0.349,0.133,5.695,1.922,1.158,0.475,0.426,2.56,1.421,1.015,0.646,0.305,3.312,1.241,1.319,0.777,0.364
1761327783,2025-10-24,push,32.158,18.279,9.581,3.444,0.62,1.568,0.405,0.503,0.259,0.242,0.664,0.448,0.472,0.15,0.167,1.335,0.476,0.773,0.363,0.286,9.113,0.217,0.436,0.288,0.201,1.605,0.161,0.07,0.099,0.076,1.865,1.041,0.524,0.308,0.245,1.794,1.219,0.479,0.356,0.327,0.26,0.432,0.077,0.096,0.083,3.412,2.125,0.987,0.582,0.398,1.031,0.537,0.221,0.36,0.15,3.739,1.66,0.859,0.407,0.449,2.18,1.387,0.857,0.655,0.319,2.508,1.05,0.946,0.733,0.373
1761327783,2025-10-24,push,82.506,46.645,23.841,8.408,1.281,1.178,0.441,0.39,0.247,0.228,0.465,0.454,0.338,0.138,0.17,0.85,0.524,0.558,0.343,0.269,6.308,0.241,0.437,0.277,0.226,1.118,0.18,0.076,0.099,0.085,1.395,0.978,0.446,0.324,0.219,1.286,1.008,0.475,0.336,0.317,0.282,0.483,0.091,0.103,0.102,3.703,2.25,0.901,0.562,0.404,1.132,0.63,0.213,0.359,0.165,2.557,1.39,0.582,0.353,0.446,2.041,1.367,0.775,0.644,0.322,2.071,0.967,0.689,0.68,0.366
1761327783,2025-10-24,push,157.957,88.275,44.74,15.708,2.24,1.011,0.494,0.354,0.24,0.203,0.435,0.473,0.275,0.13,0.165,0.65,0.624,0.43,0.319,0.239,3.782,0.358,0.514,0.268,0.237,0.674,0.199,0.1,0.1,0.093,1.041,0.896,0.371,0.324,0.185,1.035,0.859,0.55,0.321,0.287,0.305,0.486,0.1,0.109,0.114,3.92,2.401,0.885,0.52,0.391,1.244,0.746,0.229,0.346,0.173,1.873,1.175,0.428,0.33,0.411,2.012,1.364,0.808,0.611,0.307,1.857,1.01,0.607,0.621,0.344
1761327784,2025-10-24,neutral,172.462,89.221,44.232,15.684,2.236,1.178,0.449,0.612,0.23,0.102,0.852,0.73,0.559,0.187,0.122,1.508,1.368,0.585,0.274,0.249,1.84,2.072,1.472,0.399,0.181,0.495,0.272,0.273,0.164,0.059,0.56,0.594,0.199,0.173,0.099,0.774,0.687,1.168,0.222,0.144,0.092,0.071,0.025,0.031,0.032,4.41,1.435,1.597,0.441,0.271,3.826,1.097,0.387,0.235,0.119,1.819,1.021,1.114,0.402,0.209,2.762,1.314,1.43,0.378,0.19,2.482,1.515,1.037,0.328,0.263
1761327784,2025-10-24,neutral,93.801,47.414,23.336,8.363,1.26,1.431,0.572,0.529,0.247,0.118,1.11,0.823,0.461,0.212,0.132,2.063,1.475,0.55,0.31,0.281,2.055,2.103,1.232,0.392,0.181,0.592,0.305,0.227,0.162,0.057,0.544,0.54,0.173,0.181,0.114,0.94,0.621,0.909,0.223,0.155,0.059,0.044,0.026,0.028,0.027,4.493,1.451,1.35,0.56,0.258,5.747,0.924,0.314,0.232,0.123,2.386,1.046,0.939,0.432,0.22,3.42,1.326,1.145,0.434,0.196,3.014,1.44,0.833,0.354,0.264
1761327784,2025-10-24,neutral,38.81,18.849,9.099,3.392,0.589,1.645,0.714,0.42,0.272,0.134,1.411,0.939,0.336,0.245,0.142,2.569,1.589,0.495,0.343,0.298,2.179,2.025,0.915,0.374,0.185,0.659,0.325,0.176,0.159,0.06,0.508,0.486,0.145,0.199,0.13,1.137,0.569,0.624,0.239,0.173,0.04,0.031,0.036,0.031,0.03,4.387,1.686,1.054,0.699,0.252,7.546,0.704,0.231,0.231,0.136,2.928,1.11,0.699,0.501,0.238,4.049,1.382,0.795,0.536,0.208,3.516,1.388,0.594,0.424,0.269
1761327784,2025-10-24,neutral,11.274,5.095,2.238,1.028,0.264,1.744,0.816,0.314,0.303,0.146,1.671,1.043,0.217,0.28,0.149,2.895,1.669,0.43,0.363,0.296,2.189,1.854,0.612,0.357,0.189,0.687,0.322,0.137,0.157,0.066,0.478,0.449,0.121,0.219,0.146,1.303,0.552,0.385,0.265,0.199,0.035,0.028,0.052,0.04,0.037,4.147,2.091,0.82,0.832,0.255,8.576,0.487,0.161,0.231,0.154,3.291,1.214,0.471,0.595,0.261,4.449,1.464,0.475,0.665,0.226,3.822,1.374,0.382,0.528,0.279
1761327784,2025-10-24,neutral,3.067,1.292,0.319,0.411,0.172,1.703,0.839,0.234,0.332,0.154,1.808,1.099,0.129,0.306,0.154,2.93,1.672,0.361,0.361,0.278,2.085,1.614,0.394,0.342,0.189,0.665,0.293,0.118,0.154,0.072,0.468,0.445,0.107,0.235,0.156,1.398,0.576,0.231,0.288,0.226,0.044,0.033,0.072,0.052,0.047,3.941,2.538,0.722,0.929,0.266,8.437,0.318,0.118,0.228,0.172,3.403,1.336,0.309,0.682,0.287,4.486,1.537,0.259,0.784,0.249,3.838,1.387,0.239,0.635,0.289
1761327784,2025-10-24,neutral,2.182,0.945,0.153,0.395,0.163,1.565,0.786,0.191,0.349,0.157,1.788,1.085,0.079,0.312,0.154,2.725,1.581,0.298,0.335,0.251,1.898,1.328,0.276,0.325,0.184,0.6,0.244,0.118,0.147,0.076,0.498,0.494,0.108,0.235,0.157,1.407,0.643,0.158,0.296,0.245,0.067,0.045,0.093,0.067,0.055,3.977,2.893,0.74,0.963,0.276,7.189,0.223,0.099,0.214,0.182,3.317,1.449,0.222,0.719,0.308,4.188,1.563,0.162,0.847,0.271,3.598,1.401,0.175,0.703,0.294
1761327784,2025-10-24,neutral,2.027,0.891,0.167,0.402,0.159,1.412,0.719,0.181,0.346,0.158,1.637,1.017,0.063,0.292,0.152,2.497,1.438,0.247,0.293,0.223,1.695,1.031,0.23,0.297,0.171,0.519,0.191,0.13,0.134,0.077,0.56,0.603,0.121,0.217,0.15,1.342,0.768,0.132,0.282,0.247,0.1,0.066,0.119,0.082,0.062,4.294,3.07,0.779,0.924,0.278,5.245,0.205,0.09,0.187,0.181,3.149,1.571,0.182,0.684,0.317,3.694,1.561,0.142,0.829,0.286,3.224,1.447,0.165,0.708,0.288
1761327785,2025-10-24,neutral,1.783,0.954,0.214,0.386,0.156,1.334,0.745,0.199,0.323,0.158,1.433,0.94,0.084,0.258,0.152,2.347,1.345,0.23,0.252,0.199,1.563,0.774,0.21,0.257,0.152,0.438,0.15,0.143,0.115,0.077,0.638,0.762,0.142,0.185,0.137,1.252,0.982,0.125,0.25,0.23,0.136,0.099,0.153,0.096,0.067,4.773,3.068,0.763,0.829,0.272,3.308,0.258,0.083,0.15,0.166,3.053,1.766,0.163,0.591,0.31,3.194,1.632,0.168,0.736,0.291,2.912,1.663,0.213,0.654,0.272
1761327785,2025-10-24,neutral,1.655,1.224,0.32,0.363,0.159,1.385,0.945,0.249,0.288,0.159,1.29,0.906,0.157,0.227,0.152,2.396,1.394,0.275,0.231,0.182,1.519,0.61,0.199,0.214,0.131,0.38,0.134,0.153,0.096,0.075,0.704,0.938,0.163,0.15,0.123,1.182,1.294,0.135,0.212,0.197,0.168,0.145,0.202,0.104,0.073,5.217,2.965,0.706,0.708,0.265,1.812,0.366,0.084,0.111,0.141,3.109,2.093,0.178,0.476,0.289,2.887,1.892,0.27,0.601,0.291,2.867,2.199,0.371,0.574,0.25
1761327785,2025-10-24,neutral,1.96,1.709,0.513,0.349,0.169,1.677,1.321,0.335,0.248,0.163,1.316,0.944,0.288,0.212,0.152,2.687,1.613,0.399,0.235,0.174,1.58,0.565,0.197,0.182,0.112,0.349,0.144,0.159,0.081,0.073,0.746,1.085,0.176,0.123,0.115,1.148,1.669,0.168,0.178,0.158,0.185,0.197,0.267,0.106,0.082,5.377,2.881,0.68,0.593,0.27,0.99,0.503,0.106,0.077,0.114,3.287,2.544,0.252,0.381,0.259,3.033,2.371,0.504,0.464,0.296,3.643,3.105,0.689,0.5,0.228
1761327785,2025-10-24,neutral,3.438,2.292,0.793,0.351,0.186,2.392,1.764,0.452,0.214,0.167,1.602,1.024,0.464,0.215,0.15,3.195,1.903,0.597,0.26,0.174,1.631,0.617,0.211,0.166,0.097,0.34,0.173,0.163,0.07,0.072,0.782,1.154,0.178,0.113,0.112,1.177,2.005,0.219,0.156,0.123,0.185,0.244,0.341,0.103,0.093,5.106,2.863,0.748,0.511,0.294,0.795,0.634,0.152,0.054,0.092,3.563,2.984,0.384,0.33,0.229,4.091,2.966,0.895,0.363,0.316,6.685,4.267,1.158,0.456,0.213
1761327785,2025-10-24,neutral,7.03,2.836,1.134,0.363,0.203,3.789,2.113,0.583,0.193,0.169,2.218,1.092,0.646,0.226,0.143,4.031,2.099,0.829,0.295,0.181,1.71,0.693,0.245,0.171,0.09,0.352,0.203,0.166,0.066,0.071,0.877,1.119,0.172,0.121,0.115,1.319,2.196,0.27,0.145,0.1,0.167,0.273,0.409,0.096,0.105,4.521,2.872,0.919,0.476,0.334,1,0.713,0.211,0.044,0.08,4.013,3.239,0.547,0.321,0.205,6.69,3.492,1.394,0.311,0.349,13.704,5.47,1.686,0.441,0.207
1761327785,2025-10-24,neutral,12.822,3.211,1.478,0.373,0.215,5.745,2.233,0.704,0.188,0.167,3.083,1.091,0.792,0.231,0.134,5.093,2.068,1.053,0.329,0.191,1.9,0.754,0.301,0.195,0.094,0.414,0.223,0.169,0.067,0.072,1.132,0.989,0.169,0.141,0.118,1.634,2.172,0.309,0.145,0.092,0.139,0.275,0.45,0.087,0.113,3.871,2.791,1.153,0.483,0.38,1.403,0.709,0.261,0.045,0.08,4.694,3.17,0.701,0.335,0.187,10.906,3.743,1.894,0.303,0.389,24.931,6.392,2.145,0.439,0.211
1761327785,2025-10-24,neutral,19.9,3.349,1.748,0.37,0.219,7.996,2.085,0.786,0.201,0.163,4.033,1.003,0.863,0.221,0.122,6.324,1.805,1.225,0.357,0.2,2.405,0.839,0.373,0.231,0.107,0.553,0.24,0.176,0.073,0.074,1.593,0.81,0.188,0.164,0.119,2.126,1.943,0.334,0.157,0.095,0.108,0.248,0.449,0.076,0.112,3.482,2.582,1.368,0.516,0.415,1.863,0.636,0.288,0.055,0.091,5.603,2.781,0.808,0.352,0.179,16.124,3.628,2.26,0.323,0.424,38.442,6.754,2.405,0.436,0.223
1761327785,2025-10-24,neutral,26.244,3.31,1.886,0.352,0.216,9.858,1.775,0.823,0.229,0.16,4.823,0.876,0.854,0.201,0.113,7.421,1.46,1.328,0.381,0.207,3.811,1.109,0.453,0.27,0.131,0.922,0.294,0.186,0.079,0.076,2.255,0.652,0.245,0.188,0.117,2.766,1.609,0.351,0.185,0.107,0.083,0.201,0.403,0.064,0.1,3.633,2.358,1.507,0.566,0.431,2.265,0.538,0.282,0.077,0.11,6.607,2.277,0.847,0.368,0.18,20.914,3.269,2.4,0.368,0.449,50.514,6.533,2.406,0.432,0.245
1761327786,2025-10-24,neutral,29.994,3.213,1.904,0.34,0.21,10.834,1.484,0.857,0.28,0.163,5.249,0.795,0.806,0.192,0.109,8.134,1.257,1.408,0.416,0.214,6.452,1.757,0.548,0.315,0.164,1.58,0.433,0.207,0.087,0.078,2.933,0.579,0.352,0.21,0.115,3.422,1.312,0.37,0.235,0.123,0.066,0.146,0.323,0.052,0.081,4.342,2.335,1.575,0.633,0.427,2.493,0.481,0.251,0.117,0.132,7.505,1.968,0.845,0.404,0.192,23.931,2.95,2.324,0.459,0.464,57.369,5.954,2.201,0.452,0.282
1761327786,2025-10-24,neutral,30.202,3.113,1.95,0.362,0.213,10.763,1.345,1.045,0.371,0.176,5.296,0.809,0.853,0.218,0.114,8.511,1.329,1.675,0.481,0.234,10.532,2.927,0.806,0.379,0.209,2.582,0.691,0.277,0.099,0.081,3.44,0.642,0.592,0.242,0.121,3.959,1.175,0.486,0.31,0.148,0.064,0.096,0.229,0.04,0.06,5.355,2.646,1.704,0.738,0.419,2.626,0.509,0.241,0.177,0.157,8.241,2.047,1.019,0.493,0.225,24.739,2.885,2.241,0.619,0.48,57.662,5.252,2.043,0.526,0.34
1761327786,2025-10-24,neutral,26.905,3.083,2.266,0.446,0.236,9.806,1.461,1.601,0.526,0.205,5.091,0.983,1.203,0.302,0.132,8.844,1.788,2.45,0.604,0.286,24.886,9.245,4.154,1.44,0.529,5.905,2.119,1.028,0.334,0.146,3.87,0.929,1.101,0.309,0.148,4.522,1.317,0.885,0.415,0.194,0.089,0.062,0.145,0.03,0.042,6.384,3.285,2.095,0.907,0.43,2.78,0.654,0.333,0.257,0.184,8.869,2.649,1.747,0.68,0.293,23.44,3.242,2.529,0.864,0.514,51.449,4.793,2.339,0.683,0.428
1761327786,2025-10-24,neutral,21.786,3.131,3.03,0.602,0.285,8.6,1.822,2.637,0.755,0.25,5.056,1.332,1.992,0.449,0.166,9.919,2.602,3.928,0.806,0.379,100.938,45.117,24.007,8.649,2.472,22.92,10.226,5.406,1.956,0.581,4.549,1.508,1.953,0.431,0.202,5.6,1.76,1.7,0.549,0.268,0.154,0.047,0.085,0.026,0.031,7.334,4.045,2.866,1.152,0.477,3.268,0.892,0.589,0.352,0.213,10.256,3.712,3.317,0.985,0.401,21.652,3.98,3.487,1.179,0.575,42.219,4.797,3.387,0.93,0.544
1761327786,2025-10-24,neutral,16.411,3.213,4.198,0.803,0.356,7.556,2.318,4.027,1.024,0.304,5.233,1.802,3.152,0.634,0.213,11.673,3.6,5.954,1.068,0.505,313.318,145.127,78.561,29.156,7.947,70.172,32.776,17.415,6.584,1.824,5.481,2.35,3.046,0.604,0.281,7.004,2.405,2.873,0.693,0.368,0.248,0.051,0.054,0.033,0.029,8.086,4.639,3.936,1.442,0.558,4.037,1.148,1.001,0.443,0.24,12.073,4.974,5.64,1.368,0.539,20.018,4.866,5.087,1.504,0.655,32.754,5.254,5.127,1.228,0.672
1761327787,2025-10-24,neutral,5.615,1.501,1.373,0.859,0.239,6.048,1.223,1.245,0.777,0.305,7.759,0.83,0.72,0.636,0.185,11.16,1.701,1.195,0.844,0.353,461.263,193.371,98.939,39.007,10.826,101.651,43.59,21.816,8.86,2.522,7.307,1.168,0.778,0.388,0.263,7.994,1.312,1.157,0.581,0.306,0.182,0.035,0.014,0.028,0.022,12.362,0.835,0.55,0.766,0.411,2.719,0.657,0.886,0.313,0.168,16.053,1.924,1.827,0.961,0.382,9.488,1.222,1.43,1.108,0.577,9.198,2.526,2.221,1.523,0.378
1761327787,2025-10-24,neutral,7.561,1.517,1.086,0.788,0.247,7.895,1.42,1.131,0.837,0.318,9.382,0.85,0.514,0.655,0.198,14.167,1.701,0.842,0.903,0.397,198.096,66.311,33.474,13.417,3.891,44.253,15.059,7.376,3.091,0.934,9.577,1.16,0.724,0.432,0.301,10.729,1.395,0.92,0.589,0.339,0.231,0.028,0.012,0.022,0.028,18.25,1.065,0.396,0.788,0.441,3.374,0.706,0.67,0.321,0.178,20.884,2.068,1.374,0.987,0.438,12.909,1.312,1.077,1.006,0.64,12.153,2.504,1.714,1.423,0.398
1761327787,2025-10-24,neutral,8.824,1.564,0.877,0.716,0.267,8.999,1.577,1.069,0.88,0.333,10.12,0.891,0.404,0.653,0.212,16.007,1.705,0.683,0.953,0.443,93.328,12.881,6.599,2.871,0.986,21.343,3.035,1.456,0.705,0.264,11.012,1.156,0.661,0.474,0.333,12.671,1.437,0.728,0.586,0.365,0.267,0.03,0.014,0.023,0.035,22.942,1.293,0.369,0.821,0.467,3.735,0.726,0.491,0.321,0.189,24.14,2.19,1.107,1.003,0.493,15.246,1.386,0.868,0.906,0.686,14.178,2.532,1.342,1.275,0.425
1761327788,2025-10-24,push,8.97,1.675,0.695,0.648,0.287,9.12,1.627,0.99,0.879,0.336,9.805,0.953,0.325,0.627,0.216,15.834,1.682,0.614,0.963,0.472,77.91,1.458,1.114,0.742,0.365,18.219,0.441,0.253,0.21,0.115,11.192,1.103,0.547,0.498,0.341,13.12,1.406,0.541,0.565,0.368,0.28,0.035,0.018,0.027,0.04,25.12,1.517,0.43,0.836,0.473,3.686,0.746,0.349,0.311,0.195,24.458,2.249,0.902,0.987,0.523,15.533,1.431,0.705,0.812,0.683,14.046,2.604,1.047,1.104,0.439
1761327788,2025-10-24,push,9.069,1.955,0.559,0.597,0.295,8.766,1.6,0.895,0.837,0.323,9.172,1.098,0.283,0.589,0.209,14.884,1.69,0.607,0.942,0.478,76.621,1.001,0.954,0.695,0.329,17.702,0.339,0.232,0.186,0.1,10.542,1.052,0.419,0.509,0.326,12.536,1.348,0.396,0.542,0.353,0.263,0.039,0.023,0.03,0.042,24.886,1.785,0.583,0.847,0.458,3.501,0.812,0.259,0.298,0.197,23.405,2.359,0.771,0.953,0.522,15.517,1.592,0.612,0.746,0.626,13.912,2.891,0.843,0.956,0.433
1761327788,2025-10-24,push,10.191,2.442,0.478,0.597,0.291,8.448,1.561,0.803,0.788,0.301,8.594,1.377,0.288,0.569,0.195,13.691,1.794,0.645,0.935,0.462,69.299,1.019,0.905,0.696,0.306,15.864,0.356,0.235,0.178,0.087,9.184,1.062,0.318,0.521,0.302,11.104,1.343,0.348,0.553,0.331,0.231,0.041,0.028,0.033,0.04,22.507,2.152,0.841,0.902,0.434,3.433,0.948,0.221,0.302,0.195,21.637,2.638,0.744,0.966,0.497,16.635,2.035,0.629,0.756,0.531,16.102,3.55,0.726,0.912,0.415
1761327788,2025-10-24,push,12.817,3.075,0.452,0.683,0.284,8.43,1.561,0.751,0.773,0.285,8.149,1.773,0.343,0.591,0.18,12.586,2,0.725,0.991,0.434,55.4,1.04,0.822,0.711,0.283,12.411,0.379,0.223,0.18,0.076,7.41,1.169,0.267,0.549,0.287,9.085,1.45,0.435,0.64,0.322,0.188,0.043,0.033,0.041,0.036,18.63,2.609,1.202,1.052,0.418,3.571,1.133,0.238,0.343,0.192,19.782,3.111,0.838,1.094,0.467,19.655,2.83,0.795,0.894,0.433,21.849,4.59,0.702,1.041,0.402
1761327788,2025-10-24,push,16.734,3.693,0.467,0.863,0.286,9.026,1.62,0.758,0.813,0.29,8.229,2.206,0.433,0.665,0.174,12.377,2.274,0.849,1.125,0.406,39.889,1.077,0.739,0.755,0.268,8.808,0.407,0.202,0.194,0.069,6.119,1.378,0.27,0.593,0.3,7.428,1.684,0.655,0.817,0.336,0.167,0.048,0.041,0.055,0.033,14.967,3.085,1.613,1.307,0.423,3.997,1.307,0.302,0.425,0.192,18.928,3.689,1.03,1.36,0.452,24.486,3.876,1.086,1.175,0.37,30.405,5.805,0.759,1.349,0.411
1761327788,2025-10-24,push,20.894,4.113,0.494,1.096,0.304,9.876,1.72,0.818,0.896,0.317,8.529,2.588,0.528,0.77,0.181,12.747,2.576,0.997,1.306,0.381,26.632,1.153,0.685,0.818,0.263,5.674,0.436,0.182,0.215,0.067,5.716,1.697,0.318,0.64,0.339,6.411,2.017,0.959,1.051,0.372,0.17,0.062,0.053,0.075,0.035,12.113,3.506,1.989,1.609,0.452,4.516,1.408,0.397,0.532,0.195,18.964,4.251,1.255,1.71,0.462,29.895,4.917,1.42,1.54,0.359,39.715,6.866,0.866,1.757,0.447
1761327788,2025-10-24,push,23.734,4.257,0.511,1.303,0.334,10.632,1.836,0.888,0.976,0.357,8.935,2.86,0.587,0.864,0.198,13.564,2.877,1.115,1.458,0.359,18.221,1.278,0.662,0.868,0.263,3.792,0.458,0.165,0.231,0.068,8.296,2.132,0.392,0.67,0.39,6.275,2.372,1.257,1.27,0.413,0.205,0.086,0.071,0.095,0.041,10.618,3.819,2.24,1.864,0.49,4.932,1.398,0.499,0.629,0.2,19.586,4.7,1.422,2.026,0.49,33.796,5.67,1.682,1.876,0.391,46.035,7.512,0.978,2.13,0.497
1761327788,2025-10-24,neutral,23.983,4.151,0.514,1.413,0.363,10.631,1.94,0.921,1.001,0.391,8.909,2.995,0.583,0.907,0.215,13.906,3.139,1.143,1.506,0.334,14.373,1.429,0.641,0.868,0.26,2.878,0.462,0.15,0.232,0.07,18.137,2.834,0.48,0.673,0.428,6.515,2.644,1.46,1.394,0.439,0.244,0.12,0.095,0.11,0.051,9.882,4.003,2.3,1.977,0.516,4.948,1.28,0.589,0.679,0.201,19.668,4.954,1.458,2.182,0.519,34.444,5.939,1.781,2.068,0.439,46.795,7.611,1.045,2.346,0.542
1761327789,2025-10-24,neutral,21.559,3.922,0.501,1.382,0.377,9.708,2.024,0.885,0.939,0.4,8.295,3.011,0.514,0.871,0.223,13.314,3.342,1.055,1.41,0.303,12.717,1.56,0.595,0.798,0.245,2.547,0.441,0.132,0.212,0.069,38.436,3.967,0.582,0.649,0.435,6.63,2.752,1.516,1.377,0.433,0.283,0.158,0.121,0.115,0.061,9.425,4.036,2.146,1.903,0.512,4.54,1.097,0.642,0.662,0.195,18.579,5.011,1.337,2.107,0.53,31.493,5.728,1.678,2.048,0.472,41.728,7.265,1.032,2.337,0.561
1761327789,2025-10-24,neutral,17.205,3.703,0.482,1.223,0.368,8.047,2.081,0.781,0.799,0.379,7.214,2.936,0.402,0.761,0.218,11.917,3.454,0.873,1.192,0.269,11.926,1.611,0.518,0.668,0.217,2.384,0.395,0.112,0.175,0.067,67.882,5.521,0.683,0.61,0.408,6.38,2.669,1.425,1.225,0.397,0.302,0.19,0.142,0.108,0.068,8.809,3.886,1.821,1.668,0.476,3.763,0.912,0.645,0.581,0.182,16.269,4.897,1.096,1.82,0.515,25.605,5.21,1.418,1.831,0.473,32.422,6.687,0.94,2.118,0.546
1761327789,2025-10-24,neutral,12.229,3.543,0.473,0.993,0.338,5.948,2.08,0.642,0.624,0.335,5.761,2.775,0.287,0.61,0.203,9.655,3.416,0.653,0.922,0.24,10.225,1.517,0.418,0.519,0.184,2.077,0.328,0.089,0.133,0.065,100.327,7.141,0.765,0.577,0.36,5.462,2.406,1.243,0.997,0.342,0.306,0.21,0.153,0.092,0.07,7.773,3.528,1.439,1.363,0.424,2.817,0.771,0.598,0.466,0.167,12.933,4.615,0.833,1.422,0.481,18.498,4.606,1.1,1.509,0.448,21.855,6.048,0.811,1.778,0.504
1761327789,2025-10-24,neutral,8.129,3.37,0.473,0.764,0.295,4.087,1.979,0.503,0.465,0.282,4.446,2.511,0.202,0.465,0.185,7.444,3.172,0.456,0.685,0.221,7.645,1.313,0.321,0.397,0.155,1.582,0.256,0.069,0.101,0.066,125.329,8.312,0.802,0.56,0.306,4.322,2.02,1.043,0.77,0.283,0.302,0.215,0.151,0.073,0.066,6.65,2.996,1.123,1.089,0.372,1.972,0.69,0.515,0.352,0.153,9.646,4.155,0.644,1.042,0.438,12.055,4.055,0.819,1.197,0.409,13.11,5.389,0.698,1.434,0.45
1761327789,2025-10-24,neutral,5.089,3.052,0.472,0.591,0.25,2.55,1.749,0.394,0.36,0.233,3.254,2.122,0.162,0.362,0.169,5.349,2.712,0.331,0.537,0.217,5.072,1.04,0.252,0.334,0.137,1.097,0.187,0.055,0.087,0.071,134.749,8.562,0.776,0.56,0.261,2.995,1.581,0.888,0.604,0.231,0.305,0.209,0.14,0.056,0.059,5.634,2.357,0.958,0.915,0.335,1.313,0.646,0.415,0.268,0.143,6.592,3.488,0.579,0.775,0.398,7.038,3.588,0.633,0.981,0.368,7.1,4.635,0.632,1.173,0.396
1761327789,2025-10-24,neutral,3.38,2.57,0.459,0.488,0.214,1.67,1.434,0.325,0.315,0.198,2.473,1.644,0.166,0.314,0.157,3.963,2.145,0.284,0.483,0.227,3.228,0.776,0.225,0.333,0.134,0.734,0.132,0.05,0.091,0.078,124.567,7.726,0.69,0.559,0.229,1.935,1.177,0.804,0.511,0.193,0.322,0.201,0.125,0.044,0.05,5.234,1.733,0.954,0.839,0.321,0.923,0.61,0.321,0.223,0.137,4.326,2.685,0.626,0.644,0.366,3.954,3.179,0.564,0.878,0.335,4.069,3.814,0.629,1.02,0.353
1761327789,2025-10-24,neutral,2.652,1.976,0.433,0.437,0.19,1.37,1.104,0.299,0.312,0.178,1.951,1.167,0.2,0.309,0.15,3.261,1.62,0.3,0.483,0.242,2.142,0.605,0.234,0.368,0.142,0.514,0.098,0.05,0.106,0.087,98.781,6.047,0.572,0.543,0.208,1.122,0.874,0.788,0.471,0.169,0.347,0.2,0.113,0.038,0.042,5.487,1.275,1.074,0.808,0.328,0.783,0.559,0.25,0.207,0.136,2.665,1.882,0.738,0.611,0.341,2.761,2.787,0.596,0.85,0.314,3.658,2.983,0.679,0.945,0.324
1761327789,2025-10-24,neutral,3.706,1.442,0.402,0.413,0.181,2.143,0.849,0.3,0.321,0.173,1.956,0.81,0.242,0.329,0.144,3.6,1.278,0.34,0.491,0.255,2.19,0.573,0.258,0.404,0.157,0.537,0.095,0.05,0.12,0.097,65.508,4.031,0.463,0.506,0.19,0.738,0.706,0.805,0.445,0.156,0.374,0.21,0.111,0.037,0.037,6.44,1.08,1.235,0.766,0.348,0.888,0.501,0.204,0.205,0.137,1.972,1.255,0.841,0.624,0.321,4.206,2.485,0.686,0.847,0.3,6.913,2.352,0.751,0.902,0.308
1761327790,2025-10-24,neutral,6.543,1.1,0.372,0.411,0.183,3.935,0.7,0.31,0.327,0.183,2.279,0.62,0.275,0.361,0.137,4.653,1.135,0.369,0.482,0.26,2.627,0.65,0.278,0.418,0.175,0.71,0.115,0.048,0.126,0.106,35.249,2.245,0.386,0.455,0.173,0.511,0.647,0.812,0.415,0.15,0.383,0.225,0.118,0.039,0.035,7.534,1.137,1.357,0.691,0.375,1.173,0.439,0.181,0.212,0.138,1.9,0.906,0.876,0.653,0.301,8.071,2.338,0.783,0.853,0.289,13.954,2.057,0.798,0.872,0.302
1761327790,2025-10-24,neutral,11.116,0.945,0.354,0.436,0.191,6.868,0.624,0.318,0.327,0.203,2.989,0.555,0.283,0.402,0.127,6.294,1.086,0.375,0.456,0.259,3.363,0.75,0.276,0.405,0.198,0.903,0.143,0.043,0.12,0.114,14.02,1.066,0.34,0.402,0.156,0.457,0.636,0.784,0.383,0.15,0.376,0.236,0.128,0.043,0.035,8.37,1.353,1.412,0.596,0.409,1.52,0.372,0.176,0.231,0.138,2.57,0.794,0.829,0.691,0.282,13.874,2.359,0.862,0.876,0.277,24.318,2.037,0.8,0.859,0.303
1761327790,2025-10-24,neutral,15.916,0.892,0.379,0.498,0.206,9.886,0.61,0.335,0.333,0.233,3.563,0.564,0.29,0.452,0.118,7.732,1.047,0.408,0.437,0.261,5.572,0.909,0.278,0.383,0.23,1.63,0.19,0.042,0.108,0.121,4.028,0.601,0.333,0.365,0.148,0.346,0.665,0.751,0.37,0.163,0.349,0.235,0.134,0.047,0.037,8.531,1.626,1.418,0.516,0.454,1.872,0.31,0.204,0.266,0.137,3.257,0.847,0.803,0.761,0.274,19.59,2.439,0.954,0.934,0.276,35.21,2.071,0.796,0.879,0.317
1761327790,2025-10-24,neutral,20.702,1.138,0.653,0.661,0.25,13.693,0.957,0.526,0.412,0.29,4.86,0.851,0.459,0.56,0.138,10.356,1.444,0.774,0.531,0.307,7.033,1.563,0.512,0.456,0.305,1.996,0.355,0.098,0.118,0.136,1.738,0.877,0.525,0.406,0.181,1.561,1.111,0.929,0.438,0.219,0.345,0.229,0.132,0.052,0.039,8.399,2.214,1.563,0.521,0.534,2.424,0.417,0.346,0.332,0.147,5.94,1.541,1.246,0.979,0.323,25.208,2.978,1.36,1.114,0.337,45.191,2.505,1.052,1.04,0.393
1761327790,2025-10-24,neutral,26.616,2.282,1.56,1.061,0.369,18.673,2.236,1.218,0.694,0.419,7.744,1.92,1.09,0.837,0.234,16.249,3.245,1.979,0.947,0.468,11.174,3.493,1.391,0.816,0.481,3.224,0.822,0.301,0.198,0.172,5.017,2.295,1.213,0.645,0.314,5.342,2.796,1.698,0.716,0.369,0.375,0.245,0.133,0.057,0.04,9.154,3.807,2.253,0.729,0.696,3.943,1.019,0.744,0.464,0.189,12.759,4.067,2.858,1.584,0.507,32.635,5.067,2.679,1.624,0.549,56.431,4.521,2.068,1.572,0.627
1761327790,2025-10-24,neutral,34.269,4.832,3.393,1.805,0.602,26.112,4.846,2.675,1.273,0.653,13.882,4.178,2.403,1.373,0.442,28.533,7.248,4.374,1.848,0.792,16.051,7.235,3.239,1.608,0.798,4.391,1.716,0.731,0.384,0.239,12.937,5.325,2.62,1.178,0.585,14.488,6.377,3.333,1.303,0.646,0.516,0.31,0.15,0.065,0.042,12.629,6.989,3.837,1.231,0.972,7.273,2.354,1.488,0.697,0.278,27.253,9.384,6.099,2.757,0.883,43.717,9.638,5.372,2.635,0.974,69.367,9.196,4.234,2.667,1.086
1761327790,2025-10-24,neutral,43.911,8.745,5.981,2.854,0.936,35.077,8.6,4.78,2.119,0.981,22.344,7.557,4.257,2.145,0.75,45.913,13.358,7.708,3.194,1.254,23.092,12.505,5.949,2.788,1.234,6.23,2.966,1.359,0.664,0.335,24.245,9.744,4.618,1.979,0.973,27.272,11.702,5.657,2.176,1.029,0.696,0.431,0.185,0.075,0.046,18.602,11.678,6.235,2,1.347,11.902,4.348,2.48,1.022,0.41,47.452,17.327,10.587,4.444,1.427,58.463,16.657,9.19,4.112,1.578,85.049,16.569,7.34,4.282,1.74
1761327790,2025-10-24,neutral,53.831,13.19,8.729,3.981,1.301,44.455,12.634,7.051,3.041,1.334,32.22,11.336,6.205,2.984,1.094,65.925,20.26,11.189,4.691,1.752,40.423,20.032,8.837,4.097,1.691,10.231,4.611,2.082,0.969,0.436,37.62,14.552,6.722,2.873,1.389,42.239,17.609,8.108,3.152,1.433,0.931,0.581,0.235,0.088,0.05,26.714,16.916,8.931,2.856,1.74,17.355,6.558,3.479,1.373,0.557,70.462,26.212,15.219,6.28,2.021,74.611,24.651,13.232,5.748,2.222,100.472,25.128,10.658,6.072,2.446
1761327791,2025-10-24,neutral,60.974,16.807,10.768,4.846,1.59,50.94,15.7,8.76,3.759,1.609,39.735,14.372,7.606,3.637,1.372,81.635,25.84,13.704,5.885,2.133,170.072,37.088,10.861,5.305,2.045,39.548,6.754,2.76,1.219,0.514,47.94,18.262,8.229,3.586,1.705,53.701,22.307,9.874,3.945,1.738,1.074,0.708,0.282,0.1,0.056,33.695,21.113,11.079,3.538,2.039,21.35,8.306,4.152,1.648,0.676,88.136,33.388,18.477,7.717,2.495,86.745,31.178,16.188,7.057,2.713,110.96,32.287,13.124,7.503,2.997
1761327791,2025-10-24,neutral,62.288,18.347,11.399,5.146,1.704,52.306,16.747,9.322,4.022,1.71,42.767,15.63,7.976,3.87,1.495,87.844,28.152,14.389,6.358,2.269,548.993,73.583,11.532,6.436,2.19,107.479,10.515,3.615,1.387,0.546,53.277,19.673,8.636,3.867,1.814,58.399,24.195,10.345,4.283,1.844,1.125,0.759,0.308,0.108,0.064,37.256,22.775,11.935,3.812,2.139,22.932,8.999,4.279,1.75,0.73,94.925,36.426,19.24,8.248,2.693,90.168,33.954,17.029,7.58,2.882,111.236,35.572,13.895,8.074,3.213
1761327791,2025-10-24,neutral,56.289,17.235,10.374,4.755,1.601,47.293,15.403,8.518,3.726,1.6,39.597,14.672,7.172,3.584,1.423,81.65,26.355,12.977,5.927,2.109,1342.018,136.407,11.014,7.705,2.098,251.817,18.806,5.601,1.6,0.539,51.299,18.308,7.802,3.619,1.676,54.242,22.631,9.329,4.039,1.714,1.02,0.707,0.301,0.111,0.075,35.574,21.216,11.159,3.582,2,21.097,8.39,3.811,1.636,0.7,87.84,34.26,17.214,7.653,2.552,82.397,31.893,15.42,7.107,2.671,99.25,33.75,12.675,7.565,3.024
1761327792,2025-10-24,neutral,0.876,0.591,0.224,0.233,0.14,0.463,0.505,0.09,0.185,0.222,0.325,1.019,0.263,0.221,0.124,1.09,0.956,0.152,0.186,0.264,1777.334,130.238,11.942,4.868,0.362,539.148,66.019,19.46,2.904,0.35,6.363,0.898,0.461,0.304,0.137,0.87,0.877,0.409,0.186,0.15,0.202,0.074,0.043,0.048,0.05,1.009,1.728,1.591,0.79,0.313,0.622,0.606,0.291,0.147,0.174,1.005,1.231,0.305,0.254,0.239,2.061,1.151,0.432,0.368,0.269,1.856,0.76,0.441,0.505,0.389
1761327792,2025-10-24,neutral,0.764,0.553,0.204,0.291,0.14,0.44,0.489,0.1,0.204,0.206,0.32,0.854,0.269,0.23,0.123,0.941,0.87,0.161,0.198,0.261,836.584,62.667,7.949,2.454,0.259,305.258,37.875,10.993,1.685,0.22,3.404,0.74,0.312,0.274,0.134,0.752,0.745,0.384,0.225,0.149,0.195,0.089,0.045,0.048,0.046,0.842,1.562,1.375,0.838,0.289,0.568,0.51,0.279,0.168,0.17,0.905,1.062,0.29,0.323,0.242,1.877,1.095,0.419,0.423,0.266,1.442,0.66,0.408,0.567,0.382
1761327792,2025-10-24,neutral,0.794,0.5,0.189,0.365,0.142,0.48,0.473,0.131,0.226,0.194,0.384,0.692,0.259,0.255,0.122,0.895,0.778,0.182,0.224,0.248,303.069,24.148,4.372,1.014,0.186,148.715,16.685,4.717,0.774,0.124,1.747,0.632,0.233,0.27,0.127,0.719,0.658,0.356,0.286,0.152,0.186,0.106,0.048,0.047,0.044,1.012,1.323,1.074,0.893,0.267,0.5,0.416,0.256,0.186,0.161,0.914,0.915,0.279,0.429,0.257,1.959,1.012,0.39,0.499,0.257,1.346,0.603,0.375,0.671,0.379
1761327792,2025-10-24,neutral,0.814,0.47,0.188,0.441,0.145,0.527,0.451,0.174,0.249,0.187,0.402,0.571,0.239,0.304,0.122,0.921,0.712,0.217,0.268,0.229,87.142,7.843,1.881,0.403,0.142,52.18,4.923,1.349,0.266,0.072,0.889,0.615,0.222,0.291,0.116,0.65,0.596,0.327,0.366,0.158,0.175,0.124,0.05,0.045,0.041,1.161,1.064,0.779,0.957,0.251,0.505,0.352,0.229,0.198,0.149,0.909,0.813,0.292,0.569,0.276,1.878,0.921,0.363,0.587,0.244,1.344,0.649,0.367,0.798,0.375
1761327792,2025-10-24,neutral,1.71,0.562,0.212,0.501,0.151,0.979,0.46,0.225,0.269,0.187,0.666,0.546,0.223,0.368,0.124,1.285,0.714,0.277,0.326,0.212,21.914,2.431,0.621,0.234,0.115,12.805,0.738,0.189,0.079,0.057,0.847,0.691,0.264,0.325,0.105,0.677,0.548,0.311,0.452,0.166,0.16,0.14,0.049,0.042,0.037,1.394,0.831,0.563,1.017,0.246,0.598,0.336,0.209,0.203,0.137,1.296,0.825,0.356,0.725,0.294,2.761,0.936,0.366,0.671,0.234,3.173,1,0.418,0.912,0.37
1761327792,2025-10-24,neutral,4.382,0.909,0.262,0.526,0.159,2.145,0.561,0.282,0.282,0.188,1.179,0.666,0.225,0.426,0.128,2.094,0.827,0.368,0.382,0.205,3.826,0.889,0.269,0.206,0.101,0.958,0.234,0.055,0.046,0.059,1.124,0.816,0.34,0.349,0.096,0.636,0.518,0.317,0.522,0.175,0.144,0.155,0.047,0.04,0.033,1.448,0.667,0.454,1.047,0.253,0.868,0.38,0.201,0.205,0.127,2.061,1.039,0.47,0.861,0.304,5.568,1.252,0.415,0.728,0.231,9.012,1.935,0.533,0.971,0.367
1761327792,2025-10-24,neutral,9.932,1.585,0.334,0.508,0.168,4.573,0.796,0.347,0.284,0.187,2.324,0.946,0.257,0.452,0.133,3.709,1.072,0.487,0.421,0.212,1.657,0.757,0.285,0.199,0.1,0.547,0.228,0.059,0.044,0.066,1.406,0.932,0.445,0.349,0.091,0.735,0.522,0.345,0.551,0.182,0.131,0.17,0.047,0.038,0.031,1.463,0.606,0.423,1.025,0.268,1.411,0.489,0.209,0.205,0.121,3.786,1.525,0.62,0.937,0.304,11.712,2.027,0.507,0.742,0.234,21.027,3.606,0.703,0.945,0.366
1761327793,2025-10-24,neutral,17.586,2.523,0.418,0.448,0.173,7.838,1.145,0.415,0.276,0.179,3.806,1.356,0.323,0.434,0.137,5.802,1.436,0.631,0.433,0.23,1.278,0.783,0.328,0.186,0.113,0.401,0.245,0.067,0.043,0.074,1.849,1.02,0.556,0.321,0.089,0.851,0.593,0.391,0.527,0.187,0.129,0.183,0.048,0.037,0.029,1.426,0.696,0.439,0.944,0.285,2.128,0.651,0.228,0.207,0.117,6.066,2.284,0.784,0.932,0.296,20.36,3.283,0.643,0.715,0.242,37.897,5.845,0.91,0.838,0.365
1761327793,2025-10-24,neutral,25.754,3.511,0.517,0.366,0.174,11.31,1.531,0.486,0.259,0.166,5.391,1.816,0.416,0.376,0.137,7.963,1.869,0.8,0.416,0.252,1.304,0.839,0.378,0.17,0.139,0.454,0.262,0.08,0.042,0.083,2.13,1.074,0.661,0.273,0.093,1.101,0.763,0.451,0.457,0.188,0.135,0.192,0.05,0.036,0.029,1.45,0.973,0.482,0.821,0.297,2.868,0.842,0.259,0.211,0.114,8.568,3.211,0.951,0.851,0.283,29.677,4.852,0.841,0.669,0.252,55.8,8.167,1.151,0.682,0.363
1761327793,2025-10-24,push,31.486,4.246,0.627,0.286,0.17,13.687,1.835,0.543,0.239,0.149,6.557,2.206,0.517,0.3,0.134,9.353,2.277,0.974,0.379,0.269,1.522,0.929,0.427,0.161,0.177,0.578,0.276,0.092,0.044,0.093,2.467,1.085,0.734,0.216,0.104,1.416,1.017,0.515,0.361,0.188,0.15,0.196,0.053,0.034,0.028,1.717,1.412,0.543,0.683,0.302,3.393,1.01,0.299,0.215,0.113,10.307,4.089,1.1,0.723,0.273,36.249,6.324,1.091,0.63,0.26,68.493,9.896,1.416,0.525,0.358
1761327793,2025-10-24,push,32.387,4.502,0.747,0.229,0.163,13.946,1.97,0.585,0.225,0.133,6.694,2.434,0.607,0.23,0.132,9.115,2.58,1.126,0.335,0.277,1.869,1.047,0.478,0.166,0.222,0.556,0.287,0.108,0.05,0.103,2.478,1.067,0.76,0.168,0.124,1.692,1.311,0.577,0.268,0.191,0.156,0.193,0.055,0.03,0.026,2.216,1.919,0.615,0.563,0.3,3.402,1.11,0.348,0.219,0.115,10.376,4.693,1.218,0.589,0.268,37.574,7.279,1.364,0.617,0.266,70.964,10.52,1.694,0.409,0.353
1761327793,2025-10-24,neutral,29.25,4.199,0.855,0.207,0.155,12.56,1.898,0.604,0.221,0.121,6.519,2.444,0.665,0.186,0.132,8.235,2.71,1.215,0.296,0.273,1.824,1.173,0.539,0.189,0.268,0.604,0.292,0.126,0.061,0.111,2.496,1.027,0.732,0.142,0.152,2.323,1.561,0.633,0.205,0.199,0.164,0.185,0.055,0.028,0.024,3.08,2.358,0.694,0.487,0.292,3.179,1.108,0.397,0.219,0.121,9.749,4.839,1.288,0.484,0.27,34.54,7.424,1.588,0.631,0.269,63.993,9.86,1.935,0.355,0.347
1761327793,2025-10-24,neutral,22.06,3.47,0.937,0.214,0.15,9.367,1.663,0.606,0.228,0.115,5.592,2.24,0.681,0.17,0.137,6.192,2.637,1.221,0.271,0.261,2.326,1.284,0.604,0.225,0.304,0.65,0.292,0.149,0.075,0.117,2.428,0.968,0.665,0.142,0.181,2.959,1.686,0.689,0.182,0.212,0.162,0.175,0.056,0.029,0.024,4.257,2.609,0.777,0.46,0.283,2.574,1.01,0.438,0.216,0.13,7.867,4.493,1.312,0.422,0.278,27.333,6.729,1.706,0.656,0.27,48.275,8.181,2.101,0.356,0.34
1761327793,2025-10-24,neutral,14.455,2.559,0.975,0.235,0.147,6.038,1.34,0.59,0.241,0.115,4.879,1.877,0.649,0.172,0.144,4.4,2.375,1.142,0.264,0.245,2.357,1.354,0.664,0.267,0.321,0.648,0.289,0.172,0.089,0.121,2.295,0.879,0.578,0.164,0.206,3.708,1.644,0.75,0.193,0.226,0.161,0.162,0.057,0.033,0.025,5.485,2.624,0.868,0.468,0.275,2.089,0.859,0.465,0.211,0.141,6.316,3.77,1.294,0.395,0.286,19.759,5.407,1.678,0.671,0.27,31.011,6.02,2.141,0.388,0.331
1761327793,2025-10-24,neutral,7.895,1.717,0.96,0.256,0.147,3.128,1.025,0.56,0.251,0.122,4.235,1.445,0.577,0.178,0.154,2.936,1.975,0.995,0.275,0.234,2.471,1.384,0.692,0.307,0.314,0.658,0.291,0.191,0.098,0.121,2.255,0.762,0.49,0.199,0.22,4.337,1.446,0.807,0.225,0.237,0.157,0.148,0.059,0.038,0.027,6.687,2.406,0.947,0.491,0.271,1.771,0.702,0.471,0.208,0.15,5.111,2.877,1.233,0.385,0.292,13.247,3.853,1.512,0.667,0.272,15.98,3.969,2.037,0.43,0.321
1761327794,2025-10-24,neutral,4.095,1.111,0.889,0.272,0.151,1.422,0.792,0.513,0.254,0.135,3.799,1.037,0.482,0.183,0.166,2.115,1.533,0.812,0.302,0.231,2.757,1.414,0.673,0.343,0.286,0.689,0.308,0.199,0.101,0.116,2.03,0.635,0.417,0.235,0.219,4.531,1.151,0.844,0.265,0.24,0.14,0.133,0.06,0.041,0.029,7.114,2.03,1.01,0.519,0.274,1.678,0.578,0.459,0.217,0.155,4.566,2.042,1.134,0.388,0.296,9.334,2.494,1.253,0.654,0.279,7.027,2.471,1.799,0.476,0.312
1761327794,2025-10-24,neutral,2.654,0.775,0.773,0.287,0.161,0.77,0.664,0.45,0.253,0.153,3.472,0.72,0.385,0.187,0.179,1.819,1.141,0.625,0.337,0.241,2.626,1.472,0.594,0.369,0.248,0.635,0.342,0.191,0.097,0.107,1.829,0.531,0.355,0.263,0.204,4.417,0.849,0.845,0.303,0.234,0.127,0.118,0.06,0.041,0.03,7.121,1.62,1.045,0.547,0.285,1.791,0.507,0.429,0.239,0.155,4.463,1.429,1.004,0.402,0.299,7.457,1.593,0.966,0.654,0.294,3.481,1.658,1.473,0.53,0.304
1761327794,2025-10-24,neutral,2.432,0.639,0.635,0.302,0.176,0.695,0.622,0.375,0.25,0.172,2.923,0.519,0.307,0.191,0.192,1.647,0.857,0.462,0.367,0.26,3.093,1.565,0.474,0.381,0.211,0.714,0.386,0.167,0.089,0.094,1.497,0.471,0.3,0.278,0.182,3.917,0.616,0.801,0.331,0.222,0.097,0.101,0.061,0.038,0.029,6.714,1.269,1.046,0.568,0.3,1.813,0.488,0.386,0.271,0.15,4.273,1.076,0.857,0.422,0.3,6.253,1.198,0.723,0.671,0.317,2.961,1.398,1.131,0.595,0.298
1761327794,2025-10-24,neutral,2.304,0.617,0.504,0.322,0.196,0.748,0.633,0.299,0.251,0.192,2.253,0.419,0.256,0.193,0.202,1.384,0.689,0.34,0.384,0.285,2.893,1.648,0.336,0.375,0.184,0.613,0.422,0.13,0.079,0.078,1.174,0.454,0.25,0.275,0.158,3.258,0.479,0.721,0.341,0.207,0.079,0.087,0.067,0.034,0.03,6.215,1.043,1.009,0.581,0.313,1.785,0.5,0.331,0.301,0.142,3.726,0.924,0.709,0.438,0.298,4.835,1.192,0.57,0.697,0.346,2.881,1.505,0.848,0.668,0.294
1761327794,2025-10-24,neutral,1.951,0.712,0.4,0.352,0.218,0.744,0.699,0.233,0.256,0.208,1.565,0.404,0.229,0.194,0.208,1.129,0.626,0.261,0.391,0.314,3.029,1.671,0.217,0.351,0.172,0.64,0.433,0.092,0.07,0.064,0.881,0.462,0.211,0.257,0.138,2.647,0.423,0.625,0.333,0.193,0.065,0.078,0.075,0.033,0.032,6.082,0.981,0.941,0.592,0.319,1.594,0.52,0.271,0.317,0.134,3.035,0.892,0.574,0.448,0.296,3.252,1.442,0.511,0.721,0.376,2.465,1.901,0.66,0.741,0.295
1761327794,2025-10-24,pull,1.62,0.922,0.33,0.398,0.236,0.748,0.808,0.184,0.267,0.219,1.107,0.449,0.213,0.193,0.209,0.955,0.637,0.21,0.395,0.348,2.617,1.598,0.135,0.316,0.174,0.521,0.416,0.063,0.064,0.052,0.667,0.479,0.195,0.229,0.126,2.138,0.402,0.541,0.314,0.183,0.074,0.075,0.083,0.038,0.036,6.112,1.077,0.859,0.612,0.316,1.401,0.521,0.211,0.312,0.129,2.409,0.913,0.469,0.453,0.294,2.127,1.796,0.515,0.737,0.4,2.088,2.476,0.56,0.804,0.3
1761327794,2025-10-24,pull,1.501,1.184,0.294,0.461,0.249,0.873,0.921,0.153,0.282,0.226,0.955,0.524,0.197,0.191,0.205,1.036,0.676,0.183,0.406,0.384,2.22,1.43,0.099,0.276,0.185,0.448,0.373,0.051,0.06,0.046,0.584,0.493,0.211,0.201,0.124,1.813,0.374,0.486,0.29,0.178,0.093,0.076,0.086,0.051,0.045,6.485,1.277,0.781,0.648,0.302,1.201,0.49,0.165,0.288,0.129,2.16,0.927,0.413,0.459,0.295,1.557,2.095,0.545,0.745,0.411,1.977,3.035,0.53,0.844,0.309
1761327794,2025-10-24,pull,1.726,1.436,0.297,0.535,0.254,1.198,1.002,0.145,0.298,0.232,1.119,0.597,0.181,0.19,0.198,1.342,0.715,0.188,0.434,0.415,1.75,1.197,0.095,0.245,0.199,0.361,0.318,0.056,0.06,0.046,0.538,0.501,0.259,0.179,0.13,1.562,0.324,0.466,0.267,0.178,0.114,0.081,0.082,0.069,0.056,6.551,1.503,0.725,0.703,0.282,1.072,0.435,0.141,0.252,0.133,2.321,0.904,0.417,0.468,0.3,1.728,2.267,0.589,0.754,0.407,2.664,3.408,0.556,0.851,0.318
1761327795,2025-10-24,pull,3.114,1.615,0.359,0.605,0.254,2.011,1.023,0.173,0.312,0.242,1.753,0.647,0.171,0.192,0.191,2.091,0.736,0.23,0.478,0.437,1.461,0.953,0.111,0.24,0.214,0.299,0.262,0.073,0.063,0.05,0.585,0.504,0.316,0.171,0.14,1.439,0.282,0.46,0.25,0.178,0.134,0.088,0.07,0.091,0.066,6.59,1.708,0.699,0.77,0.258,1.134,0.366,0.141,0.22,0.14,3.178,0.87,0.461,0.482,0.307,3.418,2.291,0.652,0.772,0.388,5.893,3.487,0.644,0.823,0.326
1761327795,2025-10-24,pull,5.668,1.711,0.488,0.651,0.251,3.257,0.991,0.248,0.324,0.262,2.735,0.681,0.177,0.196,0.186,3.239,0.762,0.306,0.53,0.445,1.523,0.75,0.139,0.276,0.232,0.34,0.215,0.094,0.073,0.057,0.687,0.512,0.364,0.181,0.149,1.294,0.289,0.451,0.241,0.178,0.144,0.098,0.054,0.11,0.073,5.987,1.906,0.725,0.831,0.234,1.382,0.308,0.17,0.202,0.146,4.62,0.883,0.528,0.496,0.312,6.808,2.212,0.738,0.797,0.359,12.39,3.304,0.79,0.768,0.329
1761327795,2025-10-24,pull,10.297,1.747,0.706,0.661,0.247,5.325,0.923,0.386,0.336,0.29,4.341,0.718,0.228,0.2,0.183,5.213,0.822,0.419,0.577,0.433,1.83,0.618,0.188,0.362,0.252,0.394,0.176,0.114,0.091,0.067,1.033,0.543,0.405,0.21,0.154,1.584,0.385,0.455,0.241,0.175,0.143,0.113,0.038,0.123,0.075,6.038,2.139,0.863,0.863,0.21,2.001,0.285,0.239,0.206,0.15,7.12,1,0.651,0.506,0.309,13.253,2.087,0.87,0.818,0.325,23.567,2.977,1.019,0.7,0.324
1761327795,2025-10-24,neutral,15.45,1.784,0.986,0.631,0.241,7.558,0.858,0.572,0.348,0.32,5.986,0.788,0.327,0.203,0.18,7.43,0.941,0.556,0.602,0.402,2.285,0.555,0.267,0.489,0.276,0.489,0.149,0.134,0.114,0.081,1.417,0.6,0.455,0.256,0.153,1.774,0.574,0.497,0.249,0.169,0.146,0.131,0.027,0.127,0.071,5.877,2.436,1.144,0.854,0.188,2.666,0.323,0.345,0.227,0.149,9.903,1.226,0.845,0.512,0.297,20.843,1.975,1.04,0.826,0.291,36.707,2.675,1.305,0.637,0.31
1761327795,2025-10-24,neutral,19.614,1.869,1.294,0.571,0.232,9.609,0.847,0.767,0.362,0.343,7.432,0.903,0.465,0.204,0.175,9.541,1.123,0.699,0.598,0.356,2.863,0.56,0.373,0.634,0.302,0.608,0.131,0.151,0.138,0.097,2.008,0.681,0.536,0.306,0.15,2.573,0.833,0.604,0.262,0.163,0.13,0.148,0.02,0.121,0.063,6.221,2.794,1.542,0.801,0.17,3.251,0.439,0.478,0.258,0.144,12.475,1.535,1.131,0.518,0.276,27.979,1.928,1.229,0.813,0.257,48.13,2.551,1.603,0.592,0.291
1761327795,2025-10-24,neutral,22.765,2.061,1.645,0.53,0.219,10.958,0.936,0.908,0.379,0.352,8.229,1.052,0.592,0.203,0.167,11.085,1.345,0.809,0.562,0.304,3.239,0.627,0.481,0.767,0.328,0.692,0.126,0.165,0.159,0.113,2.573,0.777,0.634,0.35,0.146,3.249,1.108,0.751,0.277,0.158,0.127,0.158,0.018,0.108,0.054,6.826,3.143,1.937,0.72,0.163,3.561,0.621,0.607,0.29,0.136,14.213,1.862,1.439,0.528,0.251,32.892,1.958,1.372,0.778,0.226,55.235,2.647,1.811,0.568,0.27
1761327795,2025-10-24,neutral,36.953,2.87,2.385,0.597,0.209,10.911,1.134,0.954,0.396,0.343,7.874,1.2,0.681,0.202,0.158,11.175,1.566,0.873,0.504,0.256,3.362,0.759,0.584,0.865,0.352,0.709,0.137,0.175,0.174,0.125,2.979,0.868,0.731,0.378,0.144,3.872,1.343,0.911,0.29,0.157,0.109,0.156,0.019,0.093,0.047,7.009,3.42,2.229,0.629,0.168,3.328,0.84,0.71,0.314,0.129,14.095,2.141,1.71,0.543,0.229,32.935,2.063,1.434,0.725,0.199,53.968,2.899,1.875,0.557,0.253
1761327795,2025-10-24,neutral,91.886,4.833,4.001,0.861,0.213,9.88,1.393,0.891,0.406,0.317,6.785,1.289,0.705,0.199,0.15,10.276,1.72,0.894,0.439,0.224,3.271,0.918,0.669,0.91,0.367,0.717,0.161,0.183,0.182,0.13,3.149,0.925,0.785,0.384,0.145,4.05,1.483,1.026,0.294,0.159,0.106,0.142,0.023,0.077,0.043,7.123,3.532,2.316,0.544,0.183,2.859,1.038,0.757,0.322,0.124,12.698,2.288,1.852,0.554,0.216,29.496,2.195,1.386,0.654,0.179,46.69,3.141,1.767,0.545,0.243
1761327796,2025-10-24,push,203.371,8.237,6.756,1.347,0.237,7.558,1.626,0.751,0.402,0.281,4.787,1.291,0.674,0.195,0.146,7.919,1.768,0.908,0.383,0.213,3.275,1.061,0.745,0.9,0.368,0.696,0.19,0.189,0.181,0.125,2.825,0.928,0.773,0.37,0.147,3.631,1.507,1.061,0.286,0.165,0.093,0.119,0.03,0.066,0.043,6.282,3.474,2.196,0.474,0.204,2.004,1.168,0.743,0.31,0.119,9.659,2.287,1.833,0.552,0.211,22.109,2.302,1.252,0.572,0.167,33.767,3.226,1.537,0.517,0.236
1761327796,2025-10-24,push,365.437,12.72,10.296,1.97,0.277,5.319,1.736,0.582,0.383,0.243,3.068,1.195,0.612,0.191,0.149,5.583,1.689,0.938,0.351,0.221,3.845,1.141,0.8,0.841,0.353,0.83,0.216,0.19,0.173,0.112,2.37,0.874,0.693,0.343,0.145,2.977,1.437,1.004,0.269,0.171,0.09,0.093,0.039,0.059,0.045,5.627,3.288,1.91,0.424,0.222,1.4,1.196,0.67,0.28,0.115,6.696,2.17,1.659,0.53,0.213,14.802,2.329,1.08,0.489,0.162,21.193,3.064,1.259,0.469,0.23
1761327796,2025-10-24,neutral,339.816,13.558,7.075,1.253,0.208,6.468,1.759,0.479,0.458,0.213,2.404,0.943,0.37,0.266,0.185,2.9,1.805,0.987,0.395,0.318,6.815,1.067,0.735,0.418,0.175,1.144,0.307,0.174,0.074,0.062,0.828,0.658,0.358,0.218,0.074,0.756,1.248,0.719,0.369,0.142,0.059,0.035,0.037,0.039,0.032,5.294,3.362,1.214,0.706,0.207,1.172,0.58,0.427,0.229,0.096,3.708,2.496,0.658,0.535,0.239,8.597,3.205,1.063,0.432,0.226,27.008,5.717,1.008,0.438,0.213
1761327797,2025-10-24,neutral,188.03,10.608,3.976,0.722,0.167,9.228,2.537,0.63,0.483,0.211,3.014,1.272,0.398,0.277,0.178,3.75,2.515,0.987,0.397,0.317,5.482,1.418,0.772,0.471,0.183,0.958,0.409,0.206,0.084,0.069,0.626,0.793,0.362,0.242,0.07,0.74,1.509,0.905,0.401,0.131,0.058,0.039,0.03,0.034,0.026,5.743,3.609,1.423,0.814,0.206,1.033,0.611,0.543,0.259,0.102,4.798,3.093,0.733,0.583,0.244,11.587,4.165,1.271,0.462,0.25,40.049,8.125,1.344,0.483,0.233
1761327797,2025-10-24,neutral,92.727,8.762,2.071,0.406,0.147,12.097,3.283,0.765,0.479,0.199,3.847,1.648,0.451,0.273,0.171,5.025,3.241,1.004,0.39,0.312,4.514,1.816,0.817,0.542,0.195,1.028,0.526,0.233,0.103,0.077,0.778,0.984,0.358,0.273,0.07,1.037,1.868,1.116,0.407,0.125,0.065,0.053,0.024,0.033,0.023,5.795,3.76,1.694,0.876,0.21,1.007,0.666,0.661,0.281,0.111,6.213,3.753,0.839,0.608,0.25,14.649,5.054,1.507,0.498,0.285,51.877,10.185,1.716,0.526,0.262
1761327797,2025-10-24,pull,43.783,7.717,1.24,0.275,0.143,12.499,3.696,0.826,0.447,0.18,3.687,1.966,0.502,0.252,0.164,4.82,3.748,0.992,0.369,0.301,3.549,2.122,0.831,0.597,0.201,0.976,0.627,0.242,0.124,0.084,0.561,1.2,0.333,0.298,0.074,1.013,2.248,1.267,0.385,0.122,0.07,0.08,0.019,0.035,0.022,6.271,3.772,1.963,0.876,0.218,0.823,0.712,0.732,0.289,0.122,6.133,4.306,0.915,0.598,0.251,14.973,5.573,1.696,0.541,0.325,55.246,11.208,1.997,0.562,0.291
1761327797,2025-10-24,pull,29.511,6.852,1.025,0.239,0.147,12.3,3.632,0.803,0.398,0.161,3.744,2.142,0.534,0.221,0.156,5.036,3.907,0.934,0.331,0.283,2.85,2.221,0.784,0.611,0.197,0.977,0.673,0.222,0.14,0.088,0.793,1.41,0.295,0.303,0.079,1.324,2.559,1.302,0.341,0.12,0.086,0.121,0.017,0.039,0.023,6.536,3.673,2.151,0.821,0.227,0.972,0.738,0.732,0.281,0.131,6.202,4.609,0.945,0.552,0.244,14.752,5.573,1.791,0.584,0.363,52.846,10.879,2.11,0.587,0.313
1761327797,2025-10-24,pull,20.636,5.739,0.945,0.222,0.147,9.494,3.127,0.706,0.347,0.144,2.862,2.133,0.533,0.191,0.148,3.769,3.694,0.822,0.285,0.261,2.474,2.087,0.678,0.574,0.182,0.903,0.651,0.181,0.147,0.089,0.736,1.561,0.245,0.284,0.087,1.241,2.704,1.192,0.289,0.118,0.088,0.176,0.017,0.045,0.026,6.852,3.532,2.181,0.733,0.235,0.965,0.736,0.657,0.259,0.136,4.803,4.569,0.91,0.484,0.229,11.438,5.08,1.749,0.617,0.388,41.281,9.358,2.017,0.593,0.319
1761327797,2025-10-24,pull,14.469,4.438,0.87,0.205,0.143,6.729,2.373,0.594,0.303,0.132,2.218,1.953,0.511,0.169,0.14,2.915,3.213,0.705,0.245,0.239,2.173,1.771,0.545,0.497,0.16,0.77,0.568,0.13,0.145,0.087,0.79,1.623,0.199,0.246,0.097,1.23,2.661,0.983,0.243,0.118,0.107,0.236,0.021,0.048,0.032,6.894,3.408,2.041,0.64,0.239,1.174,0.719,0.539,0.23,0.134,3.6,4.202,0.844,0.418,0.208,8.404,4.316,1.611,0.628,0.392,27.956,7.231,1.791,0.573,0.308
1761327797,2025-10-24,pull,8.141,3.113,0.782,0.189,0.135,3.667,1.608,0.513,0.268,0.124,1.488,1.674,0.478,0.157,0.131,1.926,2.623,0.62,0.225,0.218,1.927,1.404,0.411,0.403,0.139,0.617,0.458,0.087,0.133,0.085,0.781,1.595,0.163,0.201,0.109,1.104,2.475,0.734,0.213,0.121,0.119,0.29,0.032,0.049,0.038,6.528,3.297,1.76,0.563,0.236,1.236,0.702,0.412,0.202,0.127,2.378,3.622,0.77,0.373,0.187,5.078,3.553,1.416,0.615,0.375,14.844,5.192,1.511,0.527,0.284
1761327797,2025-10-24,pull,3.988,2.139,0.764,0.184,0.131,1.71,1.063,0.531,0.248,0.123,1.179,1.428,0.482,0.163,0.128,1.457,2.129,0.649,0.243,0.207,2.576,1.141,0.346,0.329,0.131,0.634,0.366,0.077,0.119,0.085,0.773,1.525,0.168,0.17,0.125,1.109,2.271,0.553,0.217,0.135,0.149,0.327,0.05,0.049,0.046,5.892,3.226,1.452,0.527,0.234,1.239,0.712,0.328,0.19,0.121,1.841,3.062,0.783,0.381,0.177,3.119,3.097,1.293,0.614,0.351,6.277,3.833,1.334,0.492,0.268
1761327798,2025-10-24,neutral,5.654,2.777,1.39,0.411,0.224,3.861,1.775,1.094,0.442,0.208,4.833,2.217,1.043,0.378,0.196,7.409,3.424,1.63,0.602,0.32,6.242,2.377,1.04,0.555,0.235,1.403,0.634,0.269,0.168,0.112,4.815,2.456,0.856,0.407,0.223,6.447,3.214,1.196,0.513,0.246,0.248,0.346,0.079,0.052,0.055,10.218,4.223,1.815,0.793,0.331,2.803,1.212,0.546,0.297,0.159,9.557,4.529,1.968,0.87,0.318,8.211,4.819,2.085,1.021,0.458,8.177,5.271,2.248,0.88,0.414
1761327798,2025-10-24,neutral,30.993,8.249,4.507,1.525,0.695,24.891,6.577,3.742,1.438,0.635,27.454,6.982,3.824,1.367,0.544,46.872,11.606,6.385,2.24,0.923,28.895,9.482,5.012,1.845,0.738,6.327,2.257,1.222,0.478,0.24,30.511,8.022,4.35,1.657,0.658,37.586,9.141,5.063,1.834,0.729,0.665,0.376,0.139,0.068,0.07,38.774,10.029,5.034,2.101,0.824,13.426,3.673,1.901,0.814,0.365,58.962,14.044,7.872,3.032,1.055,49.627,13.952,6.71,2.887,1.103,50.338,14.697,7.481,2.811,1.19
1761327798,2025-10-24,neutral,98.174,21.58,12.121,4.246,1.901,79.935,18.113,10.237,3.883,1.726,84.964,18.493,10.627,3.762,1.438,149.228,31.47,18.068,6.218,2.483,98.296,26.812,14.927,4.971,1.957,21.308,6.159,3.516,1.27,0.564,97.677,21.669,13.021,4.746,1.769,116.872,23.63,14.804,4.979,1.944,1.67,0.452,0.244,0.109,0.091,114.91,24.352,13.536,5.249,2.086,41.895,9.418,5.292,2.069,0.892,187.343,37.247,22.396,8.164,2.979,159.052,35.296,18.413,7.318,2.798,163.71,36.8,20.505,7.486,3.181
1761327798,2025-10-24,neutral,213.763,43.252,25.162,8.943,4.003,174.404,36.811,21.472,8.113,3.621,183.11,37.198,22.277,7.879,3.002,324.906,63.853,38.151,13.112,5.219,217.824,54.917,32.143,10.151,3.982,47.701,12.39,7.474,2.656,1.131,213.22,43.951,27.925,10.055,3.725,252.497,47.203,31.622,10.337,4.061,3.375,0.597,0.402,0.178,0.118,246.92,47.935,28.508,10.577,4.281,91.184,18.581,11.129,4.238,1.806,407.971,75.033,47.356,16.875,6.386,348.061,69.563,38.823,14.823,5.767,360.036,72.176,42.929,15.492,6.651
1761327801,2025-10-24,neutral,302.029,144.532,36.488,25.587,17.467,280.06,128.877,32.199,22.518,16.162,263.072,124.202,28.755,20.748,14.536,493.61,219.17,52.754,36.876,24.186,413.683,176.262,43.733,30.72,20.18,96.299,41.028,10.34,7.28,4.71,330.387,139.08,37.038,25.295,17.241,360.753,157.857,41.273,29.155,18.685,4.501,2.062,0.511,0.4,0.263,390.095,147.658,39.02,29.8,17.863,127.038,62.502,14.746,11.275,8.131,555.712,258.986,63.38,44.843,30.034,498.578,226.217,53.514,39.99,25.78,543.043,250.247,59.28,43.809,28.834
1761327804,2025-10-24,neutral,256.907,81.256,47.956,16.509,5.408,220.378,69.742,37.634,14.55,4.962,210.124,69.873,42.139,14.176,4.602,388.979,125.048,69.939,24.602,8.092,323.301,102.758,60.182,20.111,6.842,77.512,24.281,14.622,5.081,1.747,234.454,81.77,52.082,17.613,5.41,269.817,90.45,56.009,18.582,5.79,3.967,1.066,0.882,0.243,0.122,277.07,86.594,54.252,19.452,5.645,112.601,34.267,20.559,8.142,2.584,434.61,145.782,90.163,27.959,9.25,423.15,130.305,73.922,25.771,8.353,434.645,141.076,83.234,28.529,8.826
1761327804,2025-10-24,neutral,185.352,66.493,38.151,17.915,5.153,156.704,55.9,29.613,15.756,4.819,150.844,56.663,32.735,15.269,4.47,277.516,100.123,54.543,26.443,7.815,237.437,82.727,47.027,21.558,6.715,57.082,19.342,11.074,5.423,1.729,164.174,67.139,39.797,19.279,5.243,193.683,74.515,43.27,20.209,5.565,3.053,0.838,0.677,0.263,0.127,200.067,73.444,42.463,21.607,5.507,80.193,28.115,15.904,8.969,2.438,313.522,119.176,69.919,30.466,8.856,304.442,106.828,58.215,27.946,8.068,309.644,115.886,65.544,31.132,8.376
1761327804,2025-10-24,neutral,117.95,55.333,32.557,18.696,5.135,98.481,45.488,25.289,16.272,4.896,95.544,46.631,27.274,15.719,4.518,174.266,81.796,45.896,27.229,7.835,155.768,67.794,38.921,22.074,6.785,37.249,15.698,8.722,5.523,1.733,101.276,56.596,31.526,20.218,5.333,122.798,62.815,35.002,21.095,5.64,2.125,0.682,0.531,0.275,0.135,128.32,63.854,35.076,22.923,5.627,49.765,23.743,13.065,9.378,2.422,199.6,98.988,57.455,31.88,8.89,192.925,89.282,49.209,29.126,8.099,192.916,96.777,55.259,32.45,8.343
1761327804,2025-10-24,neutral,70.989,48.736,30.226,18.627,5.275,59.616,39.643,23.781,15.917,5.108,57.438,40.788,24.946,15.393,4.661,104.299,71.833,42.549,26.789,8.052,101.338,59.348,35.038,21.487,6.917,24.327,13.679,7.496,5.349,1.73,61.027,50.666,26.87,20.173,5.541,73.73,56.083,30.475,20.973,5.864,1.469,0.607,0.446,0.274,0.142,79.552,58.37,31.267,23.049,5.877,28.623,21.355,11.669,9.249,2.485,119.938,86.796,51.316,31.781,9.151,114.805,79.09,45.229,28.934,8.297,112.543,85.524,50.648,32.122,8.583
1761327804,2025-10-24,neutral,50.279,45.525,29.247,17.962,5.509,43.925,37.329,23.462,14.993,5.378,40.762,38.276,24.005,14.573,4.843,75.522,68.115,41.483,25.645,8.385,74.964,55.587,33.229,20.233,7.039,17.552,12.807,6.936,5.011,1.71,46.401,47.645,24.353,19.41,5.765,52.093,52.766,27.932,20.144,6.113,1.119,0.59,0.402,0.262,0.145,60.18,55.735,29.15,22.235,6.152,18.861,20.308,10.942,8.736,2.584,84.801,80.56,48.225,30.641,9.486,78.803,74.396,43.235,27.768,8.554,78.442,80.305,48.405,30.654,8.97
1761327804,2025-10-24,neutral,52.118,43.741,28.167,17.186,5.769,47.663,36.484,23.069,14.043,5.629,42.541,37.349,23.083,13.74,5.017,81.456,66.839,40.346,24.593,8.739,76.648,53.465,31.947,19.013,7.121,17.996,12.34,6.665,4.683,1.675,52.435,45.033,22.761,18.475,5.935,54.118,50.398,26.016,19.175,6.305,1.118,0.606,0.382,0.246,0.144,66.553,54.065,27.216,21.048,6.375,18.958,19.686,10.298,8.145,2.685,87.762,76.704,45.586,29.352,9.781,78.682,72.001,41.028,26.383,8.785,83.991,77.757,46.069,28.968,9.378
1761327804,2025-10-24,neutral,66.339,43.082,26.422,16.542,5.958,61.301,36.403,22.087,13.386,5.777,54.237,37.517,21.639,13.159,5.126,105.765,66.724,38.238,23.999,8.974,90.753,52.125,30.559,18.196,7.127,20.896,12.062,6.445,4.461,1.624,68.44,42.57,21.544,17.702,5.996,69.699,48.652,24.231,18.386,6.367,1.285,0.65,0.376,0.23,0.139,87.388,53.454,24.872,19.878,6.474,24.308,19.369,9.51,7.683,2.75,112.236,74.753,42.336,28.381,9.931,98.394,71.368,37.875,25.194,8.89,111.268,77.259,42.762,27.573,9.653
1761327805,2025-10-24,neutral,82.694,43.781,24.492,15.977,6.009,76.279,37.074,20.922,13.025,5.778,67.75,38.726,20.083,12.809,5.129,132.922,67.799,35.892,23.716,8.978,108.125,52.047,29.557,17.742,7.032,24.939,12.11,6.308,4.335,1.558,85.691,41.283,20.916,17.115,5.936,88.516,48.238,23.067,17.776,6.284,1.528,0.727,0.391,0.218,0.134,110.754,54.712,22.677,18.843,6.419,30.928,19.509,8.821,7.385,2.761,141.072,75.436,39.246,27.662,9.887,122.424,72.87,34.694,24.193,8.812,142.457,79.094,39.412,26.459,9.685
1761327805,2025-10-24,neutral,95.467,45.379,24.099,15.3,6.08,87.514,38.231,21.075,12.759,5.778,78.392,40.417,19.923,12.5,5.162,154.114,69.731,35.885,23.337,8.955,122.827,53.329,30.82,17.392,7.015,28.156,12.488,6.626,4.236,1.523,98.683,41.553,22.135,16.533,5.957,104.211,49.166,24.248,17.156,6.274,1.71,0.825,0.449,0.213,0.132,128.754,57.593,22.488,17.867,6.408,36.385,19.941,9.005,7.158,2.792,164.102,78.201,39.309,26.839,9.959,142.226,75.644,34.265,23.156,8.798,166.429,82.238,39.015,25.33,9.723
1761327805,2025-10-24,neutral,99.528,47.458,27.038,14.295,6.545,90.596,39.879,24.089,12.3,6.103,81.501,42.207,22.761,11.974,5.539,160.772,72.641,40.856,22.381,9.439,126.376,56.167,36.286,16.796,7.463,28.923,13.191,7.843,4.076,1.615,102.082,43.58,26.596,15.679,6.451,109.972,51.483,29.485,16.262,6.763,1.749,0.922,0.573,0.216,0.138,135.953,61.762,27.131,16.64,6.888,38.298,20.509,10.851,6.848,3.011,171.2,82.464,45.662,25.478,10.796,149.112,78.886,39.305,21.802,9.387,174.402,85.853,44.616,23.805,10.375
1761327805,2025-10-24,neutral,96.797,49.9,33.482,13.03,7.786,86.434,42.301,30.074,11.582,7.096,77.768,44.21,28.723,11.185,6.583,153.622,77.097,50.955,20.813,11.029,119.882,60.91,45.921,15.898,8.773,27.407,14.248,9.983,3.836,1.932,96.459,47.575,34.185,14.532,7.799,105.59,55.569,38.538,15.11,8.162,1.633,0.997,0.751,0.227,0.155,167.336,77.482,40.834,15.285,8.451,36.812,21.244,14.39,6.402,3.581,163.082,88.183,58.382,23.594,13.043,144.733,82.399,49.86,20.207,11.126,169.227,89.717,56.346,21.934,12.29
1761327805,2025-10-24,neutral,90.633,53.311,41.537,11.834,9.907,77.491,46.135,37.367,10.785,8.866,68.557,47.192,36.084,10.327,8.381,135.827,84.253,63.316,19.059,13.948,104.026,68.074,57.121,14.94,11.046,23.781,15.773,12.499,3.574,2.501,83.618,54.152,42.89,13.354,10.074,92.211,62.535,48.86,14.012,10.556,1.392,1.034,0.935,0.246,0.184,272.331,127.885,68.156,14.525,11.514,32.481,22.542,18.661,5.912,4.533,143.021,96.629,73.825,21.672,16.845,132.835,87.266,62.875,18.789,14.156,157.44,95.043,70.809,20.193,15.669
1761327805,2025-10-24,neutral,86.315,57.835,48.435,11.162,12.566,68.484,51.29,43.554,10.259,11.132,58.564,51.412,42.349,9.766,10.635,115.551,93.88,73.809,17.847,17.77,85.648,77.198,66.391,14.374,13.912,19.603,17.691,14.635,3.4,3.236,68.982,63.06,49.911,12.623,12.884,76.044,72.525,56.999,13.451,13.536,1.139,1.029,1.067,0.273,0.219,520.928,229.383,110.943,15.272,15.892,27.573,24.624,22.251,5.58,5.7,121.069,108.093,86.782,20.476,21.56,121.204,93.999,74.037,18.138,17.979,148.232,102.317,83.139,19.294,19.97
1761327805,2025-10-24,neutral,90.744,62.639,51.794,11.328,15.04,65.958,56.557,46.566,10.302,13.279,54.368,56.178,45.389,9.811,12.712,105.241,103.76,78.905,17.76,21.476,76.615,86.065,70.548,14.573,16.596,17.901,19.529,15.664,3.404,3.943,60.482,72.778,52.899,12.723,15.462,66.278,84.085,60.142,13.756,16.287,1.022,0.992,1.101,0.303,0.249,888.088,374.054,164.043,17.833,20.672,25.398,27.244,23.909,5.565,6.759,111.045,120.867,92.878,20.584,25.903,121.412,101.576,79.654,18.634,21.555,153.742,110.404,89.175,19.731,24.019
1761327806,2025-10-24,neutral,264.83,93.383,37.17,27.32,12.577,210.271,73.858,32.348,24.35,11.335,206.315,76.852,31.94,23.259,10.193,378.75,131.809,52.644,38.774,18.39,307.818,99.233,40.912,32.704,14.191,75.059,22.076,9.428,7.658,3.397,242.84,90.01,27.177,28.498,12.441,266.359,113.672,31.527,31.585,13.753,3.422,1.48,0.47,0.474,0.209,976.318,383.632,144.58,40.433,18.078,100.142,39.514,13.259,13.067,5.435,428.196,165.81,60.346,49.82,21.452,414.783,149.617,57.259,44.309,18.697,459.486,160.463,64.182,47.784,20.555
1761327807,2025-10-24,neutral,127.024,28.53,15.031,17.604,9.98,105.486,25.32,13.17,15.413,9.303,103.972,21.964,13.646,14.335,8.255,192.847,42.16,21.265,25.832,13.951,151.667,34.847,18.249,21.29,11.487,36.638,8.278,4.448,5.183,2.674,130.305,26.976,15.145,17.353,10.301,139.012,31.545,16.816,19.9,10.506,2.234,0.355,0.2,0.256,0.157,499.254,310.077,179.092,57.615,16.655,48.379,12.721,6.416,7.401,4.299,217.605,51.128,28.626,30.755,16.659,204.273,49.886,25.255,27.581,14.121,217.716,52.238,28.915,29.736,15.73
1761327807,2025-10-24,push,118.915,25.272,14.545,17.294,8.564,99.622,22.911,12.772,15.035,7.992,97.173,19.727,13.084,14.099,7.096,181.795,38.164,19.998,25.089,12.084,153.111,39.908,20.031,21.034,9.946,36.621,9.459,4.825,5.185,2.334,122.724,23.717,14.586,17.009,8.832,130.504,27.897,16.264,19.52,9.158,2.015,0.316,0.167,0.248,0.146,512.925,336.324,163.82,47.002,13.564,44.568,11.5,6.283,7.34,3.751,204.22,46.982,27.712,30.281,14.405,190.176,44.41,24.367,27.08,12.291,202.542,47.554,28.213,29.093,13.553
1761327807,2025-10-24,push,101.537,25.224,14.499,16.595,7.515,85.641,23.021,12.671,14.352,6.981,82.933,20.221,12.926,13.516,6.23,155.938,38.42,19.628,23.778,10.701,172.169,61.214,28.724,20.534,8.799,40.31,14.199,6.686,5.111,2.083,104.933,23.952,14.395,16.268,7.714,111.408,27.971,16.26,18.719,8.19,1.755,0.322,0.142,0.234,0.137,673.377,381.429,157.215,39.848,11.502,37.445,11.588,6.428,7.157,3.346,174.439,47.968,27.509,29.237,12.755,161.66,43.677,24.011,25.92,10.907,172.4,47.973,28.007,27.889,11.937
1761327808,2025-10-24,push,78.243,25.711,14.293,16.243,7.031,66.277,23.285,12.384,13.995,6.463,64.015,21.252,12.653,13.151,5.821,120.171,38.889,19.281,23.029,10.051,222.844,97.503,45.692,20.717,8.301,51.014,22.176,10.322,5.169,1.978,80.99,24.804,13.922,15.846,7.132,85.797,28.705,15.966,18.324,7.773,1.437,0.349,0.135,0.226,0.129,925.067,417.965,153.733,36.638,10.686,28.385,11.821,6.502,7.134,3.167,134.351,49.459,26.777,28.818,12.026,123.964,43.387,23.234,25.216,10.242,132.534,48.94,27.182,27.263,11.184
1761327808,2025-10-24,neutral,53.531,26.368,14.162,17.014,7.297,45.147,23.367,12.193,14.649,6.621,43.923,22.441,12.472,13.633,6.024,81.587,39.062,19.324,23.918,10.381,305.965,142.533,69.236,22.402,8.658,69.047,32.001,15.375,5.543,2.065,55.785,25.832,13.506,16.54,7.259,58.941,29.636,15.573,19.191,8.087,1.136,0.386,0.154,0.236,0.128,1163.643,422.828,145.913,36.579,11.069,18.858,12,6.518,7.568,3.293,91.785,50.944,25.884,30.27,12.521,83.995,43.14,22.474,26.151,10.589,90.239,50.037,26.182,28.426,11.602
1761327808,2025-10-24,neutral,34.714,28.046,14.349,19.096,8.288,28.734,24.064,12.32,16.481,7.433,28.646,24.333,12.614,15.143,6.814,51.464,40.335,20.109,26.605,11.66,400.47,184.62,93.944,25.555,9.801,89.83,41.115,20.682,6.218,2.328,36.764,27.755,13.565,18.601,8.071,38.796,31.513,15.48,21.512,9.104,0.893,0.432,0.2,0.264,0.136,1261.807,388.97,128.675,38.445,12.4,11.879,12.449,6.541,8.503,3.716,59.387,53.96,25.464,33.823,14.183,53.595,44.396,22.241,29.019,11.949,57.911,52.92,25.645,31.631,13.172
1761327808,2025-10-24,neutral,25.009,31.864,14.552,21.966,9.685,19.827,26.434,12.53,19.018,8.618,20.714,27.615,12.836,17.31,7.928,35.234,44.515,21.144,30.278,13.477,474.33,211.547,111.519,29.242,11.329,106.299,46.872,24.442,6.981,2.676,27.226,31.32,13.931,21.583,9.274,28.913,35.103,15.578,24.707,10.502,0.739,0.497,0.26,0.302,0.155,1180.192,328.523,102.937,41.303,14.282,8.457,13.635,6.482,9.703,4.301,42.959,60.306,25.25,38.559,16.459,38.187,48.988,22.181,33.063,13.897,41.254,59.68,25.264,36.014,15.415
1761327808,2025-10-24,neutral,25.196,38.632,14.451,24.653,10.976,19.221,31.203,12.581,21.385,9.725,20.76,32.685,12.759,19.401,8.957,33.983,52.858,21.847,33.602,15.163,499.083,215.459,115.161,32.128,12.675,112.021,47.598,25.181,7.539,2.975,27.566,36.939,14.313,24.543,10.401,29.685,40.848,15.642,27.692,11.773,0.703,0.594,0.318,0.334,0.179,990.451,259.845,73.684,44.233,16.117,8.923,15.941,6.276,10.762,4.836,43.864,71.064,24.804,42.867,18.501,39.053,58.079,21.86,36.847,15.733,41.699,71.756,24.648,40.032,17.538
1761327808,2025-10-24,neutral,34.515,49.105,14.269,26.101,11.701,26.241,39.111,12.705,22.64,10.361,28.01,39.96,12.451,20.583,9.54,46.169,66.518,22.425,35.193,16.105,465.964,197.999,103.803,33.041,13.373,104.966,43.72,22.697,7.647,3.116,36.731,45.299,14.947,26.366,11.042,39.769,49.501,16.019,29.275,12.471,0.761,0.729,0.359,0.346,0.202,730.901,201.925,47.801,45.922,17.323,12.795,19.769,6.136,11.261,5.132,60.622,87.253,24.611,45.015,19.58,54.607,72.782,21.671,38.792,16.818,57.811,90.337,24.261,42.013,18.816
1761327808,2025-10-24,neutral,52.617,63.667,14.801,25.711,11.669,40.628,50.729,13.594,22.289,10.377,41.831,49.859,12.575,20.361,9.531,70.749,86.262,23.973,34.337,16.046,391.566,169.909,82.734,31.495,13.278,88.814,37.617,18.174,7.218,3.068,54.237,57.336,16.613,26.338,11.039,58.218,62.058,17.629,28.787,12.421,0.923,0.906,0.382,0.332,0.216,492.299,167.694,30.663,45.323,17.617,19.731,25.387,6.487,10.989,5.116,91.907,109.636,26.154,44.071,19.435,83.95,93.966,22.862,38.015,16.881,88.619,115.921,25.48,41.048,18.931
1761327808,2025-10-24,neutral,81.61,80.582,16.408,23.485,10.995,64.347,64.911,15.447,20.371,9.879,63.314,61.46,13.569,18.697,9.017,109.532,109.99,27.01,31.125,15.142,309.111,144.636,60.313,27.867,12.557,70.824,32.211,13.436,6.353,2.874,81.028,72.321,19.623,24.331,10.507,85.714,77.762,20.831,26.237,11.749,1.212,1.107,0.391,0.296,0.219,341.2,157.833,24.765,42.014,17.089,30.149,32.173,7.479,9.991,4.84,139.178,135.889,30.113,40.096,18.306,129.695,119.299,26.01,34.55,16.067,137.575,145.292,28.887,37.2,18.035
1761327809,2025-10-24,neutral,123.765,96.633,18.867,20.009,9.991,98.577,79.133,17.927,17.427,9.127,92.871,72.735,15.385,16.038,8.239,163.562,133.339,31.13,26.426,13.82,253.391,130.659,43.513,23.119,11.546,58.934,29.286,9.956,5.273,2.623,116.572,87.845,23.529,20.864,9.729,121.866,93.988,25.117,22.319,10.769,1.606,1.299,0.394,0.249,0.21,274.361,166.877,28.651,36.417,16.106,44.118,38.789,8.911,8.55,4.44,202.362,161.158,35.918,34.152,16.734,193.911,144.086,30.666,29.328,14.788,208.697,172.81,33.904,31.503,16.583
1761327809,2025-10-24,neutral,173.612,108.157,21.284,16.248,8.989,138.258,90.293,20.204,14.295,8.384,125.819,81.245,17.303,13.152,7.451,224.055,151.102,34.926,21.576,12.534,234.388,127.882,34.678,18.458,10.573,54.97,28.744,8.188,4.239,2.398,154.086,100.584,27.001,16.917,8.988,160.241,107.163,29.046,18.153,9.803,2.055,1.442,0.389,0.205,0.193,292.396,188.081,37.768,30.192,15.164,59.665,43.656,10.238,7.08,4.062,270.489,179.748,41.506,27.925,15.246,267.375,162.744,35.111,23.817,13.477,292.426,192.191,38.667,25.592,15.07
1761327809,2025-10-24,neutral,224.175,112.368,22.93,13.224,8.18,177.072,95.681,21.647,11.811,7.783,157.14,84.929,18.62,10.873,6.801,281.842,158.771,37.119,17.926,11.539,244.68,129.802,32.087,14.965,9.799,57.339,29.125,7.68,3.47,2.239,187.339,107.201,28.809,13.584,8.427,195.349,113.82,31.339,14.879,9.023,2.483,1.501,0.375,0.174,0.171,365.916,216.017,47.583,25.542,14.59,74.834,45.512,11.015,5.988,3.788,332.865,186.927,44.989,23.128,14.107,339.978,170.498,37.796,19.512,12.373,376.203,198.563,41.632,21.134,13.778
1761327809,2025-10-24,neutral,269.3,109.19,24.07,12.001,7.601,210.162,94.664,22.576,10.801,7.326,184.043,83.461,19.371,10.059,6.322,331.334,155.431,37.993,16.847,10.87,271.734,128.733,32.406,13.646,9.219,63.149,28.78,7.663,3.17,2.14,213.654,106.475,28.958,12.031,8.042,225.415,112.819,32.084,13.639,8.456,2.837,1.471,0.353,0.161,0.151,455.798,248.246,55.578,24.612,14.422,88.745,44.208,11.269,5.673,3.627,384.786,182.101,46.48,21.476,13.325,404.353,166.544,38.846,17.957,11.524,449.404,191.619,43.163,19.809,12.776
1761327809,2025-10-24,neutral,301.274,100.564,25.305,13.708,7.264,232.035,88.289,23.661,12.165,7.017,202.739,77.791,19.945,11.618,6.036,365.528,143.096,38.594,19.866,10.528,295.602,120.268,33.003,15.698,8.84,68.256,26.831,7.532,3.59,2.097,230.464,99.058,28.157,13.513,7.829,247.541,105.025,32.07,15.646,8.13,3.141,1.366,0.322,0.174,0.137,539.214,284.508,60.416,28.701,14.509,99.786,40.394,11.229,6.567,3.569,419.685,167.789,47.1,24.831,12.898,450.83,153.133,39.233,20.833,10.984,498.677,174.474,44.399,23.402,12.133
1761327809,2025-10-24,neutral,315.116,90.177,27.552,18.766,7.254,240.026,79.348,25.793,16.259,6.941,211.565,70.255,21.132,15.871,6.02,380.981,126.776,40.631,27.569,10.604,306.955,107.471,34.707,21.7,8.785,70.974,24.051,7.486,4.86,2.131,237.702,88.053,27.849,18.556,7.888,260.509,93.776,32.683,21.334,8.158,3.395,1.224,0.29,0.212,0.133,590.033,317.689,62.078,37.249,14.702,106.81,35.522,11.361,8.815,3.625,435.533,149.783,48.959,33.878,12.973,472.984,135.731,40.772,28.788,10.92,516.517,153.457,47.216,32.52,12.054
1761327809,2025-10-24,neutral,308.686,81.75,31.367,26.378,7.664,233.46,71.085,29.446,22.474,7.212,209.437,63.521,23.596,22.148,6.346,375.991,112.301,45.379,38.834,11.211,303.548,95.264,38.673,30.828,9.202,70.877,21.552,7.866,6.81,2.27,235.364,77.574,29.37,26.42,8.346,262.643,83.337,35.002,29.827,8.65,3.589,1.093,0.269,0.269,0.144,588.446,336.45,60.934,47.714,14.872,108.571,31.215,12.072,12.075,3.806,430.54,134.555,53.704,47.253,13.712,467.113,120.622,44.903,40.647,11.491,500.454,135.424,52.925,45.755,12.736
1761327810,2025-10-24,neutral,92.839,76.643,33.652,26.476,10.026,69.635,62.26,31.16,22.275,8.83,73.749,60.887,28.294,21.474,8.2,129.516,113.332,53.312,38.967,14.045,98.924,81.483,42.629,31.748,11.74,24.95,18.031,9.703,7.066,2.848,90.737,69.296,30.694,28.051,10.765,100.133,80.111,32.288,29.942,11.082,1.73,1.041,0.412,0.227,0.187,109.744,107.187,30.666,30.483,10.821,33.475,29.477,13.153,12,4.402,152.96,133.174,55.936,47.054,17.109,148.928,124.451,49.189,41.443,14.456,152.019,132.61,56.986,44.327,16.617
1761327810,2025-10-24,neutral,70.467,66.912,27.683,19.214,8.904,52.176,55.034,25.367,16.115,7.744,55.8,53.959,23.578,15.407,7.346,99.703,102.386,43.096,28.246,12.22,76.731,72.724,34.227,22.775,10.366,19.077,15.371,8.71,5.136,2.519,68.318,60.655,24.716,20.208,9.458,75.479,70.543,25.333,21.592,9.827,1.372,0.92,0.534,0.181,0.17,82.661,84.065,25.774,22.174,9.427,23.714,25.882,11.348,8.902,3.943,116.374,117.473,44.896,34.012,15.233,115.058,112.32,39.663,30.201,12.775,119.055,119.216,45.909,31.945,14.633
1761327810,2025-10-24,neutral,53.046,55.159,23.286,14.637,7.847,39.163,46.312,20.747,12.261,6.717,41.334,44.951,19.926,11.572,6.543,76.93,87.588,34.072,21.383,10.441,62.927,62.616,27.238,17.028,9.048,15.445,12.369,8.262,3.928,2.22,50.566,50.254,20.496,14.96,8.185,56.057,58.796,20.506,16.196,8.669,1.29,0.793,0.769,0.177,0.166,61.281,68.61,22.405,17.211,8.326,17.042,21.209,10.256,6.931,3.523,87.464,97.754,36.745,25.604,13.555,89.253,96.266,32.054,23.082,11.265,92.695,101.487,37.128,24.313,12.8
1761327810,2025-10-24,neutral,39.022,43.232,21.005,13.169,7.08,29.237,37.432,17.766,11.115,5.956,29.592,35.336,17.929,10.335,5.965,59.621,71.747,27.491,19.119,9.123,54.741,52.66,22.452,15.156,8.067,13.254,9.403,8.513,3.578,2.018,36.97,39.934,18.603,12.867,7.226,40.931,47.194,18.336,14.297,7.851,1.424,0.736,1.11,0.22,0.183,43.36,55.137,20.468,15.392,7.598,12.351,16.3,10.031,6.267,3.231,64.71,77.589,32.439,22.656,12.408,69.473,79.503,27.241,20.751,10.244,71.505,83.013,31.666,22.09,11.516
1761327811,2025-10-24,neutral,29.837,33.521,20.267,13.93,6.607,23.15,30.283,16.066,11.976,5.475,21.68,27.091,17.25,10.986,5.606,49.802,58.873,23.272,20.281,8.373,51.363,45.04,19.516,16.179,7.453,11.899,6.905,9.221,3.854,1.916,28.703,31.903,18.347,13.127,6.632,31.322,38.393,18.047,14.961,7.363,1.833,0.818,1.502,0.299,0.225,33.98,43.487,19.331,15.726,7.159,9.618,12.186,10.355,6.534,3.068,49.921,61.392,30.958,23.718,11.735,58.032,66.288,24.592,21.88,9.686,58.874,68.491,28.821,23.707,10.786
1761327811,2025-10-24,neutral,26.33,27.213,19.96,15.413,6.274,21.14,25.864,14.934,13.575,5.146,18.396,21.22,17.015,12.266,5.337,47.47,50.955,20.569,22.689,8.016,50.935,40.639,17.596,18.255,7.05,11.29,5.078,9.902,4.325,1.873,26.054,26.995,18.445,14.255,6.269,28.065,33.287,18.303,16.533,7.021,2.473,1.053,1.851,0.393,0.286,32.621,34.873,18.345,16.831,6.827,9.128,9.408,10.661,7.079,2.968,44.655,51.003,30.378,26.218,11.218,55.531,58.408,22.794,24.209,9.333,56.243,60.027,27.103,26.544,10.324
1761327811,2025-10-24,neutral,72.17,26.718,16.567,16.813,5.276,55.299,26.78,12.051,16.053,4.412,42.474,17.31,14.198,13.523,4.335,88.644,51.049,16.412,25.494,7.34,76.522,41.036,14.842,20.573,6.067,20.505,3.564,8.847,4.718,1.726,45.04,26.231,15.164,15.321,5.408,52.053,32.579,15.958,18.216,5.764,4.936,1.809,1.858,0.532,0.429,72.546,29.301,13.787,17.999,5.645,24.139,8.497,8.543,7.247,2.609,95.797,47.52,25.137,29.452,9.033,112.844,58.809,17.8,26.852,8.002,146.97,64.044,22.317,29.424,8.764
1761327811,2025-10-24,neutral,109.101,30.258,16,16.53,5.073,82.609,29.798,12.272,16.089,4.367,61.932,19.695,13.641,13.333,4.075,118.932,54.681,17.442,24.997,7.097,100.669,44.211,16.451,20.076,5.889,28.776,4.526,7.974,4.611,1.651,57.912,28.764,14.678,15.109,5.177,68.474,34.846,15.816,17.904,5.387,5.282,1.756,1.523,0.495,0.412,94.615,32.626,13.431,17.883,5.341,34.635,10.001,7.624,6.997,2.51,133.998,51.938,24.726,29.324,8.425,154.091,62.251,18.426,26.364,7.64,214.311,69.95,22.795,28.87,8.376
1761327811,2025-10-24,neutral,147.249,34.19,16.59,16.463,4.946,110.678,33.091,13.511,16.138,4.402,81.648,23.392,14.071,13.397,3.904,150.441,58.418,20.228,24.625,6.837,124.022,49.24,19.514,19.71,5.775,36.513,6.436,7.363,4.593,1.56,70.593,32.146,15.617,15.158,4.96,84.362,38.099,17.196,17.751,5.086,5.154,1.532,1.143,0.427,0.36,115.256,37.241,14.648,18.011,5.114,45.034,12.179,7.289,6.897,2.435,171.932,57.88,26.57,29.46,7.999,195.738,65.667,21.203,25.996,7.395,281.824,75.544,25.331,28.59,8.129
1761327811,2025-10-24,neutral,174.889,37.324,18.034,16.649,4.809,130.609,35.757,15.314,16.245,4.411,95.663,27.443,15.272,13.753,3.773,173.526,61.131,24.009,24.525,6.518,143.46,55.474,22.9,19.678,5.63,41.842,9.012,7.037,4.695,1.448,79.551,35.666,17.65,15.486,4.697,95.234,41.755,19.75,17.795,4.811,4.531,1.215,0.806,0.348,0.285,127.946,41.856,16.994,18.373,4.897,52.257,14.611,7.614,6.972,2.357,198.287,63.844,30.082,29.873,7.659,225.335,67.916,25.358,25.873,7.196,328.181,79.01,29.222,28.703,7.923
1761327812,2025-10-24,neutral,185.029,38.313,19.477,16.714,4.557,136.845,36.704,16.835,16.153,4.276,100.312,30.312,16.521,14.051,3.6,182.159,61.218,27.363,24.283,6.083,159.827,61.116,25.128,19.683,5.347,44.84,11.616,6.788,4.811,1.311,82.391,38.003,19.74,15.705,4.323,98.086,44.288,22.297,17.65,4.484,3.628,0.901,0.559,0.276,0.209,130.814,44.729,19.424,18.551,4.608,54.527,16.523,8.328,7.047,2.232,205.572,67.285,33.611,29.916,7.245,234.189,67.308,29.309,25.558,6.914,339.668,78.268,32.925,28.629,7.608
1761327812,2025-10-24,neutral,170.945,36.218,19.97,16.083,4.149,124.341,34.995,17.253,15.445,3.953,92.065,30.537,16.994,13.746,3.33,168.563,57.243,28.877,23.162,5.521,174.203,63.938,24.989,19.092,4.884,46.071,13.495,6.313,4.755,1.154,76.812,37.802,20.703,15.238,3.831,89.888,43.881,23.474,16.738,4.06,2.621,0.656,0.409,0.221,0.149,128.451,48.763,21.541,18.268,4.258,49.881,17.07,8.956,6.841,2.04,187.604,65.63,35.305,28.649,6.658,214.298,62.046,31.372,24.306,6.464,306.616,71.769,34.778,27.438,7.1
1761327812,2025-10-24,neutral,140.203,31.29,19.079,14.447,3.71,99.21,30.688,16.262,13.896,3.558,75.16,27.738,16.285,12.507,3.028,139.754,49.305,27.948,20.716,4.985,185.125,62.351,22.304,17.446,4.365,45.826,14.039,5.467,4.394,1.012,64.915,34.528,19.99,13.765,3.351,74.512,39.896,22.622,14.781,3.638,1.743,0.499,0.328,0.184,0.112,172.446,64.698,25.862,19.145,4.234,40.686,15.919,9.12,6.189,1.827,152.851,58.414,34.292,25.602,6.046,174.963,52.517,31.09,21.695,5.981,242.487,60.2,33.995,24.597,6.563
1761327812,2025-10-24,neutral,103.711,24.667,17.1,12.116,3.498,70.99,24.697,14.181,11.761,3.335,56.372,22.57,14.573,10.55,2.864,106.354,38.883,24.933,17.306,4.753,198.519,55.989,18.076,14.919,4.045,46.825,13.001,4.369,3.767,0.937,50.198,28.656,17.827,11.557,3.116,58.442,32.98,20.064,12.182,3.436,1.107,0.399,0.289,0.166,0.096,320.572,107.736,38.109,24.372,5.185,30.371,13.248,8.731,5.216,1.694,116.062,47.09,30.963,21.38,5.759,133.677,40.755,29.491,18.129,5.794,170.304,45.991,30.952,20.587,6.364
1761327812,2025-10-24,neutral,76.449,18.076,14.773,9.872,3.76,51.764,18.673,11.79,9.683,3.523,44.439,16.633,12.405,8.527,3.029,83.638,28.486,20.913,13.962,5.087,209.696,46.145,13.702,12.265,4.178,48.008,10.777,3.297,3.065,0.978,38.411,21.847,15.032,9.331,3.349,50.087,24.966,16.781,9.83,3.678,0.73,0.326,0.265,0.163,0.094,659.515,182.703,64.471,36.037,7.604,23.646,9.893,7.929,4.284,1.738,95.118,34.802,26.621,17.397,6.163,111.594,29.816,28.294,14.666,6.229,117.088,32.556,26.906,16.697,6.852
1761327812,2025-10-24,neutral,67.38,12.963,12.837,8.557,4.558,48.957,14.131,9.903,8.368,4.208,45.002,11.607,10.416,7.178,3.6,81.489,20.448,17.166,11.844,6.055,216.945,35.253,10.557,10.409,4.859,49.27,8.139,2.532,2.53,1.145,33.673,16.049,12.545,7.868,4.112,55.031,17.896,13.948,8.64,4.43,0.634,0.272,0.244,0.174,0.097,1199.437,287.836,109.577,53.404,11.615,23.543,6.841,6.992,3.792,1.99,100.993,24.661,22.736,15.142,7.384,120.829,21.956,28.673,12.504,7.374,99.154,22.52,23.237,14.356,8.101
1761327813,2025-10-24,neutral,17.453,31.688,12.294,14.659,10.398,14.985,27.81,10.963,13.303,9.488,14.685,25.561,10.885,11.649,8.845,25.942,46.268,18.375,20.411,14.358,37.768,35.552,15.091,16.829,11.815,8.903,8.056,3.455,3.902,2.856,36.467,33.126,15.128,13.961,10.841,23.825,35.064,11.678,16.197,11.036,0.799,0.454,0.17,0.185,0.129,994.452,427.65,100.149,35.958,22.626,7.339,12.486,4.329,6.908,4.766,34.737,55.069,20.016,26.22,18.242,31.905,46.137,20.102,22.549,15.756,28.901,54.08,21.856,24.493,16.508
1761327813,2025-10-24,neutral,11.646,36.374,10.749,14.423,9.524,9.025,30.538,9.242,13.103,8.611,8.945,29.892,9.575,11.639,8.045,16.212,51.757,15.959,20.494,13.242,32.496,41.386,12.724,16.592,10.91,7.687,9.473,2.94,3.813,2.634,29.708,37.42,12.803,13.904,9.95,17.349,40.559,9.964,16.116,10.173,0.612,0.46,0.158,0.183,0.124,690.529,293.031,61.913,29.736,18.84,5.008,14.603,3.797,6.878,4.373,21.955,64.269,17.077,26.158,16.642,19.377,53.094,17.022,22.554,14.588,19.898,62.608,18.858,24.492,15.197
1761327814,2025-10-24,neutral,10.698,41.735,9.285,13.79,8.291,7.587,34.203,7.58,12.507,7.422,7.469,34.952,8.319,11.225,6.926,13.731,58.597,13.722,19.945,11.618,35.808,50.268,10.482,15.844,9.566,8.37,11.575,2.468,3.598,2.312,23.463,42.339,10.361,13.34,8.681,15.29,47.024,8.691,15.563,8.917,0.499,0.503,0.149,0.183,0.115,485.812,196.615,39.494,24.825,15.493,4.319,17.205,3.404,6.633,3.805,17.933,75.011,14.548,25.292,14.43,16.314,61.835,14.65,21.782,12.831,18.608,72.536,16.022,23.802,13.296
1761327814,2025-10-24,neutral,10.41,46.412,8.923,13.013,6.997,7.177,37.685,6.91,11.745,6.188,7.047,39.509,8.017,10.592,5.749,13.108,64.944,13.279,19.018,9.876,38.088,60.309,9.628,14.934,8.099,8.914,13.922,2.334,3.357,1.97,18.25,46.513,8.982,12.596,7.331,13.784,52.858,8.827,14.731,7.566,0.403,0.567,0.151,0.185,0.101,345.566,145.283,29.715,21.318,12.742,4.119,19.662,3.502,6.246,3.203,16.253,84.645,14.169,23.961,12.143,16.205,70.294,14.382,20.591,10.926,19.116,81.284,15.134,22.71,11.288
1761327814,2025-10-24,push,12.825,48.541,10.288,12.691,6.006,8.884,39.342,7.777,11.37,5.236,8.585,41.889,9.218,10.229,4.827,15.606,68.051,15.494,18.498,8.495,40.802,68.17,10.911,14.581,6.912,9.661,15.748,2.7,3.271,1.699,15.513,48.099,9.373,12.305,6.263,14.019,55.715,10.855,14.238,6.502,0.346,0.621,0.167,0.192,0.087,261.195,125.296,30.195,19.5,10.611,4.718,21.05,4.307,5.978,2.735,18.264,89.498,16.982,23.174,10.405,21.017,75.278,17.196,19.906,9.448,23.71,85.437,17.327,22.175,9.783
1761327814,2025-10-24,push,16.839,47.03,13.344,13.328,5.542,11.073,38.158,10.13,11.876,4.785,11.02,41.143,11.905,10.567,4.356,19.434,66.299,20.127,19.121,7.787,42.161,71.03,14.327,15.351,6.268,10.055,16.402,3.545,3.479,1.557,15.619,46.248,11.577,12.951,5.698,15.536,54.351,14.59,14.667,5.967,0.308,0.638,0.194,0.207,0.076,206.312,117.401,37.093,19.135,9.046,6.191,20.784,5.779,6.077,2.5,22.749,87.522,22.871,23.85,9.58,33.331,74.591,22.991,20.552,8.774,32.381,82.978,22.601,23.1,9.159
1761327814,2025-10-24,push,24.236,42.095,17.387,14.91,5.572,14.72,34.244,13.353,13.289,4.828,15.004,37.499,15.447,11.636,4.312,25.588,60.063,25.916,20.966,7.734,41.322,68.218,19.111,17.198,6.144,9.938,15.729,4.671,3.97,1.532,18.705,41.362,14.949,14.489,5.6,19.628,49.302,19.177,16.066,5.938,0.308,0.614,0.223,0.229,0.069,186.085,111.246,47.243,19.899,8.027,8.842,18.932,7.595,6.571,2.486,31.076,79.271,30.527,26.038,9.585,56.65,68.187,30.451,22.586,8.869,47.943,74.331,29.727,25.549,9.354
1761327814,2025-10-24,push,33.826,35.247,21.448,16.853,5.871,19.382,28.817,16.645,15.103,5.181,20.291,32.221,18.939,13.021,4.505,34.133,51.511,31.331,23.331,8.071,39.568,61.215,24.22,19.416,6.312,9.595,14.066,5.818,4.573,1.564,24.605,34.977,18.562,16.34,5.75,26.734,42.597,23.607,17.877,6.188,0.364,0.565,0.245,0.25,0.067,188.362,102.896,57.73,21.272,7.477,12.765,16.176,9.323,7.235,2.601,43.311,67.666,38.177,28.828,10.014,90.064,58.3,37.669,25.196,9.369,69.101,62.286,36.943,28.614,9.975
1761327814,2025-10-24,push,45.351,28.536,25.061,18.158,6.19,25.268,23.537,19.691,16.42,5.612,26.611,27.015,21.946,13.977,4.728,44.867,43.456,35.809,24.917,8.481,39.395,52.654,29.223,20.862,6.508,9.526,12.02,6.887,5.009,1.595,32.775,29.09,22.012,17.554,5.918,36.181,36.715,27.54,19.097,6.461,0.451,0.518,0.261,0.259,0.068,193.095,91.353,67.245,22.601,7.223,17.436,13.476,10.755,7.669,2.74,58.479,56.515,44.931,30.625,10.431,128.828,48.284,43.495,27.013,9.852,94.054,50.552,43.325,30.65,10.581
1761327814,2025-10-24,push,56.883,23.501,28.215,18.017,6.372,32.45,19.584,22.537,16.474,5.949,33.82,23.132,24.499,13.895,4.852,58.109,37.813,39.654,24.627,8.744,42.959,44.952,34.114,20.641,6.56,10.338,10.155,7.902,5.052,1.586,42.347,25.046,25.36,17.387,5.967,47.291,33.102,31.2,18.921,6.6,0.557,0.487,0.282,0.25,0.072,188.883,79.074,75.243,23.108,7.105,22.356,11.512,11.882,7.558,2.837,75.691,48.391,50.728,30.145,10.571,165.702,41.058,47.574,26.97,10.052,118.511,41.888,48.788,30.287,10.894
1761327815,2025-10-24,push,68.543,20.947,31.473,16.395,6.437,41.749,17.481,25.653,15.18,6.171,42.541,21.147,27.139,12.732,4.898,75.058,35.289,43.963,22.352,8.858,51.68,39.436,39.381,18.732,6.496,12.259,8.802,9.015,4.673,1.552,53.973,23.255,29.095,15.838,5.938,60.149,31.831,35.353,17.306,6.634,0.678,0.482,0.322,0.222,0.079,194.595,71.329,83.829,22.865,7.104,27.536,10.554,12.979,6.897,2.9,96.091,44.11,56.521,27.365,10.484,197.176,38.077,50.707,25.044,10.002,141.498,37.535,54.245,27.413,10.948
1761327815,2025-10-24,push,81.678,21.08,35.3,14.039,6.522,55.052,17.372,29.328,13.151,6.366,54.355,21.097,30.303,11.023,4.991,98.846,35.949,49.563,19.035,8.992,69.866,36.334,45.201,15.985,6.489,16.478,8.054,10.306,4.052,1.535,68.778,23.534,33.542,13.628,5.985,76.164,32.285,40.519,15.007,6.729,0.815,0.498,0.39,0.185,0.09,244.018,71.906,94.256,22.9,7.247,33.205,10.55,14.304,5.994,2.992,122.882,43.476,63.135,23.546,10.455,224.786,39.191,54.085,22.253,9.954,165.237,37.444,60.501,23.248,11.007
1761327815,2025-10-24,push,98.072,23.643,39.743,11.993,6.718,73.572,19.18,33.467,11.296,6.593,70.49,22.724,34.032,9.534,5.219,131.587,39.447,56.462,16.082,9.275,97.164,35.604,51.235,13.584,6.674,22.791,7.951,11.728,3.456,1.564,87.88,25.4,38.56,11.752,6.206,96.638,33.875,46.624,13.087,6.994,0.984,0.527,0.482,0.151,0.104,353.448,82.314,105.489,24.386,7.497,39.857,11.336,15.967,5.265,3.153,158.427,45.937,70.72,20.424,10.692,249.441,43.354,58.606,19.964,10.106,192.497,40.808,67.672,19.572,11.265
1761327815,2025-10-24,push,118.195,27.904,44.207,11.025,6.99,96.253,22.501,37.43,10.33,6.822,90.483,25.435,37.737,8.822,5.554,171.739,44.95,63.534,14.588,9.672,131.649,36.846,56.533,12.409,7.039,30.888,8.411,13.063,3.097,1.632,110.602,28.24,43.334,10.937,6.558,121.062,36.182,52.702,12.318,7.385,1.174,0.553,0.577,0.127,0.12,506.041,98.684,114.916,27.667,7.77,47.224,12.631,17.776,4.983,3.36,201.776,50.686,78.303,19.209,11.174,274.208,49.038,64.228,19.075,10.45,225.441,46.439,74.811,17.731,11.701
1761327815,2025-10-24,push,139.593,32.022,47.233,11.229,7.191,119.264,25.965,39.949,10.405,6.938,111.225,27.77,40.083,8.965,5.863,212.662,49.962,68.328,14.754,9.995,166.913,38.516,59.334,12.595,7.428,39.191,9.045,13.877,3.035,1.699,133.305,30.673,46.255,11.256,6.881,145.824,38.038,56.726,12.767,7.722,1.364,0.561,0.645,0.118,0.134,657.017,113.69,118.849,31.934,7.971,54.556,13.81,19.128,5.141,3.536,246.033,55.176,83.319,19.951,11.657,296.931,53.419,69.112,19.552,10.775,260.49,51.549,79.434,17.946,12.081
1761327815,2025-10-24,push,156.453,34.972,47.64,12.071,7.149,136.556,28.746,40.089,11.11,6.812,127.292,29.121,40.052,9.594,5.973,243.934,53.223,68.985,15.913,9.997,194.366,39.912,58.504,13.537,7.618,45.679,9.637,13.854,3.166,1.719,150.238,32.315,46.188,12.177,6.978,164.544,39.372,57.16,13.842,7.779,1.495,0.551,0.664,0.12,0.142,751.023,122.271,114.394,35.602,8.001,59.682,14.638,19.474,5.494,3.592,279.685,58.504,83.711,21.659,11.805,310.534,55.557,71.194,20.576,10.785,288.163,55.034,79.546,19.346,12.088
1761327815,2025-10-24,push,162.61,36.933,45.014,12.808,6.748,142.783,30.961,37.62,11.8,6.361,133.589,29.951,37.35,10.193,5.753,255.873,55.246,64.929,17.065,9.495,205.83,41.217,53.984,14.372,7.426,48.407,10.192,12.93,3.318,1.657,155.641,33.706,42.871,12.969,6.704,171.027,41.011,53.544,14.745,7.396,1.537,0.542,0.629,0.128,0.143,753.766,122.768,101.762,37.202,7.78,60.867,15.344,18.566,5.751,3.467,291.31,61.54,78.789,23.045,11.347,306.229,56.548,69.127,21.187,10.25,296.971,57.786,74.571,20.678,11.475
1761327815,2025-10-24,push,154.716,37.96,39.637,12.958,6.05,135.563,32.564,32.909,12.027,5.655,127.674,30.53,32.316,10.411,5.234,244.175,56.336,56.76,17.504,8.554,197.591,42.09,46.45,14.532,6.865,46.499,10.59,11.235,3.371,1.525,147.065,34.995,36.877,13.164,6.104,162.403,42.942,46.368,14.963,6.636,1.461,0.539,0.546,0.136,0.137,659.149,115.973,83.86,36.065,7.349,57.028,15.948,16.436,5.757,3.189,275.966,64.397,69.101,23.315,10.327,279.264,57.003,62.486,20.881,9.229,280.482,60.211,65.186,21.098,10.308
1761327816,2025-10-24,push,134.523,38.568,32.659,12.406,5.336,117.271,33.845,27.011,11.646,4.95,111.298,31.244,26.03,10.141,4.641,212.655,57.263,46.403,16.994,7.541,173.062,42.754,37.497,13.89,6.196,40.793,10.868,9.152,3.282,1.391,126.852,36.355,29.647,12.653,5.448,141.002,44.925,37.178,14.38,5.815,1.297,0.539,0.441,0.145,0.129,502.716,104.22,64.748,32.562,6.909,49.062,16.525,13.506,5.506,2.888,237.659,67.238,56.665,22.328,9.179,233.692,57.827,52.428,19.651,8.14,241.168,62.915,53.48,20.375,9.032
1761327816,2025-10-24,push,108.291,39.405,25.698,11.375,4.934,93.778,35.177,21.277,10.833,4.545,89.473,32.336,19.894,9.496,4.258,171.377,58.774,36.339,15.794,6.908,140.051,43.846,29.062,12.718,5.775,33.102,11.168,7.152,3.086,1.336,101.059,37.873,22.9,11.658,5.066,113.289,46.622,27.988,13.244,5.317,1.086,0.539,0.339,0.152,0.123,333.838,90.726,48.304,27.921,6.68,39.192,17.154,10.421,5.107,2.716,188.074,70.151,44.226,20.506,8.461,181.357,59.797,41.387,17.9,7.503,190.411,66.324,42.159,18.849,8.197
1761327816,2025-10-24,push,83.29,40.688,20.371,10.221,5.057,71.464,36.666,17.029,9.879,4.63,67.989,33.705,15.263,8.693,4.287,131.549,60.997,28.903,14.383,6.983,107.963,45.713,22.958,11.416,5.874,25.634,11.571,5.694,2.847,1.42,76.644,39.437,18.177,10.537,5.189,86.639,47.773,20.727,11.947,5.403,0.879,0.539,0.265,0.157,0.123,195.765,78.233,36.988,23.432,6.817,29.993,17.827,7.905,4.691,2.779,140.458,72.939,34.484,18.462,8.578,135.623,62.805,32.218,16.096,7.67,141.972,70.118,33.772,17.088,8.196
1761327816,2025-10-24,push,64.528,42.178,17.755,9.244,5.691,54.803,38,15.107,9.038,5.187,51.056,34.998,13.029,7.944,4.737,101.123,63.371,25.457,13.184,7.78,83.424,48.028,20.131,10.312,6.524,19.926,12.011,5.004,2.621,1.642,58.304,40.718,16.275,9.597,5.813,66.294,48.206,16.659,10.826,6.071,0.723,0.539,0.229,0.157,0.129,109.926,68.248,31.571,19.878,7.323,23.233,18.429,6.526,4.357,3.077,104.111,75.136,29.329,16.705,9.563,104.061,66.069,27.125,14.574,8.632,105.625,73.536,29.925,15.594,9.06
1761327816,2025-10-24,push,53.647,43.083,18.103,8.618,6.595,44.995,38.47,15.685,8.466,6.001,40.453,35.611,13.413,7.402,5.43,82.695,64.648,26.155,12.435,8.992,68.207,49.645,20.714,9.582,7.502,16.325,12.245,5.111,2.448,1.941,47.308,41.04,17.149,9.004,6.707,54.065,47.488,16.081,10.075,7.061,0.618,0.536,0.229,0.151,0.137,69.068,60.566,31.121,17.394,8.041,19.418,18.632,6.548,4.165,3.505,82.398,75.622,29.29,15.518,11.06,86.845,67.941,26.907,13.517,10.022,84.611,75.219,30.863,14.664,10.451
1761327816,2025-10-24,push,49.094,42.966,20.903,8.353,7.439,40.739,37.725,18.315,8.186,6.778,35.607,35.345,16.011,7.107,6.107,74.268,64.264,30.138,12.134,10.175,61.721,49.787,23.949,9.222,8.462,14.753,12.122,5.825,2.341,2.222,43.024,40.161,19.993,8.755,7.547,48.984,45.609,18.373,9.724,8.019,0.573,0.527,0.254,0.141,0.143,54.758,54.808,33.673,15.695,8.739,18.414,18.264,7.835,4.121,3.905,73.367,73.995,33.581,14.921,12.535,80.204,67.497,30.768,12.964,11.333,76.488,74.638,35.616,14.321,11.86
1761327816,2025-10-24,push,50.212,42.481,25.144,8.35,7.968,41.483,36.407,22.134,8.114,7.291,36.483,34.887,19.987,7.016,6.564,74.914,63.336,35.961,12.115,10.974,62.316,49.065,28.719,9.095,9.127,14.779,11.821,6.881,2.285,2.407,44.647,38.895,23.759,8.725,8.092,50.852,43.63,22.476,9.684,8.677,0.568,0.511,0.289,0.13,0.143,53.554,51.317,37.494,14.482,9.212,20.311,17.6,9.926,4.188,4.152,76.334,71.673,40.577,14.758,13.558,81.925,65.727,36.983,12.852,12.179,79.582,73.117,42.45,14.37,12.862
1761327816,2025-10-24,push,55.624,42.781,29.45,8.561,8.101,46.113,35.624,25.944,8.195,7.47,42.034,35.215,24.125,7.113,6.732,82.769,63.594,41.798,12.294,11.264,69.604,48.883,33.455,9.174,9.403,16.434,11.709,7.917,2.287,2.467,51.93,38.484,27.185,8.848,8.276,58.604,42.95,26.96,9.924,8.949,0.606,0.492,0.32,0.122,0.137,61.963,50.358,40.97,13.669,9.345,24.83,17.134,12.104,4.337,4.197,88.896,70.85,47.948,14.983,13.973,91.356,64.478,43.239,13.172,12.448,91.209,72.692,49.137,14.675,13.281
1761327817,2025-10-24,push,64.692,44.294,32.364,9.018,7.914,54.343,35.761,28.434,8.467,7.374,51.576,36.588,27.076,7.438,6.661,96.806,65.535,45.728,12.733,11.129,81.745,49.857,36.6,9.585,9.349,19.237,11.955,8.582,2.387,2.416,63.376,39.386,29.17,9.184,8.178,71.245,44.043,30.375,10.49,8.907,0.667,0.471,0.337,0.122,0.126,76.605,50.659,42.166,13.353,9.151,31.616,17.087,13.594,4.556,4.072,109.438,72.432,53.227,15.698,13.866,105.976,64.742,47.39,13.984,12.259,109.281,74.152,53.467,15.261,13.178
1761327817,2025-10-24,push,75.844,46.018,33.193,9.735,7.57,64.449,36.069,29.009,8.983,7.128,63.359,38.058,28.105,8,6.452,114.585,67.479,46.828,13.504,10.766,97.218,50.99,37.441,10.443,9.095,22.917,12.296,8.72,2.612,2.296,77.328,40.623,29.312,9.796,7.936,86.483,45.715,31.956,11.378,8.697,0.769,0.44,0.332,0.13,0.114,96.814,50.247,40.421,13.599,8.785,39.36,17.137,13.992,4.827,3.852,134.348,74.744,55.093,16.94,13.456,124.827,65.469,48.419,15.271,11.834,130.738,75.965,54.44,16.176,12.753
1761327817,2025-10-24,push,87.197,46.772,31.983,10.682,7.239,74.859,35.745,27.726,9.761,6.862,75.143,38.576,27.135,8.762,6.21,132.766,67.611,45.113,14.626,10.388,112.349,51.153,36.092,11.745,8.772,26.475,12.417,8.36,2.951,2.152,90.31,41.089,27.882,10.691,7.685,101.096,46.531,31.648,12.504,8.47,0.896,0.399,0.308,0.143,0.104,118.111,48.331,36.307,14.387,8.462,46.517,16.902,13.315,5.134,3.631,158.667,75.635,53.474,18.659,12.99,143.766,65.302,46.522,16.921,11.406,151.28,76.368,52.223,17.454,12.254
1761327817,2025-10-24,push,95.835,46.144,29.168,11.971,7.031,82.659,34.735,24.996,10.912,6.658,84.08,37.929,24.498,9.791,6,146.786,65.592,41.082,16.336,10.138,123.687,50.095,32.985,13.6,8.458,29.126,12.199,7.601,3.408,2.017,99.919,40.503,25.313,11.985,7.488,111.685,46.003,29.65,13.921,8.313,1.046,0.359,0.273,0.158,0.1,135.854,45.638,30.554,15.725,8.321,51.148,16.328,11.83,5.556,3.476,176.741,74.317,48.927,21.015,12.639,159.257,63.877,42.328,19.045,11.119,166.149,74.971,47.502,19.382,11.882
1761327817,2025-10-24,push,102.095,45.036,26.118,13.765,6.976,88.191,34.055,22.041,12.558,6.54,90.316,37.241,21.442,11.204,5.839,156.797,63.377,36.668,18.931,10.055,131.159,49.174,29.69,16.14,8.171,30.783,11.924,6.806,3.994,1.906,106.03,39.973,22.91,13.818,7.341,118.6,45.277,27.204,15.767,8.242,1.236,0.343,0.241,0.175,0.102,145.681,44.133,24.984,17.603,8.376,53.439,15.905,10.24,6.218,3.411,188.515,72.568,43.778,24.257,12.46,170.639,62.868,37.932,21.877,11.012,175.741,73.605,42.527,22.308,11.737
1761327817,2025-10-24,push,103.432,44.765,24.28,15.936,7.033,89.06,34.92,20.15,14.55,6.49,91.733,37.948,19.329,12.888,5.715,159.032,63.499,33.962,22.228,10.101,132.342,50.11,27.89,19.131,7.9,30.942,11.984,6.364,4.646,1.821,107.581,40.898,21.966,16.036,7.214,119.679,45.96,25.709,17.929,8.221,1.407,0.362,0.229,0.194,0.106,143.628,45.891,21.674,19.726,8.55,52.399,16.235,9.258,7.115,3.419,190.377,72.928,40.555,28.134,12.415,174.118,64.393,35.463,25.221,11.041,176.626,74.482,39.635,26.031,11.815
1761327817,2025-10-24,push,100.208,46.125,24.345,18.115,7.168,86.018,37.812,19.954,16.525,6.508,88.839,40.735,18.923,14.554,5.637,153.89,67.29,34.053,25.633,10.238,127.839,53.685,28.375,22.038,7.682,29.765,12.594,6.451,5.24,1.769,104.495,43.95,22.99,18.246,7.121,115.568,48.924,25.897,20.077,8.24,1.547,0.414,0.242,0.21,0.11,134.146,51.381,21.697,21.644,8.76,49.025,17.582,9.201,8.116,3.476,183.167,76.845,40.587,31.993,12.481,169.595,69.439,35.934,28.517,11.179,169.577,78.581,39.916,29.879,12.09
1761327817,2025-10-24,push,90.431,49.219,25.985,19.829,7.336,77.311,42.354,21.22,18.024,6.586,79.996,45.298,20.107,15.837,5.618,138.672,74.436,36.581,28.367,10.41,115.639,59.541,30.69,24.207,7.56,26.794,13.747,6.956,5.642,1.755,95.605,48.853,25.422,19.96,7.094,104.502,54.031,27.504,21.747,8.288,1.541,0.478,0.276,0.221,0.112,114.308,59.531,24.947,22.964,8.921,42.796,19.807,9.9,8.996,3.554,164.493,84.299,43.419,34.993,12.612,154.046,77.571,38.823,31.027,11.39,152.109,85.431,42.722,32.947,12.478
1761327818,2025-10-24,push,76.351,52.971,28.175,20.572,7.465,65.155,47.135,23.085,18.573,6.682,67.379,50.091,22.053,16.351,5.639,116.589,82.494,40.098,29.616,10.517,98.565,65.777,33.519,25.005,7.526,22.784,15.055,7.572,5.726,1.769,82.225,54.01,28.018,20.687,7.123,88.871,59.636,29.534,22.414,8.317,1.444,0.527,0.317,0.223,0.109,93.824,67.51,29.997,23.333,8.952,35.398,22.211,10.867,9.473,3.617,138.388,92.922,47.278,36.237,12.713,130.924,86.336,42.531,31.96,11.587,127.833,92.637,46.25,34.266,12.821
1761327818,2025-10-24,push,59.111,55.595,29.658,20.096,7.475,50.312,50.293,24.471,17.958,6.726,51.907,53.048,23.629,15.897,5.653,89.841,87.959,42.727,28.958,10.465,77.505,69.723,35.33,24.164,7.523,17.841,15.926,7.958,5.449,1.792,65.758,57.252,29.398,20.195,7.153,69.858,63.374,30.791,21.782,8.249,1.194,0.536,0.353,0.214,0.102,72.558,72.073,34.866,22.655,8.805,27.145,23.833,11.563,9.362,3.631,107.401,99.02,49.968,35.265,12.67,102.215,92.186,45.142,30.936,11.657,99.069,96.919,48.423,33.358,12.947
1761327818,2025-10-24,push,42.52,55.672,29.315,18.523,7.348,36.081,50.525,24.387,16.332,6.68,36.942,52.709,23.739,14.57,5.635,64.005,88.246,42.761,26.552,10.264,56.865,69.468,34.831,21.89,7.51,13.086,15.898,7.827,4.868,1.811,48.99,57.049,28.517,18.605,7.142,51.151,63.455,30.238,19.94,8.063,0.938,0.5,0.369,0.195,0.094,54.71,71.097,37.655,21.113,8.512,19.777,23.968,11.534,8.66,3.59,77.441,99.649,49.536,32.273,12.468,74.143,92.486,44.992,28.177,11.56,71.499,96.003,47.503,30.464,12.801
1761327818,2025-10-24,push,27.869,53.023,26.837,16.383,7.163,23.438,47.872,22.504,14.229,6.577,23.535,49.073,21.937,12.791,5.612,41.325,83.21,39.664,23.168,10.057,37.908,65.013,31.696,18.886,7.522,8.672,14.921,7.12,4.149,1.829,33.407,53.365,25.251,16.405,7.12,34.045,59.686,27.586,17.425,7.831,0.656,0.432,0.359,0.17,0.09,39.897,64.884,37.387,19.167,8.189,13.362,22.635,10.66,7.594,3.526,50.676,94.372,45.357,28.203,12.239,48.789,87.149,41.634,24.573,11.39,47.206,90.075,43.106,26.581,12.507
1761327818,2025-10-24,push,17.914,48.476,22.904,14.417,7.053,14.808,43.376,19.369,12.385,6.5,14.162,43.371,18.692,11.163,5.644,25.802,74.753,34.399,19.92,10.038,24.07,57.94,26.841,16.109,7.644,5.471,13.307,6.04,3.503,1.866,21.735,47.434,20.62,14.294,7.175,21.689,53.284,23.532,15.054,7.689,0.459,0.355,0.324,0.146,0.093,29.646,55.663,34.495,17.415,7.975,9.067,20.388,9.213,6.533,3.488,31.588,85.037,38.569,24.419,12.184,30.963,78.179,36.051,21.352,11.321,30.529,81.149,36.408,23.058,12.293
1761327818,2025-10-24,push,12.927,43.217,18.965,13.27,7.168,10.399,38.324,16.228,11.41,6.572,9.076,37.242,15.257,10.234,5.811,18.082,65.47,29.131,17.831,10.391,16.085,50.348,22.131,14.39,7.986,3.578,11.52,4.993,3.115,1.949,14.848,40.93,16.442,12.94,7.424,14.831,46.086,19.595,13.633,7.778,0.321,0.291,0.276,0.132,0.101,23.591,46.326,30.694,16.395,7.992,6.724,17.961,7.781,5.836,3.531,21.007,74.516,31.727,22.154,12.505,21.436,68.269,30.366,19.547,11.559,22.183,71.711,29.746,21.014,12.418
1761327818,2025-10-24,push,13.657,38.006,16.169,13.419,7.602,10.893,33.501,14.049,11.725,6.894,8.915,31.808,12.724,10.425,6.175,19.156,57.109,25.565,17.691,11.198,15.205,43.672,19.012,14.303,8.607,3.314,9.896,4.275,3.115,2.097,13.581,35.107,14.1,12.905,7.935,14.475,39.471,16.948,13.834,8.171,0.3,0.247,0.226,0.136,0.115,21.543,40.081,28.079,16.514,8.32,6.527,15.813,6.812,5.794,3.685,20.271,64.951,26.901,22.342,13.295,21.673,59.222,26.228,19.914,12.238,23.428,63.223,24.962,21.251,13.052
1761327818,2025-10-24,push,21.046,33.331,14.859,14.923,8.31,17.056,29.352,13.127,13.346,7.459,14.507,27.62,11.529,11.81,6.708,30.392,50.52,24.169,19.668,12.339,22.729,38.594,17.867,15.88,9.442,4.972,8.628,3.967,3.514,2.299,19.011,30.651,13.881,14.344,8.645,21.788,34.224,15.882,15.807,8.803,0.375,0.22,0.185,0.163,0.129,26.153,41.718,28.529,17.784,9.005,8.717,14.108,6.426,6.477,3.929,31.521,57.518,24.737,25.151,14.434,33.204,51.92,24.111,22.526,13.289,36.095,56.31,22.595,23.839,14.131
1761327819,2025-10-24,push,35.342,29.317,14.566,17.365,9.099,29.215,25.962,13.044,15.814,8.123,26.222,24.612,11.362,14.038,7.277,52.287,45.578,24.16,23.178,13.503,39.265,34.965,17.995,18.569,10.292,8.783,7.73,3.918,4.183,2.507,31.733,27.551,15.014,16.873,9.357,37.279,30.414,15.838,19.044,9.468,0.585,0.201,0.152,0.209,0.14,40.226,54.75,32.848,19.732,10.005,13.673,12.74,6.384,7.683,4.189,55.689,52.199,24.399,29.819,15.591,56.718,46.285,23.277,26.659,14.428,60.824,50.78,21.88,28.02,15.334
1761327819,2025-10-24,push,54.245,25.95,14.369,19.951,9.684,45.53,23.208,12.974,18.329,8.643,42.309,22.415,11.397,16.418,7.681,81.807,41.677,24.039,27.055,14.287,62.36,32.199,18.107,21.429,10.878,14.161,7.092,3.874,4.896,2.65,50.111,25.412,16.141,19.658,9.793,58.697,27.681,15.77,22.515,9.89,0.864,0.183,0.128,0.261,0.146,63.85,78.636,39.853,21.608,11.138,20.69,11.53,6.266,9.003,4.366,89.386,48.236,24.198,34.85,16.335,88.504,41.817,22.364,31.002,15.233,93.971,46.137,21.343,32.433,16.187
1761327819,2025-10-24,push,72.912,23.053,13.482,21.833,9.797,61.921,20.797,12.235,20.089,8.769,58.779,20.58,10.849,18.205,7.725,111.607,38.019,22.566,30.043,14.336,86.16,29.523,17.165,23.532,10.945,19.812,6.531,3.632,5.425,2.664,69.459,23.566,16.12,21.771,9.715,80.573,25.424,14.828,25.101,9.828,1.16,0.158,0.109,0.304,0.143,116.083,113.176,46.515,23.277,12.21,28.104,10.318,5.744,10,4.367,124.031,44.529,22.691,38.62,16.294,120.572,37.864,20.29,34.22,15.313,127.082,41.78,19.784,35.684,16.251
1761327819,2025-10-24,push,85.762,20.536,11.775,22.265,9.278,73.578,18.527,10.727,20.448,8.331,70.916,18.887,9.514,18.745,7.282,133.207,34.222,19.561,31.007,13.458,103.709,26.531,15.039,24.078,10.342,24.026,5.924,3.179,5.575,2.512,84.011,21.565,14.714,22.372,9.003,96.596,23.237,12.923,25.838,9.158,1.368,0.129,0.092,0.32,0.132,261.793,164.62,51.609,25.58,13.159,33.674,9.093,4.817,10.294,4.132,149.822,40.455,19.654,39.712,15.264,143.632,34.085,17.04,35.173,14.43,150.669,37.467,17.061,36.582,15.271
1761327819,2025-10-24,push,88.765,18.556,9.475,20.899,8.145,76.884,16.472,8.648,19.14,7.329,75.094,17.431,7.541,17.723,6.363,139.92,30.606,15.453,29.378,11.712,109.683,23.471,12.055,22.684,9.096,25.581,5.288,2.574,5.254,2.202,89.101,19.434,12.199,21.052,7.726,101.808,21.211,10.325,24.303,7.93,1.461,0.102,0.076,0.304,0.115,574.837,242.52,54.916,29.809,14.036,35.688,8.033,3.649,9.714,3.661,158.887,36.278,15.492,37.461,13.31,150.785,30.738,13.093,33.324,12.614,157.409,33.607,13.553,34.571,13.294
1761327819,2025-10-24,neutral,80.808,17.289,7.143,17.988,6.612,70.718,14.843,6.492,16.431,5.949,70.047,16.358,5.449,15.338,5.13,129.652,27.721,11.237,25.479,9.412,102.223,20.921,8.949,19.612,7.419,23.943,4.72,1.951,4.526,1.789,83.021,17.499,9.34,18.075,6.124,94.607,19.634,7.7,20.832,6.367,1.417,0.086,0.063,0.259,0.097,1066.413,347.655,56.898,36.574,14.852,33.317,7.319,2.537,8.382,3.026,148.508,32.633,11.247,32.32,10.771,139.676,28.237,9.362,29.039,10.191,145.135,30.704,10.116,30.04,10.677
1761327819,2025-10-24,neutral,64.66,17.003,5.295,14.211,4.992,57.295,13.993,4.728,12.955,4.479,57.725,15.918,3.762,12.165,3.823,106.089,26.282,7.875,20.286,7.008,84.157,19.644,6.427,15.584,5.623,19.776,4.382,1.44,3.567,1.351,68.087,16.347,6.934,14.193,4.509,77.71,18.96,5.681,16.3,4.772,1.272,0.085,0.053,0.2,0.08,1651.295,465.115,58.498,44.791,15.456,27.472,7.099,1.739,6.624,2.343,122.701,30.497,7.918,25.544,8.126,114.36,27.164,6.599,23.318,7.64,118.236,29.373,7.531,24.049,7.945
1761327820,2025-10-24,neutral,15.424,13.046,4.336,2.251,1.671,12.154,9.825,3.045,1.988,1.51,14.499,10.476,3.419,2.051,1.175,23.976,18.75,6.355,3.645,2.249,19.961,15.597,4.719,2.494,1.66,4.546,3.185,1.082,0.52,0.394,15.381,12.716,5.109,2.275,1.45,19.725,13.538,5.139,2.418,1.763,0.626,0.174,0.074,0.085,0.115,1436.984,365.799,37.652,30.083,8.226,6.734,5.379,1.717,0.986,0.878,31.935,21.064,7.374,3.929,2.71,25.367,19.834,6.204,3.986,2.449,26.464,20.384,7.944,4.11,2.668
1761327820,2025-10-24,neutral,16.284,10.061,4.583,1.641,1.627,12.12,7.521,3.222,1.432,1.49,14.079,7.973,3.772,1.579,1.192,23.19,14.45,6.821,2.77,2.231,19.24,12.385,5.087,1.817,1.662,4.338,2.496,1.197,0.374,0.382,14.998,10.255,5.037,1.657,1.488,19.19,10.348,5.236,1.768,1.786,0.54,0.188,0.084,0.086,0.131,851.934,229.247,28.262,18.383,5.843,6.538,4.198,1.844,0.707,0.864,31.009,16.307,8.015,2.822,2.714,24.904,15.77,6.721,2.904,2.427,27.069,15.652,8.506,2.924,2.687
1761327820,2025-10-24,neutral,18.123,7.292,4.716,1.34,1.563,12.672,5.417,3.458,1.148,1.454,13.414,5.771,4.027,1.319,1.21,22.383,10.448,7.141,2.302,2.172,18.395,9.298,5.441,1.461,1.685,4.123,1.852,1.324,0.301,0.37,14.484,7.875,4.874,1.314,1.52,18.407,7.447,5.312,1.458,1.785,0.458,0.194,0.096,0.087,0.143,403.817,122.702,20.897,9.946,4.226,6.367,3.099,1.944,0.574,0.833,29.75,11.829,8.466,2.259,2.718,25.811,12.045,7.056,2.371,2.399,30.904,11.463,8.827,2.289,2.669
1761327820,2025-10-24,neutral,20.217,5.165,4.759,1.287,1.475,13.102,3.837,3.755,1.089,1.4,11.657,4.084,4.181,1.208,1.213,20.056,7.274,7.305,2.15,2.064,16.198,6.854,5.767,1.341,1.7,3.594,1.362,1.447,0.284,0.352,12.885,6.006,4.704,1.202,1.519,16.321,5.258,5.458,1.415,1.744,0.385,0.194,0.111,0.09,0.15,151.344,60.251,16.716,5.572,3.465,5.851,2.206,2.012,0.551,0.775,26.396,8.28,8.749,2.137,2.689,26.799,9.132,7.265,2.273,2.348,36.807,8.411,8.978,2.118,2.592
1761327820,2025-10-24,neutral,21.324,3.989,4.759,1.399,1.399,12.763,3.037,4.097,1.18,1.361,8.917,3.092,4.271,1.196,1.211,16.039,5.381,7.355,2.216,1.955,12.815,5.495,6.081,1.387,1.717,2.794,1.117,1.559,0.303,0.334,10.376,4.983,4.601,1.272,1.496,13.052,4.09,5.71,1.555,1.686,0.326,0.193,0.128,0.094,0.154,53.465,34.539,15.241,4.272,3.299,4.855,1.64,2.049,0.603,0.707,20.844,6.238,8.946,2.327,2.653,26.424,7.421,7.437,2.463,2.311,41.774,6.915,9.038,2.274,2.496
1761327821,2025-10-24,neutral,21.489,3.929,4.846,1.668,1.37,12.124,3.163,4.499,1.398,1.368,6.319,2.981,4.394,1.314,1.219,12.058,5.172,7.471,2.524,1.901,9.761,5.644,6.49,1.629,1.753,2.054,1.203,1.677,0.361,0.324,8.17,5.049,4.683,1.541,1.476,10.091,4.168,6.097,1.897,1.645,0.274,0.202,0.145,0.099,0.153,32.881,27.419,15.332,4.404,3.335,3.941,1.509,2.085,0.74,0.654,15.473,6.201,9.258,2.859,2.651,25.125,7.113,7.76,2.97,2.329,44.634,7.212,9.189,2.754,2.433
1761327821,2025-10-24,neutral,21.817,5.207,5.117,2.285,1.397,12.811,4.428,4.971,1.896,1.426,6.53,4.094,4.638,1.759,1.237,12.688,7.19,7.829,3.415,1.921,11.063,7.82,7.095,2.322,1.814,2.187,1.739,1.825,0.502,0.327,9.349,6.512,5.027,2.209,1.477,11.15,5.879,6.633,2.675,1.634,0.263,0.241,0.16,0.107,0.147,35.967,25.333,16.155,5.047,3.328,4.251,1.998,2.157,1.076,0.635,15.924,8.855,9.868,4.115,2.697,26.139,8.627,8.389,4.185,2.406,46.231,9.694,9.569,3.919,2.424
1761327821,2025-10-24,neutral,25.141,7.72,5.658,3.547,1.474,17.257,6.758,5.546,2.928,1.528,11.222,6.513,5.062,2.802,1.271,21.789,11.446,8.604,5.413,2.025,19.226,12.063,7.984,3.838,1.915,3.533,2.747,2.021,0.793,0.347,15.543,9.406,5.723,3.557,1.524,18.406,9.312,7.408,4.212,1.667,0.34,0.333,0.178,0.121,0.136,55.165,24.45,17.031,6.142,3.247,6.906,3.161,2.31,1.749,0.659,26.253,14.305,10.947,6.626,2.801,34.167,11.96,9.467,6.634,2.53,51.617,14.139,10.368,6.309,2.484
1761327821,2025-10-24,neutral,33.077,10.933,6.462,5.592,1.637,26.954,9.748,6.233,4.635,1.694,21.826,9.869,5.671,4.565,1.358,43.329,17.274,9.887,8.753,2.272,37.769,17.736,9.144,6.34,2.119,6.43,4.076,2.249,1.271,0.391,28.762,13.356,6.79,5.69,1.678,34.54,14.064,8.533,6.617,1.799,0.586,0.513,0.204,0.145,0.125,89.973,24.69,17.92,7.828,3.196,12.216,4.812,2.574,2.801,0.744,50.139,21.735,12.537,10.583,3.032,52.311,16.833,11.006,10.462,2.738,64.611,19.663,11.729,10.142,2.684
1761327821,2025-10-24,push,47.302,14.354,7.597,8.211,1.974,43.148,13.156,7.202,6.872,1.994,37.302,13.587,6.556,6.853,1.582,78.721,24.075,12.018,13.054,2.787,66.479,24.004,10.724,9.55,2.537,9.879,5.444,2.513,1.913,0.478,47.872,17.87,8.33,8.352,2.047,58.596,19.557,10.194,9.568,2.143,1.105,0.799,0.258,0.19,0.117,150.873,27.381,18.958,10.071,3.376,19.145,6.628,3.006,4.113,0.924,87.05,30.103,14.814,15.494,3.547,83.084,23.665,13.037,15.143,3.138,91.513,25.86,14.008,14.955,3.178
1761327821,2025-10-24,push,70.002,17.369,9.124,10.916,2.578,68.05,16.512,8.641,9.246,2.508,58.921,16.875,7.789,9.22,2.022,132.818,30.871,15.287,17.435,3.696,109.319,29.701,12.881,12.846,3.275,14.085,6.511,2.82,2.637,0.626,74.833,22.165,10.376,11.02,2.73,92.889,24.784,12.421,12.452,2.81,1.996,1.199,0.376,0.267,0.12,284.597,44.017,21.029,12.644,3.992,27.315,8.189,3.636,5.44,1.232,140.427,37.838,17.903,20.381,4.502,132.346,32.442,15.446,19.667,3.865,138.81,32.031,17.435,19.771,4.129
1761327821,2025-10-24,push,99.603,19.54,11.095,13.155,3.46,99.969,19.268,10.674,11.269,3.251,83.849,19.12,9.437,11.164,2.689,201.884,36.646,19.757,20.882,5.005,162.405,33.783,15.736,15.524,4.336,17.853,7.06,3.206,3.333,0.837,106.681,25.459,12.893,13.131,3.731,133.52,28.728,15.167,14.652,3.813,3.212,1.704,0.585,0.377,0.136,538.811,90.109,25.893,15.287,5.116,34.825,9.194,4.479,6.522,1.659,205.007,43.534,21.905,24.217,5.915,200.662,42.528,18.109,23.001,4.964,204.911,37.396,22.014,23.533,5.568
1761327821,2025-10-24,neutral,131.95,20.694,13.385,14.488,4.49,134.747,20.948,13.18,12.509,4.121,109.282,20.049,11.384,12.3,3.476,276.809,40.539,24.981,22.602,6.521,219.065,35.606,19.125,17.009,5.556,21.206,7.078,3.661,3.886,1.077,139.44,27.199,15.561,14.26,4.904,175.197,30.673,18.12,15.743,5.006,4.653,2.269,0.874,0.505,0.162,923.111,171.741,34.579,17.703,6.596,41.071,9.531,5.463,7.169,2.135,272.19,46.33,26.483,26.27,7.576,281.538,52.495,20.816,24.454,6.312,280.01,41.141,27.264,25.472,7.292
1761327822,2025-10-24,neutral,158.654,20.944,15.55,14.744,5.431,163.781,21.329,15.623,12.745,4.916,128.948,19.801,13.216,12.49,4.193,339.991,42.104,29.776,22.323,7.901,265.731,35.144,22.316,17.074,6.652,23.254,6.739,4.091,4.199,1.289,165.662,27.339,17.786,14.275,5.985,207.876,30.513,20.628,15.662,6.122,6.114,2.793,1.201,0.622,0.19,1375.535,277.051,45.779,19.517,8.093,44.459,9.277,6.36,7.321,2.546,325.901,46.25,30.682,26.375,9.099,357.912,60.36,23.05,23.97,7.633,344.559,42.666,31.981,25.403,8.904
1761327822,2025-10-24,neutral,171.976,20.485,17.079,14.148,6.041,179.066,20.43,17.348,12.121,5.433,137.752,18.739,14.451,11.94,4.651,374.035,41.227,32.824,20.547,8.802,289.75,32.855,24.448,16.046,7.347,23.859,6.31,4.404,4.246,1.413,178.099,26.222,18.992,13.458,6.699,222.855,28.645,22.046,14.786,6.878,7.467,3.164,1.49,0.697,0.213,1777.641,377.751,56.158,20.515,9.222,44.793,8.66,6.933,7.077,2.782,351.361,43.897,33.404,25.072,10.096,409.361,64.053,24.325,22.237,8.617,379.43,41.653,34.918,23.917,9.997
1761327822,2025-10-24,push,114.241,17.124,16.287,11.756,5.282,121.28,14.144,16.18,9.25,4.796,89.3,14.461,13.348,9.85,3.996,258.092,29.506,29.711,15.478,7.783,195.555,22.81,23.195,12.934,6.435,17.154,5.841,4.489,3.492,1.116,118.685,20.628,16.835,11.004,5.805,146.045,19.821,19.836,12.779,6.084,9.958,2.759,1.605,0.57,0.223,1661.728,390.106,56.532,19.268,8.578,30.084,6.693,6.201,5.895,2.241,229.638,32.213,30.435,20.967,8.898,315.143,47.035,24.081,18.566,8.234,259.519,29.193,31.746,19.946,8.931
1761327822,2025-10-24,push,80.915,15.945,14.618,11.501,4.545,85.121,12.545,14.287,8.896,4.178,61.661,13.487,11.951,9.631,3.4,182.559,25.633,26.453,15.277,6.734,137.032,20.437,21.333,12.897,5.573,13.645,5.728,4.267,3.226,0.908,83.649,19.165,15.349,10.903,4.91,101.918,17.7,17.979,12.822,5.2,9.826,2.2,1.377,0.458,0.209,1214.027,298.281,44.994,18.078,7.38,23.409,6.262,5.454,5.688,1.862,157.753,29.417,27.082,20.485,7.679,228.751,37.587,23.198,18.665,7.283,182.482,25.658,28.325,19.799,7.713
1761327822,2025-10-24,push,58.101,14.748,12.854,11.481,3.892,56.086,11.737,12.376,8.89,3.623,39.181,12.818,10.626,9.577,2.871,118.747,22.889,23.39,15.502,5.784,87.843,18.852,19.473,13.144,4.786,10.741,5.431,3.964,3.048,0.74,54.614,18,13.994,11.002,4.107,65.686,16.284,16.125,12.929,4.393,9.063,1.6,1.088,0.352,0.19,804.236,210.611,33.655,16.903,6.367,18.162,5.893,4.741,5.567,1.55,98.75,27.625,23.811,20.189,6.568,150.384,29.734,22.068,18.877,6.311,119.65,23.586,25.016,19.858,6.608
1761327822,2025-10-24,push,54.246,13.502,11.495,11.646,3.472,40.565,11.796,11.018,9.124,3.238,25.763,12.429,9.798,9.625,2.523,76.944,21.386,21.288,15.869,5.145,55.611,18.005,18.207,13.47,4.22,8.981,5.019,3.723,2.979,0.649,36.665,17.097,13.195,11.178,3.578,42.253,15.556,14.795,12.979,3.845,7.687,1.074,0.803,0.271,0.168,648.99,168.542,28.532,16.092,6.143,15.397,5.608,4.293,5.514,1.372,61.216,26.699,21.588,20.01,5.814,98.48,24.361,21.158,18.95,5.54,83.15,22.85,22.73,19.935,5.863
1761327823,2025-10-24,push,69.711,12.557,11.016,11.886,3.323,40.934,12.776,10.655,9.411,3.035,23.391,12.532,9.824,9.705,2.385,61.611,21.406,20.667,16.168,4.88,43.405,18.161,17.978,13.705,3.909,9.011,4.711,3.707,2.993,0.638,31.933,16.739,13.337,11.323,3.373,34.113,15.742,14.468,12.915,3.608,5.975,0.684,0.568,0.218,0.145,871.856,194.939,32.637,15.922,7.068,15.774,5.633,4.307,5.495,1.337,49.834,26.929,21.209,19.893,5.49,80.182,22.018,21.153,18.761,5.069,77.305,23.474,22.255,19.902,5.54
1761327823,2025-10-24,push,100.659,12.099,11.575,12.005,3.4,54.427,14.27,11.392,9.541,2.976,29.446,13.053,10.755,9.704,2.416,66.273,22.476,21.655,16.225,4.934,45.261,19.867,18.935,13.684,3.814,10.18,4.822,3.985,3.014,0.686,37.413,16.921,14.554,11.303,3.443,36.927,16.722,15.338,12.671,3.637,4.231,0.441,0.395,0.184,0.124,1428.117,291.704,46.409,16.93,9.157,18.61,6.088,4.823,5.43,1.41,56.974,28.038,22.832,19.648,5.528,89.872,22.116,22.531,18.202,4.888,95.291,24.911,23.785,19.572,5.558
1761327824,2025-10-24,push,37.847,10.378,19.765,8.665,2.946,37.203,9.848,18.376,8.134,2.766,33.382,7.899,15.971,7.542,2.256,63.034,13.677,30.681,11.912,4.059,210.528,20.483,22.647,9.026,3.302,46.922,4.366,5.199,2.088,0.73,36.896,9.228,17.88,7.766,2.96,40.628,10.261,22.611,8.782,3.179,0.323,0.135,0.383,0.163,0.071,1583.194,219.756,91.385,48.387,10.493,13.609,4.535,9.61,3.617,1.649,65.622,16.852,36.14,14.012,4.978,61.338,15.505,25.637,10.423,4.085,67.216,17.656,35.38,13.661,4.965
1761327824,2025-10-24,push,28.862,13.925,23.618,9.099,3.682,28.664,13.156,21.8,8.505,3.359,26.354,10.473,19.1,7.712,2.917,49.547,18.067,36.14,12.219,5.011,143.685,20.257,27.319,9.818,3.964,32.012,4.364,6.213,2.347,0.885,29.627,11.563,22.127,8.538,3.581,32.676,12.734,26.746,9.318,4.007,0.329,0.133,0.373,0.174,0.092,911.56,127.947,64.262,32.38,8.399,10.208,5.44,11.245,3.762,2.024,53.034,21.504,43.028,14.813,6.317,43.171,20.781,31.926,11.268,5.32,53.229,22.394,41.892,14.668,6.213
1761327824,2025-10-24,push,24.434,20.325,28.656,9.91,4.963,23.787,18.822,26.207,9.229,4.415,22.242,15.58,23.403,8.132,4.012,41.717,26.764,43.485,13.227,6.732,84.764,24.101,33.647,10.988,5.228,19.098,5.325,7.627,2.693,1.187,25.531,16.678,28.145,9.713,4.797,27.448,18.835,32.608,10.407,5.477,0.324,0.183,0.365,0.176,0.117,438.945,72.786,49.258,20.529,7.8,8.017,7.744,13.392,4.098,2.645,45.947,31.803,52.277,16.225,8.594,33.235,30.246,40.928,12.956,7.426,46.262,32.095,50.691,16.32,8.322
1761327824,2025-10-24,push,23.169,28.838,34.187,11.065,6.544,22.473,26.149,31.045,10.241,5.729,21.27,22.754,28.26,8.805,5.345,39.524,38.887,51.667,14.883,8.882,43.327,31.251,40.712,12.407,6.855,9.841,7.069,9.247,3.078,1.58,24.894,24.183,34.943,11.157,6.352,25.471,27.971,39.457,11.985,7.297,0.362,0.282,0.367,0.173,0.142,181.846,46.828,45.081,14.746,8.57,7.634,11.22,15.821,4.644,3.383,43.945,46.867,62.673,18.209,11.368,31.185,42.728,51.178,15.375,10.006,44.955,45.706,60.577,18.569,10.896
1761327824,2025-10-24,push,25.583,37.483,38.979,12.313,8.004,24.281,33.393,35.298,11.276,6.939,23.027,30.307,32.557,9.573,6.575,43.079,51.615,58.804,16.779,10.875,25.563,39.155,46.869,13.811,8.395,5.892,8.985,10.689,3.422,1.956,27.528,32.362,40.966,12.575,7.813,27.103,37.847,45.77,13.729,8.967,0.384,0.402,0.379,0.168,0.157,102.795,44.05,47.485,14.127,10.034,8.482,15.002,18.016,5.313,4.021,47.447,63.064,71.886,20.373,13.887,35.771,55.372,60.33,18.038,12.366,49.431,59.949,69.363,20.997,13.239
1761327824,2025-10-24,push,30.831,43.698,41.315,13.327,8.905,29.029,38.439,37.542,12.04,7.672,27.193,35.934,34.795,10.223,7.344,51.459,61.146,62.324,18.377,12.099,25.65,44.876,50.109,14.91,9.368,5.975,10.395,11.499,3.653,2.2,33.823,38.823,44.28,13.672,8.73,32.459,45.33,49.375,15.233,9.967,0.425,0.507,0.387,0.163,0.159,120.549,62.584,54.682,16.022,11.345,10.913,17.891,19.211,5.954,4.344,55.878,75.354,76.682,22.223,15.374,45.865,64.484,65.442,20.305,13.793,58.433,70.451,73.981,23.032,14.624
1761327825,2025-10-24,push,38.584,45.511,40.16,13.813,9.007,35.939,39.697,36.829,12.311,7.738,33.097,37.735,34.027,10.54,7.454,63.716,64.408,60.634,19.19,12.216,34.46,46.61,49.153,15.439,9.511,7.818,10.864,11.359,3.723,2.246,42.302,41.478,43.714,14.193,8.853,41.086,47.886,48.856,16.109,10.013,0.457,0.566,0.381,0.158,0.147,185.496,103.805,69.579,18.289,12.147,14.527,18.861,18.863,6.395,4.252,69.065,79.642,75.056,23.27,15.411,59.92,67.153,64.751,21.594,13.9,71.51,73.79,72.44,24.119,14.669
1761327825,2025-10-24,push,48.055,42.617,35.726,13.612,8.344,44.152,36.885,33.209,12.001,7.18,40.126,35.29,30.387,10.382,6.93,78.146,60.749,53.986,18.959,11.282,46.266,44.061,44.113,15.242,8.864,10.692,10.34,10.287,3.617,2.104,52.323,39.701,39.496,14.009,8.214,51.965,44.918,44.305,16.115,9.159,0.504,0.564,0.354,0.152,0.126,298.007,167.289,94.636,20.047,12.621,19.32,17.651,16.977,6.5,3.8,85.505,75.031,67.29,23.195,14.092,77.254,62.835,58.549,21.573,12.765,87.551,69.283,64.907,23.92,13.464
1761327825,2025-10-24,push,57.495,36.351,29.267,12.751,7.171,52.211,31.04,27.566,11.155,6.219,46.965,29.687,24.916,9.742,5.982,92.018,51.963,44.17,17.726,9.667,60.67,38.486,36.345,14.315,7.698,14.027,9.101,8.569,3.357,1.842,61.418,34.348,32.903,13.142,7.064,63.055,37.806,37.046,15.233,7.728,0.557,0.503,0.309,0.143,0.104,424.008,242.56,127.032,20.97,13.018,24.35,14.766,14.038,6.217,3.152,102.21,63.854,55.582,21.958,11.917,94.683,53.349,48.704,20.26,10.835,103.673,58.98,53.431,22.438,11.473
1761327825,2025-10-24,neutral,63.796,28.848,22.481,11.402,5.822,57.05,24.001,21.273,9.923,5.128,51.203,22.882,19.092,8.73,4.88,100.397,41.153,33.713,15.764,7.844,72.346,31.777,27.847,12.806,6.363,16.954,7.597,6.654,2.99,1.545,66.772,27.308,25.743,11.752,5.732,70.667,29.121,29.044,13.651,6.136,0.59,0.408,0.256,0.132,0.086,539.696,309.473,157.812,20.889,13.391,28.187,11.241,10.828,5.6,2.494,113.291,50.222,43.023,19.784,9.515,107.574,41.906,37.819,17.98,8.684,114.379,46.432,40.989,19.988,9.277
1761327825,2025-10-24,neutral,64.683,22.071,16.64,9.774,4.569,57.094,17.578,15.557,8.479,4.113,51.353,16.749,14.053,7.501,3.845,100.278,31.266,24.617,13.404,6.186,78.974,25.647,20.329,10.926,5.128,18.613,6.213,4.932,2.564,1.276,66.455,20.529,19.433,10.04,4.488,72.211,21.348,21.923,11.647,4.714,0.629,0.309,0.207,0.12,0.075,603.801,345.842,175.814,19.732,13.508,29.539,8.076,7.989,4.767,1.953,114.754,38.013,32.025,17.006,7.38,111.373,31.584,28.008,15.164,6.762,115.779,35.035,29.999,17.006,7.323
1761327825,2025-10-24,neutral,58.945,17.133,12.385,8.035,3.53,51.466,12.881,11.193,6.965,3.25,46.572,12.403,10.367,6.175,2.973,90.267,23.978,17.916,10.911,4.842,75.973,20.913,14.742,8.883,4.094,18.023,5.129,3.632,2.111,1.058,59.742,15.321,14.675,8.187,3.453,66.229,15.935,16.53,9.48,3.596,0.617,0.232,0.171,0.108,0.068,593.629,337.762,172.718,17.535,12.97,27.677,5.883,5.887,3.848,1.56,104.491,29.42,23.831,13.93,5.695,103.472,24.236,20.505,12.208,5.243,105.783,26.816,21.816,13.87,5.775
1761327825,2025-10-24,neutral,48.1,13.86,9.524,6.298,2.689,41.603,9.918,8.246,5.472,2.509,38.091,9.789,7.881,4.839,2.255,72.888,19.163,13.405,8.47,3.765,65.806,17.378,11.039,6.856,3.218,15.645,4.29,2.756,1.654,0.874,48.31,11.751,11.286,6.328,2.619,54.203,12.72,12.689,7.344,2.741,0.589,0.186,0.145,0.098,0.064,511.131,286.282,147.646,14.523,11.49,23.149,4.639,4.483,2.943,1.266,85.051,24.07,18.141,10.802,4.381,85.977,19.623,15.233,9.392,4.057,86.646,21.585,16.272,10.825,4.546
1761327825,2025-10-24,neutral,35.333,11.522,7.435,4.652,1.991,30.401,8.138,6.269,4.069,1.844,28.381,8.219,6.091,3.564,1.65,53.254,15.858,10.248,6.211,2.856,51.248,14.566,8.597,4.981,2.438,12.126,3.587,2.166,1.214,0.703,35.243,9.229,8.671,4.572,1.937,39.723,10.7,9.712,5.37,2.056,0.518,0.166,0.125,0.089,0.061,376.516,207.5,107.838,11.101,9.139,17.341,3.968,3.503,2.118,1.015,62.34,20.356,13.897,7.842,3.29,63.949,16.534,11.389,6.871,3.069,64.006,18.087,12.367,8.017,3.494
1761327826,2025-10-24,neutral,23.495,9.334,5.685,3.234,1.419,20.065,6.814,4.837,2.863,1.266,19.352,6.881,4.639,2.465,1.155,35.262,12.96,7.855,4.313,2.09,36.574,12.001,6.86,3.414,1.761,8.508,2.924,1.736,0.828,0.54,23.168,7.032,6.465,3.072,1.402,25.903,8.775,7.165,3.706,1.503,0.437,0.159,0.105,0.083,0.058,233.937,125.213,65.598,7.771,6.384,11.676,3.402,2.736,1.426,0.789,41.137,16.588,10.376,5.342,2.375,42.581,13.655,8.381,4.797,2.235,42.61,14.866,9.311,5.625,2.575
1761327826,2025-10-24,neutral,17.188,7.443,4.43,2.222,0.997,14.493,5.905,3.902,1.999,0.82,13.86,5.703,3.655,1.685,0.799,24.264,10.455,6.33,3.005,1.513,25.983,9.799,5.799,2.325,1.24,5.904,2.346,1.459,0.546,0.399,15.252,5.128,4.806,2.012,1.031,16.638,6.77,5.255,2.524,1.093,0.353,0.155,0.091,0.077,0.055,115.68,60.173,33.084,5.046,3.85,7.801,2.817,2.22,0.934,0.604,27.675,12.767,7.905,3.627,1.678,29.048,10.864,6.395,3.367,1.593,30.668,12.08,7.231,3.91,1.842
1761327826,2025-10-24,neutral,35.234,8.284,5.673,2.015,0.777,28.69,7.215,5.063,1.839,0.578,23.2,6.206,4.895,1.535,0.637,40.645,11.176,8.612,2.838,1.235,32.546,10.034,7.713,2.162,0.974,7.304,2.353,1.862,0.485,0.306,23.344,5.154,5.769,1.783,0.874,25.01,6.439,6.317,2.222,0.884,0.394,0.166,0.104,0.072,0.053,57.533,23.817,17.221,3.641,2.062,11.104,2.896,2.807,0.787,0.498,45.594,12.444,10.295,3.386,1.324,49.824,11.168,8.637,3.132,1.247,62.388,13.957,9.55,3.52,1.411
1761327826,2025-10-24,neutral,102.47,14.705,14.499,3.291,0.824,82.458,13.017,12.636,3.013,0.623,64.45,10.373,12.685,2.56,0.731,115.147,18.701,22.321,4.814,1.392,84.037,15.361,18.672,3.761,1.075,18.984,3.577,4.34,0.844,0.295,66.112,9.099,14.474,3.083,1.004,71.691,10.08,16.059,3.548,0.962,0.796,0.223,0.198,0.07,0.053,77.09,14.401,21.243,4.336,1.252,29.967,4.587,6.657,1.253,0.513,130.806,19.918,26.903,5.802,1.465,141.223,18.562,23.329,5.134,1.317,183.456,25.608,25.09,5.587,1.413
1761327826,2025-10-24,neutral,239.354,27.938,35.511,6.568,1.217,192.236,24.299,30.55,5.99,1.027,152.528,19.252,30.872,5.166,1.143,274.028,34.84,54.34,9.723,2.132,199.687,26.972,43.978,7.8,1.647,45.318,6.273,10.095,1.78,0.395,158.865,17.968,35.505,6.45,1.508,174.075,19.023,39.549,7.107,1.421,1.737,0.345,0.418,0.078,0.057,176.229,21.251,45.185,7.641,1.339,71.059,8.43,15.742,2.543,0.686,313.192,37.436,66.047,11.775,2.263,333.65,35.254,57.889,10.25,1.928,430.391,49.268,61.889,10.958,1.984
1761327827,2025-10-24,neutral,126.139,65.193,51.57,12.335,7.353,108.92,55.947,44.404,11.262,6.812,97.592,53.512,41.237,9.539,6.132,182.496,99.991,76.35,17.64,11.144,145.32,77.813,59.206,15.29,9.225,32.622,17.463,12.975,3.358,2.011,116.034,63.227,43.216,12.359,7.925,131.185,71.593,49.702,13.299,7.983,1.366,0.881,0.348,0.218,0.116,158.166,60.821,49.227,14.479,7.808,49.229,28.548,21.095,5.15,3.519,207.669,123.336,87.429,21.269,13.583,210.608,103.625,78.412,19.316,10.63,229.701,112.349,88.398,20.473,11.87
1761327827,2025-10-24,push,76.267,49.482,30.305,8.503,5.999,72.184,42.971,26.177,7.878,5.479,59.187,41.291,23.738,6.62,4.953,112.293,77.19,44.835,11.862,9.08,89.92,62.766,35.165,10.422,7.375,20.711,14.085,7.601,2.272,1.614,71.356,50.258,23.814,8.271,6.426,84.726,57.169,28.252,8.959,6.595,0.925,0.694,0.2,0.183,0.091,108.333,48.309,27.711,10.269,6.512,32.649,22.235,12.306,3.63,2.884,127.349,97.542,50.689,14.408,11.059,131.586,78.937,45.462,12.978,8.662,140.831,86.327,51.269,14.136,9.769
1761327827,2025-10-24,push,76.436,37.798,17.682,6.402,4.822,76.181,33.291,15.436,5.955,4.334,55.764,32.117,13.635,5.077,3.961,107.401,60.366,26.245,8.636,7.321,94.288,54.897,21.727,7.556,5.784,21.571,12.364,4.661,1.648,1.284,65.512,41.258,13.309,5.958,5.141,80.764,46.531,16.478,6.55,5.41,0.858,0.551,0.142,0.156,0.073,100.764,39.466,16.903,8.038,5.417,32.399,17.301,7.209,2.827,2.332,120.627,77.409,29.697,10.676,8.887,129.56,59.731,26.507,9.491,7.015,143.511,66.335,29.328,10.652,7.976
1761327828,2025-10-24,neutral,98.974,30.319,10.867,5.748,3.993,97.69,27.159,9.688,5.256,3.538,67.459,26.382,8.317,4.646,3.296,130.613,50.306,16.211,7.538,6.076,137.438,56.093,15.891,6.256,4.672,31.074,12.644,3.429,1.37,1.065,75.999,36.647,8.2,5.127,4.249,93.82,40.303,10.62,5.723,4.606,0.98,0.462,0.123,0.145,0.065,109.82,34.532,12.439,7.388,4.698,39.763,14.083,4.451,2.589,1.95,144.906,64.043,18.696,9.508,7.39,163.04,46.733,16.425,8.383,5.925,188.378,52.638,17.485,9.577,6.755
1761327828,2025-10-24,neutral,123.653,26.704,7.798,6.042,3.553,118.948,24.4,7.114,5.391,3.126,79.581,23.777,5.982,4.897,2.979,155.227,46.283,11.703,7.85,5.388,204.727,65.979,15.85,5.88,4.093,45.398,14.796,3.489,1.294,0.97,86.788,35.608,6.307,5.265,3.788,106.409,37.824,8.355,5.895,4.222,1.097,0.431,0.124,0.154,0.066,116.918,32.681,11.499,7.701,4.381,46.922,12.499,3.142,2.685,1.763,170.376,56.973,13.919,9.961,6.639,199.926,39.577,11.757,8.812,5.439,238.319,45.039,12.055,10.109,6.156
1761327828,2025-10-24,neutral,137.773,25.683,7.713,6.97,3.435,130.096,23.879,7.038,6.139,3.03,85.488,23.186,6.025,5.58,2.931,167.535,45.942,11.664,9.123,5.164,282.35,80.036,20.8,6.101,3.959,62.014,17.792,4.661,1.353,0.977,91.325,36.216,7.093,6.052,3.672,111.395,37.322,9.123,6.741,4.169,1.167,0.442,0.145,0.181,0.073,115.358,32.368,13.296,8.649,4.37,50.669,11.978,3.049,2.999,1.73,182.668,54.13,14.287,11.493,6.486,221.881,36.711,11.478,10.266,5.443,269.248,42.224,11.719,11.741,6.062
1761327828,2025-10-24,neutral,141.195,25.757,9.001,8.324,3.521,131.117,24.298,8.103,7.336,3.128,86.123,23.38,7.181,6.545,3.031,169.581,46.675,13.698,11.021,5.246,358.311,92.125,27.937,6.798,4.11,78.077,20.302,6.327,1.532,1.046,91.034,36.588,9.279,7.239,3.762,110.47,36.906,11.374,8.024,4.294,1.191,0.469,0.181,0.217,0.084,108.968,32.106,16.198,10.01,4.507,51.242,11.836,3.57,3.479,1.78,184.199,53.002,17.067,13.741,6.679,228.254,36.072,13.255,12.405,5.731,279.928,42.085,13.779,14.112,6.268
1761327828,2025-10-24,neutral,132.08,26.001,10.271,9.904,3.687,121.726,24.8,9.149,8.803,3.295,81.524,23.585,8.341,7.674,3.165,160.966,46.919,15.669,13.199,5.461,405.832,97.417,34.061,7.969,4.364,88.1,21.304,7.778,1.832,1.129,86.695,35.769,11.616,8.598,3.914,104.716,35.501,13.506,9.503,4.437,1.179,0.489,0.225,0.252,0.096,99.65,31.376,18.522,11.564,4.644,48.485,11.64,4.134,4.079,1.845,174.911,51.997,19.637,16.323,6.949,216.797,36.222,14.979,14.922,6.081,265.477,42.952,15.918,16.847,6.56
1761327828,2025-10-24,neutral,116.211,25.72,11.022,11.395,3.814,106.952,24.688,9.764,10.229,3.423,74.828,23.204,9.079,8.762,3.245,147.233,45.652,16.756,15.176,5.647,414.291,93.071,36.945,9.483,4.557,89.864,20.209,8.501,2.218,1.18,80.715,33.44,13.518,9.839,4.012,97.165,32.645,14.714,10.847,4.465,1.147,0.485,0.269,0.274,0.109,91.369,29.943,19.508,13.002,4.671,43.977,11.138,4.501,4.693,1.868,160.992,49.912,20.9,18.672,7.074,194.883,35.922,15.94,17.346,6.292,235.487,43.304,17.361,19.39,6.736
1761327828,2025-10-24,push,97.149,24.432,11.231,12.423,3.82,89.631,23.52,9.918,11.24,3.433,67.193,21.85,9.343,9.541,3.225,130.76,42.431,16.914,16.44,5.684,374.031,79.942,35.866,11.003,4.574,81.109,17.239,8.307,2.595,1.172,73.891,29.82,14.711,10.649,3.99,88.936,28.497,14.763,11.706,4.319,1.1,0.447,0.299,0.278,0.124,84.054,27.72,19.123,13.959,4.544,38.283,10.225,4.605,5.165,1.821,144.992,46.094,20.742,20.166,6.931,166.613,34.249,16.183,19.102,6.238,196.292,41.906,18.091,21.089,6.671
1761327828,2025-10-24,push,80.571,21.882,11.015,12.658,3.693,74.239,21.106,9.681,11.509,3.317,60.789,19.372,9.223,9.747,3.12,115.507,37.252,16.357,16.567,5.55,302.42,61.356,31.419,12.042,4.402,65.923,13.139,7.299,2.838,1.105,67.627,25.378,15.091,10.766,3.862,81.56,23.529,13.805,11.804,4.043,1.037,0.38,0.308,0.264,0.139,79.138,24.64,17.699,14.108,4.307,32.86,8.924,4.472,5.336,1.721,131.098,40.376,19.53,20.293,6.56,139.303,30.858,16.025,19.65,5.942,158.433,38.092,18.273,21.39,6.369
1761327829,2025-10-24,push,68.068,18.197,10.716,11.985,3.507,61.581,17.615,9.313,10.919,3.143,55.289,16,9.019,9.256,3.007,102.08,30.693,15.638,15.444,5.337,217.31,42.183,25.536,12.2,4.144,47.629,8.972,5.914,2.856,1.011,61.793,20.8,14.879,10.114,3.719,74.688,18.399,12.463,11.087,3.773,0.954,0.294,0.297,0.238,0.152,74.859,20.875,15.945,13.337,4.076,27.924,7.401,4.275,5.124,1.625,119.335,33.257,18.2,18.937,6.156,114.72,26.033,16.091,18.734,5.587,126.603,32.039,18.385,20.126,5.983
1761327829,2025-10-24,push,60.222,14.15,10.678,10.585,3.395,52.2,13.707,9.117,9.647,3.038,50.789,12.452,9.044,8.167,2.983,90.897,24.088,15.318,13.369,5.209,143.623,26.739,20.27,11.385,3.984,32.015,5.658,4.639,2.636,0.942,56.932,16.828,14.43,8.865,3.685,68.3,13.924,11.461,9.77,3.679,0.858,0.212,0.273,0.207,0.159,71.053,17.113,14.538,11.84,3.982,23.987,5.978,4.223,4.578,1.605,109.585,26.098,17.66,16.482,5.974,94.76,20.977,16.956,16.55,5.431,103.072,25.199,18.896,17.644,5.747
1761327829,2025-10-24,push,56.181,10.921,11.039,8.861,3.476,45.762,10.342,9.304,8.081,3.107,47.008,9.741,9.447,6.775,3.118,82.458,19.092,15.679,10.938,5.313,93.917,17.209,16.869,9.861,4.078,21.343,3.657,3.784,2.254,0.941,53.104,14.094,14.052,7.381,3.85,62.652,11.048,11.22,8.259,3.871,0.776,0.153,0.247,0.178,0.157,67.143,14.32,13.804,10.024,4.121,21.144,5.056,4.449,3.861,1.709,101.804,20.8,18.313,13.65,6.198,79.965,17.433,18.762,13.688,5.665,87.834,19.848,19.949,14.664,5.863
1761327829,2025-10-24,push,53.788,9.716,11.866,7.232,3.794,41.573,8.558,10.022,6.615,3.38,43.535,8.889,10.298,5.421,3.416,75.886,17.23,16.883,8.743,5.693,68.406,13.714,15.707,8.089,4.469,16.011,3.002,3.461,1.828,1.02,50.168,13.198,14.067,6.025,4.22,57.581,10.732,11.889,6.917,4.347,0.723,0.134,0.226,0.154,0.146,62.869,13.537,13.892,8.286,4.507,19.142,5.018,5.018,3.157,1.93,94.728,19.241,20.265,11.116,6.843,69.594,17.045,21.413,10.826,6.305,77.574,18.265,21.651,11.906,6.389
1761327829,2025-10-24,push,52.711,11.096,12.972,5.991,4.3,39.75,8.914,11.133,5.512,3.796,40.715,10.353,11.409,4.373,3.814,71.787,19.03,18.657,7.173,6.272,59.504,14.76,16.165,6.527,5.074,14.263,3.381,3.546,1.468,1.161,48.14,14.317,14.469,5.025,4.715,53.768,13.331,13.123,5.936,4.991,0.718,0.158,0.213,0.133,0.129,58.619,15.329,14.574,6.913,5.071,18.145,5.995,5.798,2.594,2.212,88.969,22.077,22.93,9.293,7.758,64.045,20.269,24.265,8.505,7.189,71.62,21.445,23.698,9.845,7.221
1761327829,2025-10-24,push,53.217,14.638,14.114,5.286,4.875,40.887,11.226,12.339,4.873,4.238,39.316,13.693,12.53,3.798,4.214,71.249,23.636,20.613,6.408,6.892,58.394,18.346,17.304,5.532,5.724,14.28,4.347,3.824,1.253,1.319,47.894,16.934,15.08,4.487,5.213,52.291,18.142,14.48,5.368,5.633,0.764,0.212,0.208,0.116,0.112,56.76,19.422,15.586,6.086,5.687,18.429,7.729,6.596,2.229,2.475,86.095,28.338,25.623,8.346,8.699,63.998,26.161,26.663,7.043,8.07,70.555,28.47,25.703,8.678,8.152
1761327829,2025-10-24,push,54.717,19.303,15.023,5.13,5.365,45.076,14.842,13.291,4.671,4.575,39.132,17.872,13.397,3.737,4.51,73.812,29.48,22.286,6.45,7.381,59.549,22.934,18.293,5.213,6.238,14.737,5.542,4.098,1.198,1.446,49.327,20.359,15.648,4.414,5.587,52.731,23.829,15.549,5.192,6.112,0.842,0.275,0.209,0.104,0.101,57.22,24.9,16.67,5.861,6.214,19.625,9.761,7.213,2.072,2.65,85.789,36.127,27.676,8.246,9.423,69.207,33.145,28.046,6.541,8.714,73.77,37.33,27.252,8.392,8.938
1761327829,2025-10-24,push,55.875,23.492,15.318,5.41,5.625,50.152,18.543,13.581,4.784,4.705,39.184,21.415,13.665,4.097,4.617,77.477,34.477,23.021,7.121,7.594,61.508,26.984,18.591,5.472,6.475,15.229,6.575,4.238,1.275,1.507,52.25,23.593,15.862,4.711,5.737,54.093,28.594,15.918,5.332,6.311,0.919,0.327,0.213,0.095,0.097,59.998,30.024,17.364,6.127,6.514,21.161,11.473,7.435,2.09,2.696,86.496,42.836,28.36,8.788,9.74,75.837,38.925,27.833,6.846,8.959,78.794,45.113,27.719,8.791,9.363
1761327830,2025-10-24,push,54.998,26.018,14.761,5.86,5.559,54.821,21.298,12.97,4.99,4.571,38.432,23.315,13.154,4.629,4.481,79.797,37.225,22.392,8.028,7.429,62.492,29.419,17.936,5.994,6.358,15.337,7.17,4.165,1.409,1.481,56.673,26.035,15.551,5.152,5.603,54.632,31.253,15.413,5.585,6.172,0.95,0.355,0.215,0.089,0.1,62.959,33.32,17.282,6.58,6.479,22.059,12.464,7.166,2.185,2.599,85.583,46.698,27.341,9.538,9.543,81.544,42.064,25.904,7.521,8.734,82.29,49.71,26.658,9.435,9.279
1761327830,2025-10-24,push,50.995,26.337,13.398,6.185,5.148,55.468,22.451,11.56,5.071,4.176,35.688,23.224,11.923,5.052,4.099,77.513,37.225,20.447,8.725,6.861,60.226,29.794,16.422,6.421,5.885,14.644,7.216,3.881,1.52,1.365,59.626,27.348,14.758,5.489,5.175,52.66,31.44,14.16,5.729,5.702,0.933,0.354,0.211,0.083,0.103,63.433,33.834,16.415,6.913,6.072,21.75,12.583,6.477,2.249,2.372,80.577,47.021,24.811,10.04,8.827,81.311,42.022,22.643,8.057,8.052,80.916,50.187,24.136,9.858,8.644
1761327830,2025-10-24,neutral,42.822,24.622,11.474,6.144,4.462,51.004,21.83,9.675,4.879,3.586,30.161,21.428,10.189,5.133,3.528,68.658,34.809,17.542,8.827,5.967,53.265,28.26,14.327,6.462,5.132,12.772,6.77,3.438,1.54,1.178,59.712,27.335,13.58,5.513,4.507,46.448,29.439,12.439,5.577,4.971,0.82,0.329,0.201,0.076,0.102,67.786,35.527,17.084,7.638,5.523,19.363,11.904,5.55,2.201,2.052,69.131,44.147,21.301,9.936,7.694,73.1,39.103,18.722,8.055,7.014,71.633,46.816,20.592,9.691,7.554
1761327830,2025-10-24,neutral,33.833,21.507,9.3,5.639,3.626,42.931,19.731,7.687,4.377,2.9,24.248,18.549,8.218,4.774,2.857,56.728,30.767,14.184,8.173,4.89,44.112,25.32,11.976,5.995,4.221,10.609,5.976,2.911,1.441,0.954,55.398,25.994,12.092,5.122,3.695,38.658,25.975,10.53,5.047,4.084,0.72,0.287,0.185,0.07,0.095,138.431,55.777,26.379,10.764,5.546,16.399,10.637,4.569,2.011,1.683,56.316,39.03,17.404,9.093,6.312,60.848,34.151,14.791,7.376,5.765,59.401,40.719,16.611,8.811,6.197
1761327830,2025-10-24,neutral,24.097,17.906,7.173,4.758,2.772,32.163,16.837,5.89,3.655,2.216,17.8,15.372,6.268,4.051,2.186,42.453,26.174,10.871,6.897,3.789,33.21,21.74,9.658,5.112,3.283,7.944,5.048,2.37,1.246,0.727,47.247,23.542,10.33,4.381,2.848,29.338,22.012,8.656,4.213,3.159,0.604,0.241,0.163,0.065,0.084,352.852,124.905,56.861,18.994,6.993,12.47,9.086,3.661,1.711,1.309,42.098,33.019,13.645,7.673,4.87,45.199,28.377,11.309,6.176,4.461,44.141,33.581,12.766,7.386,4.786
1761327830,2025-10-24,neutral,16.631,14.568,5.323,3.701,2.009,22.29,13.853,4.446,2.864,1.612,13.191,12.472,4.553,3.151,1.597,30.332,21.888,7.993,5.323,2.797,24.228,18.192,7.598,4.04,2.431,5.989,4.171,1.877,1.009,0.528,36.674,20.297,8.407,3.465,2.069,21.519,18.233,6.977,3.241,2.303,0.549,0.203,0.139,0.058,0.071,745.803,279.432,120.51,33.955,10.412,9.391,7.519,2.888,1.36,0.965,31.248,27.195,10.401,6.012,3.54,31.7,22.755,8.51,4.775,3.247,31.565,26.794,9.498,5.74,3.509
1761327833,2025-10-24,neutral,108.192,16.662,11.397,23.695,5.121,98.291,18.003,10.552,19.9,4.595,83.863,17.734,8.479,16.674,3.624,159.015,33.962,15.282,33.435,7.104,122.826,27.198,11.936,27.477,5.496,28.981,5.998,2.637,6.338,1.317,88.786,20.521,10.144,21.387,4.777,98.579,24.549,14.144,24.038,5.077,1.322,0.525,0.175,0.155,0.053,285.769,143.917,107.168,45.815,10.247,37.854,8.418,4.782,10.521,2.511,163.711,37.72,19.905,39.207,8.413,147.82,31.091,18.319,36.218,7.615,169.448,33.467,19.248,37.52,8.214
1761327833,2025-10-24,neutral,75.15,14.848,8.488,16.258,3.517,73.844,14.369,7.572,13.424,3.298,60.172,14.166,6.122,11.166,2.464,115.268,26.865,10.724,22.948,4.979,90.239,21.366,8.556,18.887,3.773,21.024,4.695,1.844,4.338,0.942,63.726,16.197,7.625,14.514,3.228,71.305,19.244,10.625,16.209,3.398,0.941,0.418,0.114,0.106,0.046,151.792,73.618,47.458,27.674,5.941,27.855,6.703,3.523,7.202,1.685,119.295,29.706,14.235,26.254,5.669,112.417,25.847,13.609,24.183,5.164,125.124,27.387,13.795,25.111,5.53
1761327833,2025-10-24,neutral,56.454,15.619,6.534,9.863,2.161,64.514,11.477,5.361,7.961,2.19,47.317,11.839,4.521,6.575,1.557,90.95,21.769,7.397,13.833,3.264,71.951,17.035,6.13,11.488,2.395,16.407,3.801,1.296,2.615,0.63,50.718,12.945,5.809,8.645,1.996,58.112,15.022,7.945,9.641,2.072,0.765,0.325,0.084,0.069,0.043,110.978,42.535,20.853,16.015,3.146,22.695,5.654,2.668,4.323,1.022,97.067,24.196,10.276,15.41,3.481,96.574,23.696,10.545,14.108,3.211,100.835,24.802,10.001,14.631,3.368
1761327833,2025-10-24,neutral,54.056,18.404,5.419,5.503,1.249,72.098,9.938,4.005,4.286,1.412,47.626,10.984,3.628,3.528,1.014,91.059,19.43,5.402,7.531,2.159,76.548,15.327,4.713,6.377,1.498,17.169,3.541,0.992,1.424,0.415,52.289,11.313,4.749,4.629,1.231,61.202,12.615,6.312,5.25,1.255,0.754,0.263,0.081,0.047,0.041,111.711,30.857,13.399,9.416,1.747,23.194,5.333,2.167,2.323,0.604,101.024,21.765,8.104,8.206,2.128,102.7,24.747,9.141,7.37,1.99,100.9,25.551,7.799,7.599,1.989
1761327833,2025-10-24,neutral,61.564,21.789,5.13,3.252,0.841,90.243,9.751,3.566,2.397,1.009,56.295,11.259,3.455,1.995,0.841,106.844,19.501,4.947,4.212,1.677,88.619,16.349,4.847,3.668,1.086,19.559,3.887,1.029,0.8,0.306,62.343,11.226,4.548,2.506,0.943,73.903,12.061,5.808,2.98,0.957,0.905,0.243,0.096,0.039,0.04,129.052,26.661,11.981,6.311,1.316,27.313,5.498,1.973,1.238,0.441,120.741,21.768,7.712,4.576,1.624,119.79,27.638,9.437,3.88,1.504,115.911,28.083,7.211,4.007,1.407
1761327833,2025-10-24,neutral,67.945,24.097,5.637,2.5,0.839,105.056,10.348,4.024,1.751,0.909,64.207,11.985,3.965,1.516,0.929,121.686,20.876,6.09,3.1,1.638,103.749,20.156,7.108,2.783,1.031,22.961,4.796,1.514,0.616,0.282,71.097,12.14,5.228,1.752,1.002,84.423,12.846,6.29,2.17,1.037,0.996,0.264,0.124,0.038,0.039,143.925,24.629,11.522,5.045,1.405,30.777,5.762,2.041,0.816,0.469,137.867,22.882,8.878,3.418,1.721,133.162,30.308,11.313,2.64,1.539,129.193,30.285,8.16,2.844,1.403
1761327834,2025-10-24,neutral,67.279,24.131,6.668,2.495,1.077,106.689,10.933,5.128,1.726,0.992,64.333,12.324,4.918,1.578,1.13,122.272,21.967,8.385,3.164,1.814,116.378,26.694,11.519,2.938,1.17,25.61,6.213,2.445,0.694,0.309,70.387,13.133,6.536,1.741,1.232,83.993,13.993,7.298,2.122,1.306,1.007,0.31,0.157,0.04,0.038,145.392,22.728,10.904,4.62,1.705,30.647,5.722,2.246,0.751,0.597,137.516,23.47,10.923,3.513,2.092,130.626,30.76,13.992,2.572,1.827,127.74,30.358,10.11,2.955,1.692
1761327834,2025-10-24,neutral,56.529,21.743,7.8,2.643,1.415,91.532,11.1,6.46,1.848,1.167,54.193,11.856,5.937,1.783,1.335,103.631,21.892,11.008,3.542,2.057,127.302,35.414,17.315,3.439,1.402,27.902,8.011,3.663,0.867,0.365,58.595,13.633,8,1.976,1.501,70.137,14.812,8.307,2.322,1.62,0.838,0.356,0.186,0.043,0.037,128.339,21.335,9.992,4.579,2.025,25.741,5.262,2.459,0.8,0.752,115.558,22.701,12.986,3.934,2.503,110.759,28.458,16.376,2.874,2.187,107.676,27.996,12.252,3.451,2.082
1761327834,2025-10-24,neutral,42.965,17.99,8.584,2.705,1.748,68.045,10.947,7.558,1.931,1.363,40.239,10.806,6.643,1.96,1.483,77.541,20.914,13.021,3.838,2.291,141.018,45.221,23.057,3.91,1.674,30.634,9.987,4.871,1.031,0.436,42.777,13.639,9.086,2.237,1.729,51.788,15.228,8.881,2.567,1.883,0.63,0.383,0.208,0.046,0.037,99.914,20.847,8.883,4.779,2.266,19.329,4.602,2.583,0.864,0.884,85.171,20.993,14.304,4.31,2.823,83.273,24.563,17.602,3.227,2.518,79.57,24.263,13.768,3.952,2.466
1761327834,2025-10-24,neutral,30.274,14.384,8.713,2.681,1.995,43.761,10.764,8.065,1.968,1.526,26.559,9.706,6.788,2.08,1.548,51.553,19.786,13.74,3.971,2.473,160.106,54.173,27.066,4.214,1.944,34.588,11.78,5.714,1.136,0.506,27.909,13.347,9.404,2.462,1.868,34.205,15.358,8.827,2.813,2.036,0.411,0.38,0.218,0.048,0.038,70.434,21.163,7.788,5.152,2.38,13.121,4.078,2.577,0.935,0.96,55.801,19.336,14.436,4.58,2.988,57.724,20.8,17.292,3.561,2.761,52.879,20.827,14.12,4.364,2.786
1761327834,2025-10-24,neutral,22.35,12.047,8.046,2.615,2.121,25.524,10.75,7.799,1.979,1.632,17.484,9.007,6.317,2.131,1.544,33.535,19.07,12.933,3.941,2.593,180.997,59.704,28.012,4.251,2.18,38.862,12.884,5.904,1.147,0.563,18.188,12.93,8.823,2.615,1.918,22.629,15.313,8.15,3.011,2.075,0.26,0.346,0.216,0.049,0.04,46.346,21.657,6.792,5.53,2.391,9.204,3.92,2.434,1.012,0.978,35.965,18.487,13.282,4.726,3.013,40.488,18.431,15.552,3.824,2.908,35.191,18.805,13.146,4.641,3.033
1761327834,2025-10-24,neutral,20.106,11.197,6.744,2.652,2.153,16.671,10.83,6.871,2.078,1.7,14.326,8.795,5.399,2.205,1.524,26.387,18.729,10.954,3.952,2.688,201.015,59.815,25.658,4.122,2.373,43.262,12.888,5.39,1.088,0.603,15.208,12.396,7.562,2.773,1.928,18.452,15.001,7.023,3.218,2.057,0.197,0.29,0.202,0.049,0.042,32.477,21.658,5.976,5.822,2.394,7.973,4.117,2.206,1.143,0.963,28.869,18.509,11.182,4.906,2.993,33.647,17.667,12.975,4.137,3.008,29.357,18.205,11.183,4.934,3.253
1761327834,2025-10-24,neutral,22.43,11.264,5.364,2.987,2.154,16.102,10.849,5.788,2.437,1.764,16.33,8.875,4.467,2.459,1.547,28.86,18.438,8.811,4.352,2.817,213.195,54.032,21.126,4.127,2.527,45.95,11.677,4.411,1.039,0.626,17.464,11.661,6.187,3.118,1.969,20.585,14.375,5.925,3.6,2.066,0.212,0.227,0.177,0.047,0.046,27.72,20.976,5.654,6.081,2.483,8.995,4.472,2.059,1.403,0.956,32.743,18.998,9.052,5.414,3.048,34.823,17.95,10.571,4.773,3.127,33.427,18.337,9.178,5.556,3.501
1761327834,2025-10-24,neutral,26.686,11.387,4.564,3.697,2.172,20.01,10.672,5.177,3.134,1.84,20.922,8.927,3.979,2.985,1.638,36.508,17.872,7.599,5.358,3.004,212.676,43.9,16.275,4.52,2.641,46.208,9.542,3.368,1.072,0.636,20.853,10.736,5.293,3.768,2.081,25.95,13.488,5.372,4.277,2.153,0.266,0.172,0.147,0.046,0.053,29.793,19.732,6.331,6.379,2.686,11.121,4.729,2.172,1.83,0.981,42.311,19.359,7.932,6.43,3.24,39.745,18.439,9.285,5.923,3.293,42.287,18.343,8.212,6.709,3.783
1761327835,2025-10-24,push,31.081,11.136,4.708,4.672,2.216,24.868,10.298,5.391,4.084,1.911,25.962,8.763,4.146,3.73,1.773,45.414,17.026,7.858,6.874,3.212,200.938,32.347,12.713,5.333,2.698,43.877,7.079,2.603,1.207,0.635,23.74,9.833,5.185,4.675,2.242,31.92,12.558,5.595,5.214,2.306,0.324,0.138,0.117,0.047,0.063,34.725,18.268,8.11,6.728,2.941,13.519,4.768,2.619,2.375,1.033,52.809,19.249,8.373,7.852,3.523,45.301,18.714,9.463,7.51,3.469,51.704,17.919,8.831,8.304,4.036
1761327835,2025-10-24,push,34.282,10.605,5.759,5.643,2.247,28.566,9.858,6.38,5.033,1.935,29.796,8.423,4.867,4.482,1.885,52.599,16.187,9.403,8.48,3.356,174.406,22.519,11.102,6.322,2.669,38.282,4.952,2.26,1.398,0.618,25.831,9.216,5.788,5.604,2.381,36.643,11.935,6.522,6.184,2.45,0.366,0.129,0.095,0.05,0.074,40.27,17.012,10.711,7.024,3.131,15.72,4.618,3.318,2.898,1.078,60.803,18.765,10.248,9.28,3.768,49.891,18.859,10.821,9.145,3.567,58.912,17.292,10.838,9.93,4.151
1761327835,2025-10-24,push,35.085,9.872,7.258,6.253,2.212,29.755,9.275,7.667,5.637,1.874,31.247,7.849,5.781,4.942,1.9,55.607,15.286,11.425,9.567,3.339,141.551,16.207,11.057,7.034,2.528,31.106,3.556,2.259,1.542,0.583,27.78,8.826,6.71,6.21,2.407,38.553,11.561,7.768,6.825,2.489,0.382,0.141,0.084,0.055,0.085,43.232,15.996,13.218,7.064,3.152,17.121,4.292,4.056,3.218,1.075,63.639,17.814,12.795,10.14,3.826,51.385,18.55,12.647,10.242,3.5,61.489,16.388,13.336,10.979,4.031
1761327835,2025-10-24,push,32.582,8.978,8.556,6.221,2.074,27.881,8.472,8.646,5.624,1.717,29.366,7.004,6.457,4.875,1.776,52.572,14.116,12.94,9.637,3.109,103.873,13.182,11.525,7.049,2.271,22.714,2.86,2.381,1.544,0.526,30.205,8.453,7.454,6.204,2.265,36.495,11.174,8.815,6.816,2.361,0.374,0.162,0.085,0.06,0.092,42.767,15.02,14.701,6.654,2.97,17.158,3.813,4.585,3.197,1.003,59.702,16.299,15.007,9.976,3.618,48.002,17.421,14.084,10.3,3.233,57.676,15.003,15.217,10.941,3.655
1761327835,2025-10-24,neutral,26.891,7.958,9.186,5.499,1.84,22.68,7.431,8.899,4.949,1.491,24.455,5.946,6.659,4.242,1.529,43.599,12.542,13.381,8.575,2.69,69.173,11.84,11.609,6.234,1.924,14.964,2.539,2.435,1.367,0.452,32.516,7.896,7.721,5.519,1.968,30.655,10.496,9.32,6.066,2.072,0.342,0.185,0.097,0.063,0.095,37.265,13.805,14.545,5.752,2.637,15.634,3.239,4.754,2.816,0.871,49.544,14.283,16.168,8.712,3.168,40.111,15.439,14.653,9.189,2.804,47.821,13.132,15.802,9.69,3.084
1761327835,2025-10-24,neutral,19.501,6.892,9.034,4.282,1.543,16.152,6.277,8.377,3.804,1.24,17.771,4.873,6.38,3.214,1.217,31.292,10.717,12.743,6.682,2.167,41.881,10.608,11.031,4.81,1.541,8.87,2.269,2.364,1.059,0.373,33.879,7.138,7.502,4.33,1.58,22.584,9.499,9.194,4.75,1.684,0.315,0.199,0.115,0.062,0.092,30.56,12.342,12.927,4.52,2.254,12.854,2.67,4.546,2.177,0.711,36.119,12.108,16.052,6.672,2.579,28.904,12.97,14.257,7.187,2.295,34.593,11.084,15.027,7.533,2.435
1761327835,2025-10-24,neutral,12.168,5.781,8.187,2.914,1.232,9.516,5.08,7.24,2.528,1.001,11.239,3.901,5.706,2.093,0.909,18.975,8.749,11.25,4.517,1.643,21.468,8.966,9.845,3.201,1.178,4.356,1.931,2.174,0.71,0.299,32.527,6.194,6.845,2.973,1.181,14.572,8.224,8.482,3.241,1.28,0.287,0.197,0.13,0.059,0.085,24.586,10.687,10.329,3.264,1.907,9.588,2.153,4.039,1.467,0.561,23.259,9.955,14.739,4.437,1.975,18.346,10.306,12.998,4.867,1.791,21.817,9.033,13.174,5.08,1.822
1761327835,2025-10-24,neutral,7.164,4.636,6.864,1.744,0.946,4.972,3.926,5.78,1.451,0.798,6.595,3.079,4.772,1.171,0.656,10.159,6.786,9.248,2.647,1.196,12.915,7.15,8.193,1.834,0.876,2.553,1.551,1.88,0.413,0.24,28.463,5.121,5.867,1.798,0.84,8.684,6.79,7.35,1.932,0.927,0.287,0.176,0.137,0.053,0.076,23.738,9.242,7.484,2.279,1.638,6.64,1.713,3.371,0.866,0.444,14.283,7.916,12.57,2.574,1.451,10.553,7.722,11.117,2.832,1.354,12.828,7.084,10.734,2.966,1.322
1761327836,2025-10-24,neutral,4.469,3.486,5.329,0.962,0.713,2.452,2.903,4.294,0.751,0.642,4.17,2.415,3.728,0.603,0.482,5.273,5.012,7.089,1.396,0.865,8.776,5.636,6.42,0.966,0.658,1.682,1.203,1.533,0.226,0.199,22.084,4.064,4.698,1.006,0.591,5.409,5.389,6.005,1.056,0.666,0.279,0.14,0.132,0.046,0.066,29.26,8.399,5.147,1.688,1.45,4.607,1.345,2.674,0.476,0.37,9.663,6.061,10.004,1.383,1.059,6.586,5.459,8.92,1.449,1.017,8.291,5.319,8.215,1.57,0.969
1761327836,2025-10-24,neutral,4.161,2.572,3.88,0.562,0.546,2.046,2.169,3.042,0.417,0.545,3.866,1.983,2.737,0.372,0.387,4.321,3.729,5.127,0.771,0.653,13.529,4.927,5.032,0.62,0.532,2.796,0.992,1.236,0.154,0.179,14.736,3.263,3.524,0.605,0.435,4.489,4.307,4.685,0.624,0.507,0.274,0.101,0.117,0.041,0.057,40.173,8.304,3.755,1.429,1.339,3.533,1.097,2.061,0.295,0.333,8.985,4.663,7.532,0.829,0.81,6.256,3.853,6.764,0.746,0.789,7.778,4.063,6.037,0.908,0.765
1761327836,2025-10-24,neutral,5.281,2.258,2.72,0.419,0.464,2.795,1.873,2.157,0.333,0.529,4.75,1.922,1.901,0.354,0.365,5.551,3.234,3.576,0.583,0.558,26.538,5.579,4.501,0.675,0.504,5.648,1.058,1.105,0.17,0.18,9.022,2.959,2.51,0.483,0.371,4.998,3.858,3.555,0.504,0.456,0.255,0.073,0.097,0.039,0.051,53.169,8.687,3.351,1.369,1.325,3.426,1.04,1.589,0.257,0.325,10.539,4.155,5.479,0.683,0.712,8.264,3.314,4.948,0.538,0.682,9.497,3.806,4.411,0.755,0.713
1761327836,2025-10-24,neutral,7.142,3.126,2.054,0.419,0.529,4.285,2.324,1.754,0.386,0.655,6.159,2.64,1.375,0.437,0.451,8.028,4.162,2.69,0.642,0.646,52.044,8.166,5.297,0.984,0.643,11.398,1.554,1.264,0.24,0.219,6.273,3.632,1.89,0.532,0.445,6.191,4.638,2.862,0.568,0.56,0.222,0.072,0.076,0.039,0.049,64.001,9.27,3.847,1.426,1.479,3.709,1.37,1.339,0.287,0.359,13.202,5.518,4.183,0.76,0.855,11.489,4.611,3.856,0.619,0.778,12.097,5.43,3.541,0.881,0.874
1761327836,2025-10-24,neutral,12.054,6.317,3.204,0.605,0.845,8.354,4.306,2.889,0.608,1.011,10.19,5.094,2.292,0.641,0.727,14.928,7.982,4.43,0.991,1.063,87.213,13.871,8.973,1.48,1.081,19.268,2.771,2.098,0.349,0.329,9.715,6.43,3.087,0.802,0.766,10.895,7.92,4.257,0.862,0.922,0.211,0.113,0.068,0.042,0.055,72.691,10.45,6.757,1.745,1.908,5.495,2.505,1.936,0.389,0.472,21.126,10.909,6.133,1.165,1.423,19.35,9.41,5.764,1.035,1.24,19.679,10.923,5.612,1.319,1.384
1761327836,2025-10-24,neutral,22.246,15.056,9.46,1.402,1.511,16.311,10.606,8.458,1.358,1.664,16.965,12.003,7.476,1.293,1.279,27.345,19.252,13.709,2.205,1.968,121.302,28.733,19.584,2.534,1.925,26.981,6.05,4.567,0.585,0.537,17.739,14.404,9.584,1.698,1.44,19.084,17.016,11.631,1.837,1.64,0.21,0.212,0.101,0.049,0.068,80.406,16.571,16.038,2.96,2.681,8.459,5.688,4.914,0.731,0.71,34.697,26.077,17.446,2.662,2.606,33.191,22.589,16.195,2.463,2.234,36.925,26.133,16.394,2.758,2.384
1761327836,2025-10-24,neutral,41.719,33.952,24.251,3.478,2.518,30.367,25.252,21.509,3.206,2.579,28.548,27.164,19.833,2.922,2.109,48.337,44.434,35.611,5.223,3.381,154.35,62.505,40.599,4.837,3.139,34.62,13.545,9.49,1.112,0.832,30.66,31.735,25.119,3.857,2.468,32.521,36.421,29.004,4.208,2.704,0.252,0.385,0.203,0.068,0.088,89.506,35.956,35.64,6.046,3.759,13.703,12.727,11.827,1.602,1.089,58.091,58.954,44.494,6.486,4.404,57.652,51.184,40.801,6.007,3.768,72.127,59.544,41.987,6.323,3.87
1761327836,2025-10-24,neutral,74.869,65.151,47.978,7.291,3.742,53.272,50.216,42.459,6.549,3.632,46.324,52.239,39.676,5.895,3.12,81.461,86.583,70.691,10.72,5.155,188.126,120.773,71.615,8.932,4.55,42.071,26.468,16.778,2.062,1.168,49.117,60.124,50.19,7.715,3.731,52.258,67.92,56.797,8.444,3.983,0.34,0.628,0.378,0.1,0.111,105.94,74.801,65.426,11.681,5.023,22.253,24.47,22.779,3.199,1.58,94.422,113,87.983,13.504,6.605,97.733,98.468,80.116,12.426,5.669,133.602,115.215,83.276,12.8,5.696
1761327838,2025-10-24,neutral,60.152,70.565,26.617,21.116,5.709,54.751,54.545,20.904,18.337,5.158,54.461,57.241,20.949,17.59,4.897,98.654,100.346,40.612,30.42,8.553,1037.212,308.676,88.032,25.313,9.585,223.027,69.656,19.109,5.804,2.279,59.626,65.986,27.004,21.806,6.335,68.82,76.675,28.229,23.258,6.823,0.47,0.654,0.347,0.284,0.15,89.118,67.774,35.838,24.736,8.272,25.227,28.602,10.709,9.197,2.405,112.55,120.57,46.211,36.513,10.349,101.071,108.052,41.421,33.626,8.649,106.907,118.286,45.635,35.207,9.466
1761327838,2025-10-24,push,76.512,48.171,25.728,13.525,5.071,68.504,39.607,19.186,11.889,4.5,72.034,40.96,20.035,11.243,4.312,129.098,71.43,38.33,19.46,7.616,915.471,258.151,74.566,16.546,8.249,197.726,58.301,16.15,3.802,1.991,77.125,45.843,25.993,13.908,5.543,91.222,53.529,26.042,14.979,6.076,0.622,0.504,0.381,0.245,0.14,98.434,47.17,31.888,16.271,7.346,33.423,19.685,10.298,5.812,2.141,148.879,84.855,43.368,23.021,9.125,135.532,75.106,38.713,21.39,7.592,140.68,83.484,43.406,22.504,8.278
1761327839,2025-10-24,push,108.759,35.16,27.523,10.027,4.954,93.493,31.666,19.707,9.072,4.3,100.006,31.647,21.227,8.289,4.188,180.567,54.836,39.824,14.414,7.389,728.704,194.122,61.458,12.506,7.291,158.768,43.931,13.385,2.888,1.802,108.678,34.066,27.51,10.181,5.36,128.555,40.015,26.893,11.159,5.936,0.902,0.407,0.441,0.225,0.133,124.06,37.511,32.436,12.324,7.053,46.884,14.536,11.063,4.221,2.134,209.575,64.461,45.676,16.767,8.83,192.811,56.061,40.238,15.376,7.32,199.047,63.763,45.895,16.338,8.038
1761327839,2025-10-24,push,150.179,29.76,30.166,9.793,5.437,123.996,28.958,21.263,9.225,4.655,133.633,27.791,23.185,8.085,4.594,242.384,47.852,42.784,14.186,8.026,540.813,130.723,51.278,12.442,7.034,119.914,29.719,11.339,2.895,1.781,147.88,29.075,29.654,9.849,5.874,174.068,34.17,28.895,11.001,6.503,1.26,0.357,0.496,0.22,0.13,159.412,36.499,35.005,12.167,7.477,63.295,12.47,12.277,4.101,2.415,282.807,55.999,49.841,16.396,9.613,262.024,48.179,43.511,14.539,8.01,269.924,56.011,50.259,15.572,8.883
1761327839,2025-10-24,push,185.268,27.885,32.21,11.12,6.45,147.496,28.255,22.845,10.823,5.543,159.358,26.191,24.849,9.24,5.464,291.047,44.914,45.241,16.347,9.447,395.129,80.371,45.352,14.378,7.59,89.598,18.444,10.262,3.377,1.947,180.126,27.215,30.981,11.203,6.978,210.776,31.664,30.417,12.711,7.699,1.571,0.336,0.52,0.225,0.133,191.663,39.266,37.158,14.171,8.535,76.11,11.882,13.293,4.744,2.953,341.083,52.523,53.08,18.985,11.36,316.778,45.469,46.439,16.445,9.576,326.899,53.538,54.112,17.573,10.671
1761327839,2025-10-24,push,201.809,26.55,33.543,12.688,7.86,156.343,27.347,24.339,12.618,6.882,169.703,24.63,26.151,10.655,6.664,310.441,42.167,47.023,18.909,11.44,296.962,48.731,43.425,16.685,8.889,68.81,11.372,10.062,3.959,2.27,194.39,25.796,31.463,12.872,8.485,226.952,29.404,31.27,14.794,9.367,1.722,0.329,0.505,0.236,0.141,205.38,41.897,38.372,16.979,10.071,81.599,11.587,13.979,5.571,3.691,365.567,49.158,55.027,22.188,13.82,339.932,43.64,48.738,19.079,11.787,350.963,51.513,57.096,20.178,13.126
1761327839,2025-10-24,push,194.512,24.789,35.71,13.937,9.506,147.361,25.605,26.837,14.026,8.517,160.644,22.509,28.215,11.842,8.024,293.73,38.513,50.137,20.942,13.741,239.028,34.093,45.388,18.546,10.685,56.098,8.091,10.708,4.435,2.687,185.703,23.852,32.679,14.253,10.18,216.754,26.601,33.041,16.509,11.293,1.692,0.321,0.47,0.251,0.153,196.879,42.613,40.442,19.849,11.881,77.722,11.12,14.891,6.298,4.546,347.402,44.573,58.32,24.927,16.659,323.551,41.214,52.482,21.439,14.326,333.982,48.153,61.399,22.41,15.918
1761327839,2025-10-24,push,166.705,23.429,40.334,14.751,11.167,124.754,23.846,31.458,14.897,10.187,136.203,20.67,32.203,12.665,9.333,248.273,35.269,56.7,22.156,16.007,195.238,29.128,51.172,19.59,12.584,45.781,6.94,12.193,4.7,3.106,157.934,22.065,36.385,15.196,11.808,184.546,24.502,37.672,17.59,13.182,1.452,0.308,0.439,0.267,0.167,168.925,42.274,45.467,22.249,13.678,66.19,10.786,16.716,6.804,5.388,294.313,40.596,65.919,26.833,19.429,274.867,39.332,59.934,23.124,16.787,283.347,44.825,69.424,24.003,18.628
1761327839,2025-10-24,push,132.292,23.134,47.438,15.027,12.537,99.032,22.804,38.043,15.146,11.545,107.457,19.812,38.055,12.995,10.333,194.699,33.534,66.702,22.348,17.795,155.485,27.947,59.693,19.544,14.108,36.49,6.606,14.264,4.675,3.425,124.38,21.227,42.929,15.569,13.058,145.248,24.464,45.654,17.846,14.647,1.176,0.287,0.43,0.279,0.18,135.304,42.098,53.743,23.626,15.097,52.559,10.863,19.569,6.985,6.046,230.011,39.079,78.192,27.581,21.571,215.849,39.1,71.084,23.779,18.69,222.536,43.03,81.149,24.719,20.731
1761327839,2025-10-24,push,103.148,23.657,54.986,14.659,13.276,79.29,22.416,44.85,14.699,12.243,83.992,19.828,44.168,12.71,10.774,152.129,33.034,77.392,21.411,18.647,122.69,27.686,68.597,18.443,14.831,28.671,6.467,16.362,4.364,3.552,97.173,21.402,50.64,15.221,13.614,112.691,26.63,55.229,17.159,15.294,0.913,0.261,0.437,0.279,0.191,106.841,42.172,63.054,23.574,15.755,41.225,11.258,22.748,6.769,6.347,176.464,40.158,91.945,26.914,22.526,166.37,40.226,82.922,23.152,19.566,172.609,42.77,93.329,24.325,21.696
1761327840,2025-10-24,push,87.285,24.671,59.897,13.613,13.128,70.286,22.418,49.369,13.561,12.049,71.774,20.484,48.178,11.776,10.494,131.01,33.242,84.583,19.444,18.248,106.631,27.782,74.117,16.461,14.489,25.016,6.431,17.609,3.824,3.435,83.618,22.388,56.562,14.081,13.255,95.664,30.33,63.044,15.563,14.858,0.79,0.236,0.44,0.266,0.199,89.507,42.038,69.625,22.005,15.383,35.444,11.821,25.052,6.163,6.181,146.979,43.285,101.925,24.804,21.93,138.69,42.137,90.82,21.237,19.118,145.972,43.694,101.059,22.727,21.165
1761327840,2025-10-24,push,82.953,26.234,53.997,10.036,10.305,70.666,21.869,45.272,9.83,9.274,68.929,22.006,44.103,8.52,8.06,130.458,33.244,77.539,13.796,14.07,103.917,26.942,65.591,11.26,10.983,24.442,6.259,15.432,2.494,2.575,83.794,24.52,53.825,9.962,10.083,93.775,36.393,61.918,10.687,11.113,0.786,0.22,0.368,0.212,0.203,80.046,38.298,63.667,15.784,11.864,34.119,12.41,23.448,4.26,4.66,138.992,49.841,95.499,17.665,16.696,129.191,44.504,82.515,14.935,14.747,139.66,45.619,90.677,16.77,16.164
1761327840,2025-10-24,push,80.57,25.637,44.535,8.094,8.35,68.425,20.439,37.708,7.817,7.414,66.705,21.727,37.106,6.754,6.512,127.647,31.629,64.908,11.066,11.343,100.636,24.925,53.359,8.868,8.701,23.756,5.866,12.464,1.926,2.033,82.346,24.09,45.366,7.667,8.035,91.834,35.666,52.541,8.214,8.722,0.788,0.228,0.297,0.183,0.2,78.114,33.93,52.074,12.373,9.633,32.802,11.821,19.725,3.327,3.71,135.291,49.648,80.228,13.914,13.376,124.604,42.785,68.041,11.691,11.923,135.123,44.226,74.815,13.434,12.962
1761327840,2025-10-24,push,71.399,23.956,34.162,6.507,6.692,60.06,18.239,29.277,6.16,5.845,58.735,20.482,29.405,5.301,5.244,113.001,28.791,50.88,8.946,9.106,87.659,21.92,40.292,7.063,6.814,20.751,5.253,9.316,1.522,1.58,72.817,22.274,35.228,5.767,6.342,81.14,32.063,40.619,6.221,6.76,0.692,0.24,0.223,0.157,0.193,74.23,29.105,39.016,9.577,7.864,28.382,10.576,15.319,2.62,2.951,120.193,46.34,62.448,10.899,10.667,109.975,38.929,51.873,9.104,9.586,118.655,40.806,57.524,10.659,10.359
1761327840,2025-10-24,push,58.446,21.763,25.284,5.568,5.688,48.732,15.912,22.036,5.145,4.877,47.764,18.693,22.782,4.41,4.5,91.201,25.722,38.862,7.706,7.824,70.132,18.925,29.537,6.075,5.715,16.79,4.616,6.74,1.325,1.304,58.323,19.789,26.054,4.631,5.344,65.21,27.002,29.363,5.004,5.616,0.556,0.248,0.162,0.137,0.183,71.08,25.986,28.082,7.875,6.934,22.561,9.035,11.295,2.251,2.524,98.65,41.249,46.549,9.11,9.101,89.929,34.22,37.85,7.575,8.196,95.431,36.474,42.842,8.968,8.886
1761327840,2025-10-24,push,47.021,19.362,18.936,5.336,5.374,38.454,13.834,16.889,4.819,4.534,38.152,16.57,17.941,4.137,4.285,70.816,22.938,30.328,7.313,7.51,54.146,16.412,22.363,5.882,5.443,12.951,4.042,5.038,1.321,1.21,44.816,17.25,19.344,4.365,5.059,50.589,21.861,20.807,4.636,5.301,0.41,0.245,0.119,0.121,0.171,76.089,26.302,21.311,7.432,6.839,17.429,7.488,8.247,2.223,2.417,79.487,35.49,34.777,8.633,8.684,72.837,29.498,27.76,7.152,7.768,75.003,31.949,32.496,8.468,8.541
1761327840,2025-10-24,push,39.041,16.843,14.77,5.663,5.478,31.4,12.089,13.546,5.014,4.582,31.826,14.237,14.556,4.37,4.38,55.785,20.482,24.752,7.538,7.754,43.322,14.398,18.131,6.271,5.691,10.28,3.523,4.059,1.452,1.231,35.249,14.991,15.135,4.814,5.199,40.552,17.521,15.278,4.981,5.483,0.294,0.229,0.09,0.111,0.159,91.682,31.178,18.65,8.03,7.217,14.172,6.173,6.203,2.456,2.484,66.464,29.781,26.947,9.205,8.946,61.399,25.195,21.209,7.605,7.909,61.183,27.571,25.838,8.91,8.841
1761327841,2025-10-24,push,35.092,14.426,11.806,6.224,5.626,27.993,10.75,11.131,5.419,4.706,29.181,11.963,11.857,4.841,4.501,47.793,18.43,20.628,7.993,8.009,38.548,12.921,15.306,6.887,6.022,8.928,3.076,3.435,1.635,1.277,30.808,13.224,12.52,5.593,5.385,36.316,14.381,11.896,5.713,5.725,0.222,0.205,0.07,0.108,0.148,116.672,39.864,18.987,9.137,7.612,12.901,5.268,4.834,2.802,2.552,60.815,24.789,21.492,10.259,9.273,56.209,21.725,16.722,8.484,8.105,55.347,23.703,21.067,9.742,9.159
1761327841,2025-10-24,push,33.877,12.364,9.241,6.686,5.55,27.292,9.868,8.887,5.758,4.689,29.049,10.014,9.26,5.269,4.454,45.443,16.879,16.671,8.332,7.886,38.448,12.008,12.619,7.401,6.097,8.661,2.728,2.855,1.786,1.282,30.36,11.92,10.44,6.3,5.36,36.401,12.232,9.466,6.459,5.724,0.201,0.18,0.054,0.11,0.139,146.058,49.688,20.62,10.154,7.744,12.982,4.785,3.764,3.101,2.51,60.533,20.81,16.865,11.216,9.242,54.976,19.222,12.997,9.314,8.009,55.235,20.551,16.707,10.416,9.068
1761327841,2025-10-24,push,33.694,11.113,7.034,6.848,5.198,27.852,9.669,6.775,5.886,4.487,29.792,8.797,6.829,5.479,4.207,46.036,16.28,12.824,8.376,7.321,40.447,11.863,9.937,7.62,5.816,9.053,2.544,2.275,1.858,1.229,31.717,11.13,8.541,6.674,5.088,38.091,10.891,7.516,6.94,5.427,0.223,0.159,0.043,0.116,0.13,171.869,59.054,22.508,10.716,7.633,13.509,4.709,2.881,3.241,2.349,62.378,18.321,12.78,11.686,8.782,54.604,18.032,9.872,9.771,7.571,57.181,18.611,12.651,10.612,8.505
1761327841,2025-10-24,push,34.28,11.787,5.476,6.649,4.709,29.014,11.004,5.098,5.77,4.188,30.936,9.263,4.948,5.405,3.866,48.41,18.201,9.692,8.082,6.533,43.283,13.534,7.738,7.49,5.308,9.681,2.784,1.793,1.838,1.144,33.762,11.638,6.979,6.629,4.707,40.178,11.122,6.105,7.013,4.982,0.279,0.151,0.035,0.124,0.122,191.621,69.453,24.018,10.751,7.522,14.045,5.32,2.256,3.18,2.138,65.464,19.091,9.724,11.505,8.115,54.564,19.664,7.74,9.712,6.988,59.777,19.595,9.539,10.257,7.715
1761327841,2025-10-24,push,36.489,15.494,4.78,6.162,4.261,31.49,14.78,4.106,5.478,3.904,32.972,12.383,3.926,5.094,3.562,53.181,24.297,7.82,7.512,5.808,47.206,18.301,6.477,7.084,4.783,10.786,3.757,1.508,1.744,1.064,36.832,14.564,5.999,6.236,4.378,42.991,14.294,5.408,6.69,4.582,0.378,0.164,0.03,0.128,0.115,205.268,83.995,24.686,10.34,7.634,14.934,7.021,1.955,2.947,1.956,70.535,25.166,8.148,10.752,7.517,56.211,25.957,6.915,9.206,6.494,63.729,25.522,7.929,9.504,6.991
1761327841,2025-10-24,push,39.697,22.452,4.839,5.618,3.968,34.336,21.248,3.784,5.177,3.696,35.042,18.296,3.727,4.726,3.376,58.71,34.985,7.2,6.892,5.334,51.118,26.642,6.192,6.605,4.406,11.767,5.583,1.438,1.63,1.017,39.929,20.445,5.645,5.736,4.189,45.556,21.087,5.393,6.171,4.343,0.485,0.203,0.027,0.13,0.109,210.43,103.638,24.22,9.692,7.99,15.779,9.909,1.937,2.65,1.846,75.768,37,7.931,9.793,7.15,58.964,37.416,7.239,8.564,6.214,67.696,37.009,7.763,8.74,6.516
1761327841,2025-10-24,push,43.053,31.515,5.265,5.246,3.846,37.036,29.48,3.862,5.013,3.563,36.464,25.985,4.015,4.492,3.318,63.516,48.617,7.316,6.464,5.154,53.964,37.44,6.495,6.258,4.241,12.525,8.017,1.503,1.547,1.008,42.38,28.538,5.7,5.385,4.133,47.196,30.642,5.765,5.701,4.274,0.595,0.261,0.025,0.127,0.105,209.098,125.33,22.566,9,8.406,16.512,13.552,2.069,2.404,1.808,79.411,52.641,8.458,9.035,7.017,61.92,52.309,8.121,8.121,6.135,70.493,52.349,8.417,8.317,6.307
1761327841,2025-10-24,push,45.132,40.421,5.673,5.151,3.822,38.432,37.534,4.027,5.029,3.452,36.377,33.559,4.425,4.484,3.334,65.714,61.857,7.592,6.365,5.178,54.766,48.171,6.891,6.145,4.23,12.56,10.479,1.587,1.519,1.022,43.171,36.945,5.899,5.322,4.131,47.151,40.724,6.156,5.441,4.291,0.65,0.323,0.023,0.121,0.101,199.072,142.678,19.888,8.408,8.612,16.623,17.084,2.213,2.272,1.807,79.73,68.236,9.085,8.704,6.986,63.616,67.04,8.928,8.019,6.136,70.755,67.864,9.198,8.355,6.238
1761327842,2025-10-24,push,44.633,46.494,5.93,5.25,3.787,37.767,43.054,4.169,5.134,3.3,34.223,38.769,4.754,4.631,3.338,63.919,70.766,7.757,6.52,5.245,52.413,55.709,7.131,6.211,4.244,11.886,12.249,1.628,1.529,1.032,41.613,43.152,6.056,5.483,4.084,44.753,48.332,6.353,5.377,4.274,0.657,0.366,0.022,0.112,0.097,181.21,148.969,16.602,7.897,8.402,15.895,19.444,2.293,2.233,1.795,75.433,79.096,9.493,8.718,6.882,62.352,77.22,9.385,8.138,6.072,67.389,78.932,9.759,8.665,6.138
1761327842,2025-10-24,push,41.351,47.727,6.145,5.367,3.653,34.872,44.205,4.336,5.185,3.069,30.287,39.935,4.975,4.771,3.256,58.358,72.391,7.846,6.745,5.214,47.368,57.594,7.263,6.32,4.158,10.485,12.755,1.624,1.538,1.015,37.753,45.056,6.106,5.687,3.924,40.195,50.945,6.346,5.385,4.141,0.597,0.373,0.024,0.1,0.09,155.533,140.178,13.508,7.375,7.754,14.266,19.831,2.319,2.219,1.741,67.162,81.657,9.733,8.815,6.576,57.71,79.428,9.601,8.227,5.847,60.79,81.886,10.154,8.934,5.888
1761327842,2025-10-24,neutral,35.367,43.584,6.446,5.316,3.387,29.88,40.45,4.574,5.056,2.763,24.936,36.622,5.101,4.731,3.052,49.504,66.012,7.971,6.81,5.002,39.741,53.057,7.388,6.319,3.907,8.598,11.811,1.596,1.506,0.963,32.03,41.864,6.021,5.734,3.633,33.811,47.584,6.219,5.306,3.864,0.506,0.34,0.031,0.088,0.081,126.004,117.417,11.555,6.807,6.816,11.924,18.035,2.337,2.163,1.634,55.659,74.939,9.958,8.691,6.032,49.526,72.685,9.823,8.043,5.439,51.283,75.575,10.553,8.858,5.453
1761327842,2025-10-24,neutral,28.057,35.24,6.966,5.077,3.023,23.736,32.76,4.96,4.769,2.424,19.241,29.759,5.238,4.484,2.746,39.181,53.367,8.335,6.661,4.625,31.401,43.261,7.671,6.206,3.523,6.591,9.669,1.593,1.436,0.882,25.476,34.419,5.929,5.589,3.254,26.802,39.204,6.155,5.121,3.482,0.395,0.277,0.046,0.077,0.071,96.858,86.777,11.366,6.274,5.827,9.299,14.516,2.427,2.057,1.488,43.198,60.825,10.467,8.299,5.331,39.313,58.827,10.402,7.591,4.908,40.608,61.756,11.271,8.432,4.895
1761327842,2025-10-24,neutral,20.666,25.249,7.804,4.786,2.644,17.537,23.433,5.654,4.475,2.122,14.197,21.421,5.541,4.154,2.406,29.176,38.256,9.169,6.427,4.165,24.748,31.189,8.304,6.13,3.103,5.047,6.992,1.683,1.372,0.795,19.302,25.087,6.096,5.392,2.87,20.463,28.529,6.425,4.972,3.082,0.295,0.206,0.073,0.072,0.062,73.453,56.825,12.936,5.965,4.985,6.985,10.323,2.665,1.96,1.334,31.984,43.687,11.626,7.873,4.627,28.989,42.103,11.706,7.101,4.371,30.529,44.719,12.659,7.934,4.331
1761327842,2025-10-24,neutral,15.411,16.464,9.178,4.653,2.346,13.067,15.115,6.966,4.373,1.926,11.285,13.97,6.292,3.944,2.114,22.325,24.981,10.871,6.357,3.731,21.775,20.31,9.584,6.302,2.759,4.348,4.563,1.954,1.374,0.722,15.175,16.747,6.942,5.363,2.569,16.668,18.829,7.445,5.083,2.757,0.223,0.151,0.116,0.075,0.058,58.002,33.978,15.854,6.036,4.399,5.76,6.699,3.181,1.956,1.213,25.227,28.49,13.994,7.772,4.091,21.688,27.322,14.24,6.893,3.954,24.042,29.433,15.236,7.768,3.89
1761327842,2025-10-24,neutral,13.379,10.859,11.203,4.862,2.226,11.263,9.699,9.13,4.605,1.909,11.065,9.094,7.709,4.04,1.967,20.124,16.566,13.712,6.706,3.461,23.525,13.218,11.762,6.864,2.612,4.758,2.978,2.465,1.477,0.688,13.926,11.58,8.757,5.679,2.442,16.19,12.564,9.497,5.637,2.601,0.191,0.124,0.169,0.083,0.06,49.823,20.786,19.382,6.477,4.104,5.989,4.568,4.075,2.109,1.168,24.322,18.769,17.86,8.301,3.895,19.131,17.854,18.231,7.217,3.79,22.733,19.495,19.234,8.25,3.715
1761327842,2025-10-24,neutral,14.753,9.066,14.041,5.531,2.352,12.3,7.856,12.33,5.233,2.123,13.279,7.386,10.01,4.569,2.03,22.613,14.003,18.021,7.682,3.48,28.835,10.884,15.109,7.859,2.738,5.972,2.466,3.248,1.688,0.706,15.441,10.398,11.725,6.431,2.545,18.747,10.628,12.719,6.721,2.672,0.191,0.123,0.225,0.091,0.067,45.975,16.003,23.203,7.206,4.082,7.537,4.251,5.455,2.45,1.234,28.97,15.645,23.366,9.647,4.15,21.483,14.776,23.764,8.192,3.971,26.735,16.194,24.752,9.522,3.916
1761327843,2025-10-24,neutral,19.698,10.6,17.696,6.699,2.716,16.151,9.217,16.485,6.248,2.562,17.214,8.524,13.221,5.57,2.305,29.104,16.696,23.87,9.398,3.842,36.051,13.01,19.711,9.26,3.133,7.667,2.963,4.285,1.991,0.777,19.004,12.822,15.774,7.636,2.868,23.297,12.577,16.933,8.3,2.963,0.219,0.136,0.27,0.095,0.076,44.531,16.778,27.385,8.229,4.281,10.01,5.489,7.313,2.978,1.409,37.794,18.335,30.261,11.861,4.841,28.762,17.318,30.507,9.818,4.494,37.021,18.892,31.496,11.548,4.501
1761327843,2025-10-24,push,28.33,14.2,21.807,8.248,3.228,22.374,12.635,21.06,7.528,3.138,21.773,11.571,16.984,6.922,2.71,37.813,22.893,30.692,11.728,4.474,42.38,18.175,25.13,10.911,3.688,9.17,4.134,5.449,2.343,0.881,23.096,17.553,20.412,9.168,3.311,28.044,16.989,21.535,10.153,3.382,0.26,0.151,0.297,0.095,0.085,45.393,20.496,31.803,9.51,4.594,12.806,7.591,9.426,3.637,1.644,48.279,24.79,37.651,14.713,5.791,40.437,23.382,37.543,11.902,5.233,54.775,25.34,38.613,14.052,5.342
1761327843,2025-10-24,push,40.279,18.305,25.594,9.941,3.751,30.048,16.639,25.108,8.899,3.71,25.902,15.309,20.548,8.392,3.125,46.644,30.296,37.208,14.324,5.208,45.824,24.453,30.334,12.589,4.244,10.07,5.531,6.513,2.694,0.989,26.288,22.866,24.71,10.8,3.741,31.306,22.093,25.553,11.969,3.803,0.308,0.159,0.3,0.093,0.091,47.11,25.062,35.782,10.877,4.898,15.385,9.721,11.36,4.326,1.865,57.774,32.44,44.043,17.766,6.74,55.49,30.372,43.427,14.136,6,80.118,32.622,44.706,16.629,6.221
1761327843,2025-10-24,push,53.699,21.738,28.235,11.499,4.159,37.695,20.041,27.666,10.194,4.147,28.708,18.664,23.109,9.719,3.438,53.546,36.862,41.99,16.708,5.844,45.966,30.223,34.202,14.081,4.654,10.235,6.784,7.256,3.004,1.072,27.682,27.236,27.764,12.288,4.049,32.222,26.391,28.138,13.451,4.116,0.351,0.16,0.286,0.092,0.092,49.122,28.876,38.288,12.096,5.093,17.239,11.235,12.674,4.932,2.011,64.182,39.108,48.073,20.506,7.445,71.361,36.266,46.889,16.203,6.615,109.412,38.439,48.487,18.887,6.918
1761327843,2025-10-24,push,64.831,23.378,29.097,12.677,4.373,43.45,21.688,28.062,11.273,4.371,29.501,20.519,24.037,10.69,3.586,56.714,40.503,43.909,18.44,6.221,45.433,33.788,35.848,15.232,4.834,10.235,7.515,7.528,3.256,1.112,27.024,29.218,28.981,13.422,4.191,30.701,28.451,28.815,14.407,4.266,0.38,0.157,0.264,0.097,0.088,50.005,30.432,38.418,12.969,5.127,17.966,11.622,13.072,5.365,2.055,66.043,42.613,48.867,22.489,7.758,84.112,39.148,47.218,17.839,6.966,135.339,40.703,49.11,20.533,7.291
1761327843,2025-10-24,push,70.777,22.547,27.998,13.287,4.414,46.069,20.889,26.328,11.985,4.413,28.198,20.087,23.196,11.157,3.601,55.572,39.746,42.685,19.211,6.322,46.72,34.053,35.054,15.898,4.825,10.515,7.495,7.328,3.426,1.117,24.601,27.892,28.364,14.016,4.22,27.356,27.331,27.781,14.727,4.296,0.389,0.147,0.243,0.107,0.081,48.974,28.851,36.076,13.365,5.072,17.407,10.685,12.561,5.559,2.026,63.225,41.461,46.515,23.384,7.731,90.583,37.762,44.646,18.802,7.085,150.75,38.23,46.561,21.37,7.379
1761327843,2025-10-24,push,69.895,19.643,25.477,13.187,4.426,45.698,18.01,23.397,12.158,4.432,25.605,17.549,21.177,11.014,3.617,51.442,34.892,39.269,18.828,6.33,52.354,31.121,32.496,15.909,4.827,11.701,6.775,6.831,3.478,1.131,21.615,23.6,26.632,13.902,4.291,23.735,23.403,25.98,14.334,4.362,0.378,0.132,0.227,0.118,0.075,47.05,24.825,32.463,13.187,5.155,15.923,8.771,11.506,5.471,2.012,57.574,36.128,42.344,22.968,7.649,89.73,32.568,40.492,18.862,7.189,151.563,31.868,41.974,21.217,7.439
1761327843,2025-10-24,push,63.136,15.922,22.45,12.384,4.583,43.522,14.278,20.529,11.707,4.606,22.965,13.918,18.905,10.263,3.778,46.582,27.812,35.229,17.349,6.495,63.102,26.249,29.324,15.185,5.071,13.899,5.657,6.285,3.381,1.202,19.436,17.736,24.742,13.037,4.56,21.487,18.132,24.471,13.266,4.628,0.356,0.111,0.219,0.125,0.073,46.384,20.061,29.33,12.456,5.61,14.115,6.58,10.401,5.117,2.097,51.846,28.71,38.089,21.292,7.85,83.112,25.469,36.362,17.966,7.519,138.781,24.043,36.962,20.056,7.77
1761327844,2025-10-24,push,53.383,12.941,19.774,11.079,4.97,41.326,11.238,18.661,10.722,5.015,21.699,10.593,17.141,9.064,4.139,43.634,21.143,31.93,15.147,6.956,77.678,21.176,26.501,13.848,5.656,16.912,4.534,5.857,3.14,1.353,19.294,12.141,23.335,11.575,5.062,21.968,13.403,23.8,11.717,5.152,0.34,0.091,0.215,0.122,0.076,48.663,16.457,27.925,11.404,6.499,12.775,4.851,9.594,4.581,2.309,49.035,21.948,34.966,18.753,8.498,74.192,18.98,33.318,16.336,8.161,118.008,17.733,32.841,18.129,8.497
1761327844,2025-10-24,push,44.353,11.682,17.809,9.584,5.52,40.433,9.899,17.912,9.426,5.578,22.578,8.63,16.086,7.67,4.621,44.09,16.915,29.802,12.737,7.648,92.35,17.291,24.34,12.171,6.479,19.917,3.711,5.558,2.794,1.556,21.657,8.296,22.43,9.831,5.68,25.405,10.637,23.702,9.992,5.832,0.343,0.077,0.208,0.11,0.085,54.777,15.217,28.12,10.313,7.643,12.387,4.003,9.101,3.982,2.597,50.602,17.869,33.071,15.955,9.471,66.573,14.975,31.376,14.378,8.974,96.802,14.868,29.994,15.851,9.478
1761327844,2025-10-24,push,38.199,12.243,16.415,8.218,6.062,40.605,10.385,17.675,8.091,6.103,25.134,8.382,15.411,6.361,5.062,47.158,15.891,28.362,10.611,8.35,100.715,15.241,22.536,10.497,7.298,21.565,3.318,5.269,2.412,1.75,26.057,7.002,21.537,8.18,6.218,30.551,10.353,23.35,8.423,6.479,0.363,0.079,0.197,0.092,0.095,62.596,16.505,28.645,9.413,8.707,12.833,4.076,8.676,3.439,2.866,55.408,17.173,31.595,13.504,10.456,61.813,14.208,29.773,12.548,9.688,80.358,15.822,27.982,13.687,10.395
1761327844,2025-10-24,push,35.631,13.843,15.041,7.133,6.398,40.893,11.988,16.957,6.881,6.374,28.374,9.44,14.469,5.3,5.298,51.095,17.42,26.505,8.969,8.799,100.042,14.769,20.378,9.045,7.851,21.393,3.286,4.813,2.054,1.873,31.876,8.183,19.912,6.855,6.493,35.778,12.011,21.801,7.187,6.902,0.395,0.098,0.179,0.072,0.103,69.426,19.447,27.806,8.721,9.348,13.702,4.765,7.968,3.002,3.027,61.259,19.088,29.284,11.68,11.097,59.934,16.038,27.367,11.074,10.033,70.893,19.316,25.771,11.878,10.911
1761327844,2025-10-24,push,35.714,15.551,13.245,6.312,6.392,40.238,13.775,15.149,5.848,6.253,31.101,11.099,12.822,4.519,5.234,53.95,20.198,23.459,7.756,8.81,90.324,15.321,17.467,7.863,7.962,19.268,3.476,4.109,1.752,1.882,38.698,11.068,17.125,5.894,6.409,39.533,14.528,18.695,6.287,6.974,0.423,0.132,0.151,0.055,0.105,72.854,22.835,24.613,8.103,9.357,14.456,5.711,6.79,2.661,3.027,65.693,22.198,25.482,10.433,11.163,59.706,19.159,23.54,9.946,9.856,67.364,23.602,22.634,10.423,10.819
1761327844,2025-10-24,push,35.897,16.923,11.103,5.697,6.025,37.501,15.227,12.476,5.019,5.736,31.908,12.908,10.639,3.991,4.875,53.532,23.336,19.558,6.869,8.349,74.229,16.562,14.141,6.925,7.595,15.92,3.8,3.261,1.524,1.775,44.412,14.81,13.541,5.228,5.982,40.264,17.142,14.651,5.653,6.671,0.428,0.17,0.116,0.041,0.1,71.157,25.988,19.516,7.484,8.733,14.398,6.759,5.328,2.385,2.87,65.951,25.555,20.788,9.594,10.615,58.325,22.661,18.801,9.072,9.176,65.231,27.674,18.824,9.265,10.116
1761327844,2025-10-24,push,33.951,17.721,9.263,5.293,5.386,32.305,16.046,9.877,4.442,4.947,30.02,14.456,8.63,3.711,4.312,48.834,26.012,16.074,6.314,7.524,56.089,18.082,11.387,6.252,6.853,12.097,4.142,2.524,1.383,1.584,48.321,18.24,10.19,4.829,5.322,37.383,19.149,10.963,5.258,6.068,0.393,0.199,0.079,0.031,0.088,63.93,28.396,14.211,6.966,7.669,13.161,7.702,4.041,2.182,2.599,60.675,28.235,16.781,9.079,9.595,53.606,25.615,14.587,8.445,8.154,60.154,30.767,15.536,8.449,8.98
1761327844,2025-10-24,push,29.8,17.851,8.306,5.091,4.616,25.832,16.152,8.222,4.124,4.069,26.056,15.432,7.423,3.634,3.67,41.236,27.625,14.052,6.095,6.511,39.089,19.331,9.886,5.839,5.907,8.546,4.372,2.087,1.322,1.354,49.048,20.367,7.956,4.653,4.561,31.983,20.061,8.659,5.06,5.29,0.325,0.207,0.05,0.023,0.073,53.353,29.644,10.374,6.688,6.435,11.03,8.304,3.3,2.067,2.269,51.434,29.529,14.683,8.792,8.326,46.063,27.238,12.114,8.053,6.994,51.851,32.328,13.835,7.997,7.661
1761327845,2025-10-24,push,24.247,17.321,8.267,4.991,3.84,19.4,15.549,7.737,3.976,3.252,20.994,15.599,7.15,3.65,3.047,32.525,27.7,13.62,6.099,5.46,27.134,19.682,9.59,5.575,4.918,6.031,4.363,1.962,1.301,1.123,48.837,20.423,7.087,4.594,3.8,25.542,19.629,7.984,4.954,4.452,0.24,0.19,0.031,0.018,0.056,42.118,29.459,8.727,6.647,5.253,8.525,8.394,3.17,2.016,1.921,40.577,29.024,14.579,8.543,7.001,37.121,27.074,11.575,7.775,5.845,41.752,32.098,13.826,7.778,6.363
1761327845,2025-10-24,neutral,18.509,16.138,8.623,4.848,3.129,13.967,14.277,7.903,3.859,2.573,15.995,14.87,7.369,3.632,2.492,24.447,26.076,13.909,6.14,4.465,19.595,18.73,9.766,5.308,3.987,4.421,4.062,1.983,1.273,0.91,48.423,18.455,7.094,4.524,3.091,19.536,17.966,8.24,4.814,3.634,0.161,0.156,0.025,0.014,0.042,31.975,27.715,8.648,6.677,4.228,6.185,7.923,3.371,1.981,1.579,30.495,26.774,15.354,8.134,5.736,28.247,25.071,12.038,7.423,4.782,31.728,30.011,14.557,7.563,5.192
1761327845,2025-10-24,neutral,13.38,14.241,8.637,4.545,2.504,9.729,12.341,7.881,3.657,2.038,11.681,13.228,7.399,3.493,2.012,17.742,22.809,13.685,6.05,3.558,14.965,16.407,9.52,4.931,3.16,3.398,3.484,1.939,1.205,0.721,48.383,15.082,7.13,4.356,2.453,14.567,15.371,8.354,4.56,2.879,0.097,0.116,0.027,0.012,0.031,23.247,24.439,8.82,6.547,3.369,4.274,6.943,3.492,1.908,1.256,22.266,23.02,15.466,7.463,4.577,20.252,21.461,12.17,6.858,3.82,22.876,26.159,14.694,7.163,4.171
1761327845,2025-10-24,neutral,9.527,11.696,7.818,4.028,1.965,6.776,9.887,7.085,3.305,1.624,8.51,10.861,6.76,3.181,1.604,12.906,18.35,12.164,5.702,2.765,11.64,13.044,8.316,4.404,2.459,2.668,2.729,1.7,1.089,0.559,49.532,11.329,6.564,4.034,1.907,10.962,12.35,7.609,4.151,2.222,0.057,0.085,0.033,0.013,0.027,16.02,20.051,8.187,6.072,2.664,2.967,5.623,3.258,1.758,0.971,16.354,18.347,13.943,6.505,3.558,13.857,16.834,11.106,6.006,2.982,16.003,21.03,13.384,6.469,3.303
1761327845,2025-10-24,neutral,7.045,9.092,6.389,3.416,1.563,4.886,7.498,5.707,2.878,1.346,6.417,8.385,5.626,2.765,1.303,9.796,13.905,9.761,5.182,2.178,8.299,9.736,6.563,3.851,1.957,1.908,2.046,1.352,0.959,0.442,49.347,8.303,5.513,3.628,1.529,8.533,9.723,6.239,3.681,1.743,0.038,0.073,0.041,0.018,0.031,10.274,15.681,6.824,5.303,2.18,2.166,4.305,2.761,1.553,0.766,12.41,14.06,11.27,5.464,2.797,9.348,12.49,9.236,5.035,2.375,11.218,15.934,11.052,5.621,2.669
1761327845,2025-10-24,neutral,6.247,7.513,5.015,2.917,1.383,4.567,6.15,4.405,2.549,1.256,5.831,6.796,4.592,2.389,1.175,9.081,11.291,7.622,4.709,1.927,8.127,7.865,5.154,3.47,1.755,1.995,1.733,1.079,0.862,0.401,48.342,6.998,4.574,3.286,1.415,7.899,8.581,5.062,3.308,1.54,0.036,0.081,0.05,0.027,0.041,7.007,13.023,5.487,4.461,2.034,2.057,3.467,2.301,1.362,0.684,11.195,12.081,8.827,4.648,2.459,7.656,10.248,7.674,4.248,2.146,9.284,12.857,8.895,4.909,2.405
1761327845,2025-10-24,neutral,7.727,7.959,4.433,2.783,1.474,6.017,6.689,3.869,2.519,1.376,7.106,6.969,4.315,2.239,1.252,11.523,12.012,6.931,4.597,2.068,9.826,8.555,5.026,3.516,1.89,2.416,2.01,1.089,0.856,0.451,47.23,7.89,4.469,3.215,1.607,9.668,9.772,5.011,3.236,1.659,0.046,0.104,0.059,0.041,0.055,7.254,13.454,5.118,3.88,2.274,2.787,3.542,2.197,1.285,0.74,13.591,13.999,8.101,4.423,2.63,9.797,11.578,7.58,4.031,2.358,11.124,13.504,8.207,4.719,2.576
1761327845,2025-10-24,neutral,11.929,10.757,5.387,3.411,1.828,9.911,9.34,4.751,3.117,1.688,10.857,9.207,5.422,2.631,1.52,18.159,16.418,8.748,5.391,2.556,15.426,12.06,6.945,4.389,2.319,3.902,2.903,1.555,1.029,0.587,47.034,10.721,5.938,3.784,2.065,14.647,13.458,6.911,3.837,2.074,0.07,0.133,0.068,0.057,0.066,12.702,17.488,6.653,4.087,2.848,4.723,4.691,2.726,1.49,0.918,20.917,20.163,10.384,5.394,3.277,16.856,16.804,9.983,4.962,2.96,17.811,18.336,10.22,5.691,3.154
1761327846,2025-10-24,neutral,18.434,15.486,8.05,5.064,2.371,15.848,13.625,7.195,4.562,2.136,16.817,13.152,8.041,3.806,1.92,28.635,23.651,13.225,7.488,3.265,24.119,17.72,10.96,6.341,2.936,5.978,4.241,2.497,1.441,0.786,50.356,14.818,9.157,5.276,2.685,22.575,19.071,10.875,5.396,2.695,0.113,0.162,0.076,0.072,0.072,23.72,24.775,10.482,5.479,3.617,7.738,6.753,3.923,2.11,1.175,32.89,29.575,15.827,7.999,4.256,28.495,25.032,14.959,7.425,3.81,28.744,26.517,15.159,8.272,4.024
1761327846,2025-10-24,neutral,26.337,21.441,11.884,7.614,2.985,23.248,18.737,10.695,6.745,2.634,24.447,18.056,11.635,5.699,2.361,41.934,32.256,19.377,10.736,4.027,35.742,24.428,16.224,9.17,3.597,8.877,5.776,3.724,2.054,1.003,56.378,19.571,13.51,7.589,3.325,32.75,25.671,16.098,7.823,3.387,0.181,0.193,0.086,0.083,0.07,39.604,34.4,16.081,7.996,4.4,11.594,9.376,5.522,3.119,1.461,48.377,40.594,23.216,12.052,5.35,43.437,34.86,21.47,11.208,4.71,42.621,36.84,22.03,12.284,4.995
1761327846,2025-10-24,push,34.737,27.524,15.794,10.508,3.54,30.877,23.524,14.258,9.205,3.09,32.397,22.768,15.176,7.904,2.76,55.844,40.215,25.406,14.407,4.696,47.895,30.632,21.278,12.223,4.159,11.717,7.168,4.903,2.727,1.191,64.575,24.08,17.758,10.202,3.848,43.346,31.845,21.127,10.603,4.008,0.266,0.228,0.103,0.088,0.063,57.284,44.532,22.035,11.07,5.039,15.576,11.983,7.057,4.311,1.722,64.692,50.909,30.394,16.685,6.338,59.302,44.295,27.69,15.473,5.467,57.952,47.475,28.872,16.857,5.864
1761327846,2025-10-24,push,42.21,32.537,18.563,12.976,3.941,37.216,26.829,16.799,11.287,3.431,38.875,26.078,17.565,9.835,3.057,67.151,45.509,29.461,17.49,5.198,58.23,34.731,24.61,14.639,4.531,14.219,8.069,5.684,3.274,1.313,71.904,27.375,20.586,12.369,4.168,51.873,36.021,24.421,12.989,4.452,0.365,0.268,0.13,0.086,0.056,72.47,52.748,26.523,13.855,5.446,18.876,13.886,8.045,5.364,1.918,78.082,58.047,35.134,20.664,7.061,72.687,51.234,31.717,19.055,5.957,72.409,56.37,33.544,20.749,6.48
1761327846,2025-10-24,neutral,47.357,35.583,19.42,14.325,4.144,40.762,27.993,17.647,12.403,3.619,42.162,27.273,18.16,10.945,3.223,72.931,47.02,30.486,19.105,5.519,63.376,35.828,25.371,15.708,4.69,15.293,8.286,5.873,3.536,1.353,73.132,28.708,21.211,13.428,4.26,56.273,37.314,25.095,14.3,4.67,0.451,0.311,0.168,0.079,0.054,80.448,56.96,28.219,15.585,5.607,20.668,14.616,8.216,5.963,2.026,85.192,60.566,36.161,22.878,7.436,80.448,54.38,32.473,20.931,6.146,83.171,61.958,34.735,22.843,6.778
1761327846,2025-10-24,neutral,49.468,36.126,18.206,14.224,4.15,41.094,26.892,16.652,12.273,3.649,41.966,26.22,16.903,10.944,3.255,72.537,44.641,28.409,18.843,5.67,63.389,33.844,23.542,15.158,4.671,15.257,7.803,5.46,3.445,1.319,70.24,27.841,19.57,13.08,4.155,56.349,35.603,23.124,14.2,4.662,0.521,0.346,0.212,0.071,0.059,79.351,56.245,26.76,15.892,5.556,20.942,14.042,7.583,5.934,2.035,85.617,58.225,33.421,22.785,7.454,81.591,53.358,29.909,20.635,6.063,88.687,63.25,32.234,22.592,6.762
1761327846,2025-10-24,neutral,48.137,33.997,15.404,12.81,3.983,38.218,23.833,14.232,11.032,3.532,38.348,23.246,14.299,9.908,3.153,66.23,39.099,24.096,16.904,5.642,57.669,29.372,19.879,13.244,4.513,13.658,6.75,4.622,3.049,1.228,59.801,24.978,16.32,11.501,3.899,52.296,31.354,19.301,12.812,4.453,0.543,0.367,0.254,0.065,0.067,69.501,50.826,22.8,14.908,5.331,19.606,12.321,6.394,5.309,1.948,79.535,51.734,28.001,20.604,7.14,76.316,48.522,24.944,18.416,5.761,87.736,59.849,26.95,20.23,6.473
1761327846,2025-10-24,neutral,43.959,29.605,11.882,10.634,3.681,33.4,19.651,11.095,9.17,3.291,32.589,19.193,11.151,8.251,2.931,56.279,31.949,18.873,14.025,5.414,48.907,23.713,15.455,10.656,4.248,11.492,5.434,3.612,2.489,1.105,48.328,20.903,12.433,9.279,3.543,45.457,25.758,14.829,10.695,4.091,0.529,0.381,0.279,0.065,0.076,53.924,42.346,17.653,13.229,4.969,17.194,9.941,5.024,4.324,1.782,69.238,42.898,21.551,17.24,6.558,66.391,41.125,18.937,15.137,5.306,80.794,52.389,20.474,16.686,5.969
1761327847,2025-10-24,neutral,39.914,23.926,8.689,8.504,3.298,29.802,15.602,8.128,7.383,2.97,27.542,15.197,8.378,6.611,2.62,47.889,25.165,14.222,11.272,4.995,40.709,18.536,11.468,8.31,3.903,9.285,4.252,2.711,1.965,0.973,37.279,16.893,9.039,7.231,3.138,39.005,20.487,11.074,8.677,3.64,0.484,0.407,0.279,0.073,0.081,37.935,33.388,12.948,11.781,4.506,14.776,7.708,3.908,3.357,1.574,60.016,34.294,15.995,14.026,5.812,56.493,33.36,13.488,12.013,4.78,72.298,42.966,14.734,13.331,5.331
1761327847,2025-10-24,neutral,40.293,18.605,6.613,7.126,2.904,31.393,13.256,6.049,6.268,2.636,27.524,12.607,6.634,5.559,2.28,48.572,21.059,11.165,9.564,4.462,40.297,15.725,8.781,6.953,3.517,8.962,3.634,2.114,1.644,0.853,33.927,14.543,6.969,6.04,2.743,38.43,17.405,8.943,7.485,3.18,0.477,0.464,0.253,0.091,0.08,28.451,26.865,9.929,11.359,3.989,14.362,6.534,3.355,2.762,1.373,60.598,28.942,12.726,12.115,5.042,53.586,28.089,9.819,10.069,4.28,69.271,34.983,11.168,11.354,4.66
1761327847,2025-10-24,neutral,47.926,15.149,5.873,6.766,2.572,40.412,13.691,5.135,6.032,2.357,34.641,12.29,6.058,5.326,1.983,61.95,21.113,9.937,9.247,3.944,50.443,16.45,7.639,6.825,3.15,10.998,3.844,1.867,1.585,0.757,40.436,14.882,6.442,5.925,2.416,46.188,17.581,8.582,7.383,2.789,0.535,0.554,0.209,0.113,0.074,29.123,24.53,8.892,12.181,3.481,16.912,6.951,3.414,2.69,1.227,75.116,28.657,12.069,11.922,4.397,61.498,27.349,8.32,9.654,3.891,77.211,31.301,10.129,11.181,4.07
1761327847,2025-10-24,neutral,61.318,14.203,6.12,7.167,2.349,54.935,16.829,5.183,6.43,2.173,47.425,14.174,6.301,5.722,1.783,85.294,25.125,10.014,9.962,3.567,69.162,20.451,7.673,7.579,2.864,15.021,4.799,1.876,1.718,0.692,55.1,17.809,7.069,6.575,2.196,60.958,20.728,9.389,8.07,2.518,0.654,0.653,0.16,0.132,0.065,39.029,26.272,9.252,13.725,3.043,21.92,8.803,3.884,3.036,1.156,100.843,33.087,13.27,12.966,3.977,78.477,31.233,8.522,10.338,3.651,94.787,32.729,10.894,12.302,3.643
1761327847,2025-10-24,push,76.208,15.262,6.718,7.773,2.243,70.642,21.306,5.696,6.975,2.085,61.708,17.219,6.781,6.295,1.701,110.965,31.134,10.519,10.94,3.396,90.158,26.006,8.188,8.538,2.703,19.68,6.087,1.978,1.898,0.659,72.851,21.941,8.106,7.394,2.095,77.719,25.215,10.412,8.913,2.383,0.795,0.723,0.116,0.142,0.054,53.607,30.006,10.029,15.064,2.731,27.773,11.287,4.412,3.524,1.155,129.431,39.734,14.995,14.255,3.808,98.476,37.669,9.5,11.279,3.542,116.283,37.596,12.182,13.666,3.418
1761327847,2025-10-24,push,85.413,16.969,7.062,8.063,2.245,80.64,25.085,6.165,7.22,2.073,71.184,19.892,6.977,6.611,1.732,127.818,36.257,10.653,11.445,3.431,103.596,30.382,8.515,9.074,2.685,22.66,7.065,2.024,1.991,0.654,84.821,25.281,8.856,7.842,2.107,88.995,28.82,10.826,9.315,2.379,0.881,0.726,0.085,0.139,0.045,66.128,32.789,10.313,15.361,2.598,31.679,13.315,4.667,3.863,1.199,148.486,45.125,15.966,14.866,3.87,111.879,43.304,10.299,11.715,3.53,130.706,42.592,12.83,14.294,3.402
1761327847,2025-10-24,push,84.972,17.69,6.877,7.792,2.32,81.2,26.248,6.271,6.957,2.101,72.277,20.729,6.673,6.452,1.847,129.037,37.766,10.084,11.117,3.603,103.957,31.613,8.53,8.926,2.791,22.841,7.284,1.992,1.941,0.674,86.945,26.003,8.899,7.672,2.201,89.954,29.535,10.277,9.007,2.462,0.879,0.645,0.066,0.123,0.039,71.782,32.266,9.719,14.282,2.664,32.111,13.906,4.479,3.886,1.254,150.201,46.083,15.556,14.38,4.094,112.761,44.778,10.358,11.302,3.568,131.302,44.132,12.378,13.74,3.548
1761327847,2025-10-24,push,74.015,16.523,6.066,6.962,2.439,71.461,24.08,5.811,6.187,2.146,64.145,19.12,5.785,5.795,2.009,113.495,34.619,8.682,9.939,3.824,93.496,30.193,8.364,8.136,2.977,20.556,6.882,1.932,1.757,0.711,76.62,23.457,8.016,6.881,2.341,79.506,26.652,8.71,7.998,2.587,0.771,0.501,0.055,0.104,0.04,68.659,28.039,8.274,12.028,2.918,28.432,12.728,3.82,3.559,1.296,133.14,41.497,13.548,12.817,4.402,99.639,40.745,9.398,10.078,3.63,115.788,40.477,10.774,12.051,3.79
1761327848,2025-10-24,push,56.265,13.772,4.872,5.835,2.593,54.913,19.393,4.917,5.142,2.219,49.817,15.603,4.515,4.845,2.2,86.727,27.956,6.814,8.303,4.052,80.159,28.44,8.419,7.051,3.211,17.561,6.421,1.942,1.518,0.762,58.344,18.475,6.416,5.735,2.508,61.226,21.097,6.564,6.619,2.734,0.605,0.338,0.055,0.091,0.049,58.368,21.555,6.623,9.333,3.33,22.046,10.233,2.882,3.007,1.326,103.103,32.887,10.527,10.696,4.754,77.258,32.574,7.759,8.492,3.745,89.167,32.777,8.609,9.818,4.088
1761327848,2025-10-24,push,37.433,10.62,3.833,4.801,2.799,36.636,13.955,4.048,4.16,2.351,33.797,11.5,3.323,3.935,2.424,57.439,20.302,5.255,6.811,4.303,72.821,28.863,9.115,6.144,3.479,15.889,6.489,2.113,1.328,0.825,37.917,12.822,4.758,4.635,2.707,40.744,14.821,4.634,5.351,2.92,0.429,0.204,0.069,0.093,0.066,44.746,15.072,5.497,7.067,3.857,14.888,7.348,2.01,2.44,1.365,69.741,23.39,7.677,8.76,5.154,52.921,23.296,6.28,7.156,3.985,60.034,24.117,6.912,7.866,4.457
1761327848,2025-10-24,push,22.278,8.138,3.367,4.188,3.069,21.34,9.384,3.612,3.543,2.559,20.389,8.077,2.595,3.36,2.677,33.362,13.96,4.603,5.984,4.599,74.289,32.296,10.551,5.81,3.772,16.066,7.27,2.459,1.272,0.898,21.034,8.151,3.679,3.942,2.946,23.53,9.633,3.581,4.607,3.163,0.291,0.126,0.101,0.111,0.087,31.557,10.367,5.29,5.831,4.42,8.897,4.896,1.483,2.051,1.437,41.748,15.792,5.971,7.633,5.602,32.945,15.611,5.649,6.545,4.394,35.748,17.201,6.369,6.853,4.915
1761327848,2025-10-24,push,13.265,6.828,3.498,4.059,3.368,11.774,6.472,3.665,3.372,2.816,11.992,5.948,2.389,3.202,2.926,18.684,10.025,4.834,5.93,4.906,81.008,37.393,12.273,6.091,4.05,17.508,8.435,2.874,1.357,0.969,10.75,5.311,3.375,3.764,3.202,12.636,6.415,3.505,4.486,3.441,0.211,0.096,0.144,0.138,0.108,21.735,8.053,5.838,5.658,4.902,5.101,3.279,1.355,1.908,1.543,24.195,11.311,5.584,7.44,6.043,20.616,10.839,5.916,6.697,4.923,20.648,13.32,6.87,6.878,5.421
1761327848,2025-10-24,neutral,9.421,6.609,3.957,4.223,3.614,7.48,5.175,3.978,3.497,3.044,8.141,5.074,2.534,3.32,3.107,12.402,8.392,5.534,6.356,5.126,87.579,41.543,13.625,6.676,4.235,18.934,9.37,3.207,1.511,1.02,6.29,4.212,3.655,3.943,3.412,7.547,5.077,4.067,4.765,3.683,0.171,0.09,0.183,0.159,0.124,15.51,7.62,6.624,6.093,5.181,3.285,2.476,1.496,1.94,1.651,16.006,9.652,6.06,7.811,6.363,14.979,8.856,6.655,7.244,5.415,13.664,12.245,7.775,7.507,5.853
1761327848,2025-10-24,neutral,8.016,6.884,4.422,4.371,3.704,6.26,4.802,4.229,3.642,3.147,6.723,4.867,2.811,3.464,3.144,10.479,8.029,6.26,6.771,5.135,85.019,42.325,14.095,7.094,4.237,18.368,9.515,3.342,1.623,1.031,5.07,4.051,4.144,4.177,3.49,5.813,4.783,4.81,5.06,3.787,0.149,0.086,0.206,0.165,0.132,11.361,7.944,7.188,6.507,5.165,2.602,2.139,1.723,1.995,1.709,12.976,9.405,6.792,8.153,6.426,12.632,8.408,7.338,7.645,5.671,10.985,12.515,8.448,8.073,6.045
1761327848,2025-10-24,neutral,6.988,7.056,4.635,4.29,3.574,5.775,4.674,4.176,3.597,3.063,5.768,4.749,3.031,3.449,2.996,9.42,7.971,6.686,6.811,4.858,73.799,38.987,13.512,7.013,4.009,16.013,8.707,3.237,1.613,0.991,4.755,4.039,4.472,4.221,3.379,5.044,4.712,5.35,5.077,3.681,0.128,0.079,0.206,0.152,0.131,8.25,8.043,7.224,6.481,4.839,2.202,1.939,1.884,1.955,1.676,11.02,9.328,7.275,8.044,6.148,10.723,8.282,7.553,7.533,5.55,9.206,12.691,8.516,8.105,5.876
1761327848,2025-10-24,neutral,6.083,6.873,4.526,3.999,3.23,5.461,4.498,3.775,3.358,2.794,4.942,4.519,3.113,3.282,2.68,8.537,7.801,6.705,6.445,4.323,57.048,32.704,12.049,6.427,3.571,12.383,7.229,2.919,1.482,0.905,4.479,3.894,4.477,4.048,3.081,4.683,4.565,5.547,4.798,3.355,0.109,0.07,0.184,0.125,0.122,6.494,7.638,6.776,6.05,4.267,1.915,1.789,1.912,1.817,1.539,9.338,9.055,7.343,7.512,5.549,8.939,8.023,7.241,6.943,5.042,7.69,12.169,7.989,7.606,5.335
1761327849,2025-10-24,neutral,6.269,6.419,4.238,3.67,2.746,6.012,4.331,3.197,3.06,2.413,5.233,4.253,3.117,3.097,2.266,9.521,7.591,6.465,5.89,3.649,43.212,25.749,10.239,5.586,3.016,9.487,5.614,2.504,1.29,0.791,5.831,3.723,4.244,3.797,2.662,5.648,4.435,5.542,4.413,2.874,0.108,0.066,0.151,0.094,0.107,7.487,6.937,6.188,5.522,3.583,2.176,1.77,1.862,1.655,1.326,9.761,8.79,7.221,6.887,4.744,8.979,7.762,6.735,6.196,4.266,8.173,11.099,7.254,6.91,4.533
1761327849,2025-10-24,neutral,7.753,5.932,3.944,3.495,2.234,7.474,4.338,2.669,2.88,2.019,6.71,4.118,3.133,3.041,1.848,12.594,7.582,6.146,5.44,2.992,34.282,20.694,8.734,4.855,2.471,7.561,4.44,2.139,1.127,0.674,8.473,3.681,3.935,3.646,2.224,8.067,4.434,5.54,4.156,2.353,0.121,0.069,0.121,0.067,0.089,11.202,6.202,5.826,5.227,2.939,2.996,1.93,1.827,1.562,1.09,12.61,8.82,7.194,6.539,3.904,11.129,7.713,6.408,5.67,3.42,10.996,9.91,6.71,6.425,3.658
1761327849,2025-10-24,neutral,10.838,5.688,3.745,3.544,1.795,10.063,4.671,2.347,2.911,1.703,9.403,4.229,3.197,3.163,1.509,17.829,7.957,5.863,5.253,2.479,35.818,19.863,8.337,4.51,2.055,7.912,4.205,2.008,1.057,0.577,12.573,3.85,3.673,3.686,1.863,11.757,4.577,5.643,4.142,1.908,0.15,0.078,0.1,0.049,0.071,16.964,5.594,5.859,5.305,2.456,4.38,2.239,1.855,1.581,0.885,17.814,9.285,7.365,6.612,3.187,15.778,8.027,6.433,5.56,2.701,17.029,9.099,6.522,6.351,2.9
1761327849,2025-10-24,neutral,15.528,5.8,3.668,3.733,1.483,13.536,5.289,2.271,3.107,1.501,12.519,4.533,3.313,3.379,1.285,23.967,8.603,5.658,5.276,2.161,50.863,24.392,9.826,4.613,1.821,11.199,5.11,2.282,1.091,0.512,16.733,4.128,3.518,3.86,1.621,15.695,4.728,5.827,4.314,1.605,0.178,0.086,0.089,0.04,0.055,23.303,5.131,6.235,5.644,2.173,5.969,2.567,1.947,1.684,0.744,23.951,9.985,7.675,6.961,2.682,22.474,8.58,6.776,5.799,2.219,26.541,8.892,6.641,6.587,2.371
1761327849,2025-10-24,neutral,21.837,6.159,3.648,3.884,1.298,17.839,5.968,2.353,3.316,1.398,15.399,4.829,3.418,3.528,1.165,29.718,9.195,5.487,5.306,2.005,76.881,33.539,13.524,5.024,1.744,16.726,6.963,3.045,1.188,0.473,19.913,4.327,3.443,4.01,1.481,18.815,4.709,5.953,4.492,1.436,0.198,0.089,0.086,0.037,0.04,29.085,4.801,6.697,5.964,2.044,7.488,2.748,2.044,1.787,0.669,29.537,10.475,7.91,7.265,2.379,30.801,9.051,7.179,6.127,1.968,40.003,9.144,6.833,6.839,2.074
1761327849,2025-10-24,pull,28.666,6.544,3.607,3.817,1.196,21.911,6.452,2.46,3.366,1.347,17.192,4.912,3.433,3.457,1.103,33.45,9.381,5.292,5.106,1.93,109.148,44.918,18.786,5.461,1.745,23.703,9.247,4.158,1.279,0.451,21.094,4.259,3.366,3.957,1.385,20.231,4.394,5.859,4.466,1.341,0.202,0.083,0.084,0.037,0.03,34.077,4.576,6.939,5.977,1.974,8.541,2.671,2.073,1.801,0.637,33.106,10.347,7.84,7.19,2.205,39.107,9.124,7.332,6.235,1.86,55.166,9.533,6.855,6.782,1.933
1761327849,2025-10-24,pull,36.453,7.024,3.647,3.505,1.137,26.576,6.846,2.577,3.199,1.304,19.05,4.925,3.378,3.155,1.058,36.677,9.383,5.189,4.635,1.87,138.122,55.621,24.116,5.669,1.748,29.842,11.376,5.31,1.306,0.433,21.411,4.12,3.278,3.665,1.29,21.119,4.05,5.547,4.183,1.272,0.214,0.075,0.084,0.038,0.024,40.879,4.718,6.896,5.63,1.897,9.78,2.446,2.038,1.7,0.625,36.571,9.931,7.498,6.673,2.096,49.039,9.078,7.204,6.017,1.817,72.684,10.169,6.774,6.351,1.869
1761327849,2025-10-24,neutral,45.054,7.907,4.119,3.168,1.123,31.796,7.526,2.887,2.962,1.268,22.499,5.257,3.466,2.818,1.03,41.901,9.819,5.557,4.171,1.828,156.636,62.291,27.842,5.608,1.735,33.847,12.693,6.142,1.268,0.422,23.141,4.379,3.345,3.332,1.208,23.863,4.203,5.304,3.846,1.234,0.25,0.07,0.087,0.04,0.021,53.561,5.664,6.888,5.196,1.83,11.923,2.34,2.081,1.573,0.634,43.27,10.016,7.371,6.09,2.067,61.883,9.591,7.233,5.746,1.852,91.22,11.479,7.118,5.896,1.886
1761327850,2025-10-24,neutral,55.619,9.572,5.295,3.118,1.181,39.325,8.893,3.571,2.895,1.262,29.871,6.298,3.926,2.717,1.045,52.944,11.38,6.689,4.103,1.845,160.293,62.677,28.73,5.454,1.734,34.727,12.774,6.396,1.213,0.423,29.11,5.469,3.722,3.243,1.188,31.432,5.308,5.397,3.745,1.265,0.346,0.072,0.094,0.046,0.022,74.35,7.618,7.298,5.036,1.833,16.116,2.591,2.342,1.554,0.678,57.48,11.383,7.954,5.959,2.174,80.968,11.266,7.892,5.83,2.024,112.21,13.95,8.359,5.918,2.03
1761327850,2025-10-24,neutral,66.709,12.11,7.153,3.534,1.322,47.767,11.052,4.67,3.154,1.303,40.673,8.155,4.855,3.003,1.118,69.427,14.382,8.562,4.641,1.943,150.162,56.653,26.483,5.384,1.779,32.668,11.602,5.996,1.189,0.44,39.319,7.591,4.431,3.561,1.263,43.739,7.586,5.938,4.055,1.388,0.48,0.09,0.103,0.053,0.025,101.633,10.635,8.396,5.358,1.942,21.784,3.289,2.87,1.726,0.76,78.72,14.359,9.476,6.577,2.435,104.195,14.23,9.4,6.501,2.352,132.303,17.614,10.603,6.692,2.314
1761327850,2025-10-24,neutral,76.645,15.098,9.289,4.327,1.514,56.3,13.638,6.004,3.688,1.378,53.241,10.474,6.09,3.601,1.232,88.645,18.369,10.746,5.651,2.093,132.431,46.517,22.07,5.448,1.863,29.137,9.656,5.15,1.206,0.464,51.972,10.432,5.309,4.196,1.416,58.7,10.746,6.793,4.688,1.573,0.639,0.126,0.109,0.06,0.028,128.475,14.634,10.208,6.068,2.132,28.069,4.301,3.576,2.054,0.861,103.33,18.465,11.668,7.784,2.784,128.226,17.908,11.508,7.614,2.761,148.812,21.753,13.413,8.044,2.668
1761327850,2025-10-24,neutral,81.842,17.671,11.058,5.175,1.683,61.429,15.867,7.178,4.25,1.444,63.053,12.52,7.247,4.233,1.333,103.627,22.178,12.54,6.703,2.216,112.534,35.64,16.961,5.529,1.935,24.964,7.592,4.152,1.232,0.479,62.269,13.217,6.059,4.84,1.579,71.055,14.02,7.638,5.332,1.743,0.759,0.178,0.109,0.065,0.031,145.912,19.182,12.52,6.817,2.314,32.582,5.305,4.253,2.398,0.942,122.874,22.507,13.887,9.039,3.079,144.672,21.18,13.567,8.699,3.101,155.689,25.108,15.947,9.415,2.96
1761327850,2025-10-24,neutral,79.516,18.897,11.835,5.67,1.753,60.958,16.874,7.768,4.53,1.451,66.194,13.52,7.893,4.563,1.362,107.907,24.426,13.274,7.276,2.225,94.566,26.619,12.419,5.408,1.922,21.232,5.899,3.251,1.21,0.467,65.835,15.037,6.4,5.125,1.667,75.684,16.449,8.095,5.607,1.808,0.805,0.232,0.101,0.067,0.033,146.391,23.553,14.864,7.173,2.378,33.799,5.929,4.68,2.58,0.963,129.264,25.098,15.348,9.679,3.17,146.588,22.881,14.788,9.189,3.221,148.68,26.435,17.295,10.135,3.052
1761327850,2025-10-24,neutral,69.947,18.174,11.306,5.534,1.682,54.611,16.123,7.516,4.32,1.374,61.344,13,7.735,4.378,1.287,99.645,24.105,12.589,7.034,2.074,78.156,20.231,8.974,4.917,1.779,17.579,4.685,2.535,1.102,0.42,61.065,15.219,6.17,4.837,1.626,70.794,17.232,7.889,5.283,1.719,0.761,0.272,0.086,0.066,0.033,129.992,26.958,16.623,6.855,2.256,31.529,6.062,4.695,2.491,0.903,120.123,25.233,15.452,9.283,2.986,132.919,22.32,14.591,8.725,3.046,128.984,25.067,16.874,9.768,2.873
1761327850,2025-10-24,neutral,55.088,15.631,9.667,4.772,1.486,43.723,13.761,6.491,3.638,1.223,49.763,11.06,6.818,3.701,1.119,80.853,21.205,10.675,6.026,1.789,61.773,15.838,6.542,4.074,1.518,13.891,3.811,1.985,0.912,0.345,49.291,13.703,5.436,4.03,1.461,57.797,16.153,7.05,4.406,1.491,0.641,0.284,0.07,0.065,0.033,102.255,28.814,17.273,5.891,1.969,26.985,5.867,4.285,2.146,0.778,97.811,22.809,14.154,7.897,2.569,106.647,19.67,12.957,7.364,2.623,100.434,21.341,14.78,8.356,2.464
1761327850,2025-10-24,pull,37.931,12.13,7.497,3.637,1.228,30.622,10.53,5.03,2.691,1.042,34.617,8.37,5.482,2.754,0.909,56.489,16.664,8.151,4.62,1.453,43.776,12.355,4.722,3.05,1.202,9.773,3.058,1.527,0.681,0.261,34.041,11.003,4.448,2.963,1.225,40.525,13.62,5.878,3.245,1.199,0.481,0.268,0.057,0.064,0.031,71.068,28.75,16.623,4.556,1.608,21.864,5.607,3.59,1.665,0.627,68.499,18.739,11.962,5.96,2.054,74.018,15.891,10.429,5.514,2.088,68.401,16.54,11.71,6.353,1.949
1761327851,2025-10-24,pull,22.342,8.772,5.46,2.48,0.988,18.449,7.337,3.584,1.769,0.881,20.223,5.789,4.169,1.827,0.717,33.341,11.797,5.741,3.282,1.163,26.621,9.139,3.299,2.101,0.918,5.854,2.315,1.137,0.468,0.194,19.847,7.891,3.487,1.95,0.991,24.055,10.389,4.715,2.133,0.929,0.326,0.229,0.052,0.064,0.03,44.818,26.888,14.801,3.206,1.287,17.973,5.487,2.804,1.194,0.494,40.542,14.376,9.585,4.05,1.59,43.454,12.201,7.778,3.715,1.608,39.725,12.182,8.578,4.365,1.487
1761327851,2025-10-24,pull,11.259,6.315,3.987,1.586,0.827,9.577,4.799,2.494,1.097,0.777,9.779,3.901,3.185,1.148,0.586,16.526,7.649,3.929,2.351,0.986,16.531,6.718,2.357,1.472,0.735,3.528,1.719,0.846,0.325,0.16,9.884,5.082,2.729,1.221,0.813,12.152,7.241,3.793,1.321,0.743,0.21,0.181,0.055,0.063,0.029,27.805,23.715,12.216,2.13,1.082,16.159,5.505,2.095,0.842,0.405,20.247,10.767,7.561,2.623,1.283,21.359,9.41,5.617,2.402,1.293,19.535,9.201,6.082,2.881,1.198
1761327851,2025-10-24,pull,5.155,4.929,3.17,1.077,0.764,4.421,3.095,1.902,0.756,0.743,3.968,2.845,2.622,0.798,0.523,7.064,4.703,2.845,1.919,0.934,29.808,7.816,2.138,1.33,0.685,6.246,1.916,0.714,0.288,0.164,4.637,2.995,2.223,0.843,0.71,5.595,4.732,3.203,0.893,0.652,0.142,0.137,0.06,0.062,0.028,19.057,19.931,9.411,1.459,1.004,15.662,5.464,1.557,0.642,0.364,9.034,8.349,6.122,1.851,1.147,9.167,7.735,4.207,1.736,1.157,8.454,7.686,4.516,2.092,1.109
1761327851,2025-10-24,pull,2.844,4.39,2.792,0.894,0.776,2.236,2.134,1.712,0.68,0.761,1.776,2.431,2.357,0.714,0.506,3.359,2.982,2.289,1.845,0.965,86.211,15.602,2.844,1.721,0.749,18.326,3.646,0.783,0.365,0.2,2.77,1.721,1.894,0.734,0.67,3.113,3.096,2.872,0.766,0.63,0.112,0.105,0.066,0.06,0.028,15.274,16.139,6.873,1.153,1.012,15.204,5.146,1.191,0.56,0.358,4.967,7.031,5.167,1.611,1.132,4.557,7.061,3.406,1.596,1.136,4.252,7.24,3.718,1.879,1.164
1761327851,2025-10-24,pull,2.504,4.232,2.545,0.892,0.822,1.633,1.67,1.696,0.735,0.805,1.404,2.311,2.19,0.761,0.511,2.565,2.176,1.96,1.893,1.026,192.23,31.102,4.478,2.549,0.884,41.029,7.155,1.049,0.534,0.252,2.376,1.102,1.642,0.754,0.669,2.61,2.245,2.68,0.796,0.642,0.104,0.085,0.071,0.057,0.032,13.07,12.886,4.95,1.087,1.062,13.664,4.448,0.959,0.534,0.368,4.475,6.373,4.452,1.648,1.169,4.194,7.015,2.91,1.724,1.151,3.601,7.197,3.304,1.962,1.279
1761327851,2025-10-24,pull,2.918,4.081,2.268,0.95,0.876,1.805,1.483,1.695,0.824,0.851,1.654,2.234,2.013,0.833,0.526,2.931,1.955,1.75,1.909,1.088,332.378,52.083,6.83,3.618,1.046,71.055,11.936,1.472,0.752,0.304,2.424,0.971,1.473,0.812,0.695,2.887,2.012,2.596,0.872,0.673,0.104,0.073,0.074,0.057,0.039,11.054,10.41,3.833,1.164,1.134,10.969,3.511,0.838,0.524,0.389,5.197,5.948,3.86,1.761,1.228,5.875,7.253,2.515,1.92,1.175,4.359,7.054,2.996,2.114,1.405
1761327851,2025-10-24,pull,3.398,3.858,1.981,1.019,0.918,2.214,1.462,1.65,0.907,0.884,1.968,2.15,1.849,0.884,0.548,3.586,2.155,1.689,1.865,1.133,474.266,73.1,9.396,4.647,1.195,101.467,16.732,1.957,0.962,0.346,2.713,1.231,1.426,0.878,0.736,3.409,2.297,2.623,0.95,0.716,0.105,0.065,0.075,0.06,0.047,9.056,8.708,3.421,1.324,1.228,7.751,2.593,0.804,0.52,0.416,5.93,5.623,3.443,1.874,1.3,8.588,7.66,2.173,2.108,1.21,5.449,6.724,2.705,2.233,1.514
1761327851,2025-10-24,neutral,3.579,3.673,1.773,1.057,0.933,2.532,1.554,1.557,0.969,0.89,2.041,2.137,1.758,0.893,0.573,4.032,2.663,1.796,1.764,1.15,573.345,87.326,11.439,5.315,1.293,122.619,19.976,2.359,1.099,0.367,2.819,1.763,1.49,0.931,0.771,3.714,2.97,2.749,0.994,0.757,0.101,0.061,0.073,0.065,0.056,7.594,7.663,3.382,1.5,1.34,4.619,1.915,0.813,0.525,0.442,5.958,5.472,3.303,1.926,1.366,11.073,8.148,1.934,2.234,1.254,6.158,6.357,2.474,2.259,1.582
1761327852,2025-10-24,neutral,3.653,3.675,1.745,1.047,0.912,2.95,1.711,1.455,1.003,0.866,2.137,2.297,1.811,0.861,0.592,4.623,3.358,2.066,1.628,1.136,594.449,89.938,12.313,5.401,1.316,127.049,20.561,2.545,1.117,0.363,3.026,2.427,1.629,0.956,0.784,4.09,3.88,2.975,0.992,0.78,0.103,0.061,0.068,0.069,0.061,6.963,7.133,3.431,1.633,1.457,2.644,1.575,0.839,0.536,0.458,5.995,5.634,3.557,1.898,1.406,13.293,8.64,1.921,2.279,1.295,6.904,6.185,2.438,2.179,1.598
1761327852,2025-10-24,neutral,3.351,3.906,1.933,1.001,0.865,3.054,1.889,1.386,1.01,0.831,1.964,2.647,2.019,0.814,0.606,4.803,4.075,2.438,1.495,1.101,531.196,80.137,11.668,4.887,1.272,113.402,18.311,2.438,1.015,0.34,2.968,3.036,1.781,0.967,0.773,4.105,4.805,3.241,0.971,0.784,0.103,0.065,0.059,0.07,0.062,7.157,6.998,3.485,1.732,1.563,1.497,1.508,0.862,0.557,0.463,5.524,6.131,4.187,1.822,1.418,13.944,9.022,2.214,2.266,1.327,7.04,6.339,2.689,2.037,1.574
1761327852,2025-10-24,neutral,3.053,4.212,2.246,0.953,0.811,3.097,2.014,1.371,1.001,0.813,1.877,3.061,2.312,0.79,0.621,4.898,4.584,2.803,1.397,1.064,401.529,62.102,9.801,4.019,1.197,85.504,14.141,2.095,0.851,0.311,2.878,3.413,1.907,0.99,0.751,4.051,5.472,3.454,0.981,0.781,0.111,0.07,0.046,0.068,0.06,8.097,7.045,3.59,1.848,1.644,1.128,1.543,0.868,0.592,0.465,5.279,6.721,4.976,1.762,1.416,13.503,9.061,2.714,2.247,1.35,7.039,6.637,3.141,1.905,1.542
1761327852,2025-10-24,neutral,2.855,4.314,2.491,0.932,0.768,3.025,2.004,1.373,0.993,0.834,1.846,3.338,2.535,0.81,0.644,4.845,4.69,2.994,1.351,1.042,283.569,44.433,8.328,3.254,1.139,60.353,9.935,1.864,0.726,0.294,2.747,3.445,1.953,1.05,0.734,3.854,5.642,3.472,1.058,0.782,0.124,0.075,0.033,0.065,0.056,9.367,7.016,3.775,2.015,1.692,0.958,1.518,0.83,0.639,0.473,5.192,6.975,5.531,1.772,1.42,11.889,8.49,3.166,2.258,1.37,6.826,6.693,3.527,1.838,1.527
1761327852,2025-10-24,neutral,3.174,4.032,2.51,0.96,0.752,3.16,1.865,1.352,1.002,0.898,2.228,3.355,2.568,0.881,0.679,5.206,4.43,2.929,1.37,1.046,242.919,37.148,9.18,3.079,1.13,51.118,7.877,2.18,0.745,0.297,2.933,3.178,1.914,1.148,0.735,3.931,5.301,3.22,1.207,0.796,0.142,0.076,0.023,0.063,0.054,10.521,6.776,4.045,2.223,1.703,1.026,1.393,0.737,0.694,0.492,5.796,6.633,5.551,1.876,1.445,10.304,7.288,3.343,2.308,1.398,7.062,6.291,3.611,1.854,1.542
1761327852,2025-10-24,neutral,4.241,3.454,2.298,1.032,0.77,3.664,1.697,1.295,1.032,0.992,3.101,3.121,2.382,0.982,0.73,6.215,4.027,2.641,1.45,1.083,318.459,45.819,13.476,3.732,1.174,66.721,9.167,3.317,0.955,0.324,3.66,2.811,1.82,1.261,0.757,4.496,4.673,2.746,1.386,0.826,0.164,0.073,0.016,0.064,0.053,10.769,6.432,4.4,2.41,1.681,1.347,1.209,0.612,0.743,0.523,7.099,5.775,5.006,2.044,1.499,9.454,5.788,3.202,2.37,1.449,8.357,5.588,3.368,1.92,1.587
1761327852,2025-10-24,pull,6.579,2.822,1.954,1.122,0.826,4.624,1.611,1.226,1.076,1.1,4.282,2.791,2.061,1.08,0.801,7.745,3.765,2.269,1.562,1.167,481.293,68.159,20.792,5.096,1.241,100.776,13.39,5.198,1.322,0.367,4.832,2.656,1.758,1.348,0.8,5.421,4.211,2.246,1.53,0.876,0.184,0.068,0.014,0.065,0.053,10.014,6.243,4.798,2.495,1.65,1.77,1.066,0.506,0.768,0.558,8.706,4.817,4.161,2.216,1.584,10.163,4.446,2.87,2.396,1.54,12.127,4.944,2.941,1.982,1.658
1761327852,2025-10-24,pull,10.621,2.397,1.642,1.193,0.919,6.148,1.68,1.194,1.12,1.207,5.603,2.556,1.749,1.142,0.889,9.515,3.833,1.979,1.667,1.312,708.647,97.352,29.529,6.816,1.301,149.269,19.201,7.457,1.761,0.415,6.087,2.966,1.802,1.37,0.863,6.462,4.327,1.944,1.583,0.946,0.202,0.062,0.015,0.065,0.051,9.363,6.567,5.187,2.428,1.635,2.267,1.056,0.473,0.758,0.59,10.266,4.255,3.414,2.32,1.701,12.857,3.631,2.556,2.349,1.68,19.565,4.687,2.581,1.987,1.755
1761327853,2025-10-24,pull,15.979,2.325,1.487,1.213,1.038,7.921,1.9,1.241,1.14,1.296,6.647,2.548,1.574,1.143,0.983,10.977,4.218,1.886,1.718,1.51,928.672,125.815,37.712,8.497,1.331,191.7,25.071,9.622,2.178,0.456,7.156,3.76,1.963,1.311,0.939,7.275,5.146,1.966,1.52,1.03,0.216,0.056,0.018,0.06,0.048,11.634,7.994,5.57,2.208,1.656,2.615,1.214,0.544,0.711,0.613,11.25,4.401,3.083,2.301,1.833,16.827,3.503,2.448,2.209,1.853,30.252,4.964,2.5,1.904,1.868
1761327853,2025-10-24,pull,21.618,2.559,1.543,1.18,1.156,9.652,2.212,1.408,1.128,1.35,7.299,2.785,1.607,1.089,1.06,11.869,4.773,2.043,1.709,1.715,1125.565,147.052,43.976,9.753,1.315,228.555,29.71,11.29,2.479,0.479,7.725,4.816,2.209,1.2,1.013,7.739,6.466,2.324,1.388,1.112,0.227,0.053,0.022,0.051,0.042,19.545,11.359,5.959,1.896,1.724,2.779,1.513,0.725,0.646,0.621,11.544,5.261,3.316,2.185,1.953,21.025,4.002,2.692,2.009,2.013,42.141,5.61,2.811,1.755,1.975
1761327853,2025-10-24,neutral,26.038,2.947,1.79,1.139,1.255,10.959,2.546,1.705,1.113,1.367,7.511,3.204,1.839,1.033,1.111,12.118,5.351,2.445,1.698,1.882,1271.302,157.229,48.317,10.473,1.287,251.208,32.273,12.375,2.632,0.482,8.23,5.767,2.474,1.114,1.075,7.947,7.849,2.882,1.284,1.193,0.235,0.054,0.03,0.038,0.036,32.861,17.014,6.423,1.6,1.864,2.753,1.877,0.98,0.599,0.622,11.405,6.595,4.052,2.093,2.05,24.35,4.903,3.316,1.838,2.122,52.011,6.277,3.486,1.625,2.063
1761327853,2025-10-24,neutral,27.77,3.347,2.123,1.173,1.331,11.563,2.867,2.088,1.166,1.369,7.478,3.704,2.178,1.064,1.145,12.021,5.89,3.009,1.81,1.988,1372.602,159.422,51.177,10.775,1.307,266.427,33.273,12.902,2.657,0.477,8.706,6.278,2.665,1.16,1.135,8.278,8.819,3.422,1.322,1.287,0.245,0.065,0.043,0.028,0.033,48.34,24.315,6.981,1.424,2.106,2.677,2.227,1.245,0.613,0.627,11.396,8.026,5.011,2.206,2.145,25.988,5.9,4.17,1.831,2.173,56.463,6.667,4.337,1.652,2.142
1761327853,2025-10-24,neutral,26.457,3.681,2.433,1.379,1.394,11.513,3.167,2.474,1.377,1.387,7.405,4.169,2.501,1.266,1.174,11.886,6.37,3.61,2.186,2.036,1421.478,158.65,53.017,10.866,1.418,272.416,33.596,12.991,2.602,0.476,9.269,6.206,2.756,1.428,1.207,8.772,9.083,3.791,1.598,1.408,0.248,0.095,0.061,0.024,0.035,61.111,31.567,7.484,1.436,2.446,2.681,2.506,1.465,0.717,0.646,11.862,9.205,5.892,2.689,2.267,25.718,6.764,5.059,2.132,2.186,54.387,6.684,5.14,1.982,2.233
1761327853,2025-10-24,neutral,22.484,3.936,2.677,1.833,1.468,10.861,3.463,2.811,1.826,1.454,7.436,4.525,2.74,1.699,1.217,11.993,6.818,4.168,2.934,2.055,1402.816,158.267,54.242,10.913,1.635,269.57,33.821,12.794,2.517,0.487,9.848,5.644,2.771,1.958,1.311,9.54,8.653,3.972,2.162,1.563,0.241,0.148,0.081,0.032,0.043,67.749,36.65,7.71,1.653,2.847,2.781,2.676,1.612,0.923,0.683,12.977,9.951,6.559,3.635,2.439,23.563,7.384,5.857,2.849,2.2,46.424,6.43,5.766,2.715,2.362
1761327853,2025-10-24,neutral,17.36,4.117,2.825,2.539,1.573,10.032,3.74,3.024,2.526,1.589,7.634,4.722,2.84,2.35,1.284,12.422,7.211,4.562,4.048,2.094,1343.065,159.124,53.974,11.052,1.944,262.754,34.095,12.242,2.458,0.516,10.245,4.852,2.721,2.712,1.465,10.416,7.765,3.968,2.98,1.749,0.222,0.217,0.098,0.051,0.054,66.937,37.78,7.536,2.061,3.236,2.995,2.708,1.664,1.223,0.741,14.486,10.217,6.899,4.99,2.673,20.496,7.693,6.398,3.989,2.255,35.692,6.097,6.105,3.85,2.545
1761327853,2025-10-24,neutral,12.684,4.332,2.9,3.386,1.706,9.225,4.058,3.111,3.388,1.773,7.943,4.828,2.816,3.106,1.367,13.077,7.662,4.745,5.353,2.175,1238.611,161.189,51.244,11.259,2.293,247.999,34.503,11.248,2.443,0.559,10.369,4.243,2.633,3.552,1.658,11.31,6.908,3.84,3.912,1.938,0.193,0.284,0.11,0.077,0.064,59.729,34.259,6.918,2.601,3.515,3.245,2.633,1.636,1.578,0.812,16.157,10.276,6.922,6.519,2.934,17.445,7.874,6.613,5.381,2.359,25.585,6.076,6.179,5.228,2.763
1761327854,2025-10-24,neutral,9.424,4.822,2.922,4.186,1.831,8.597,4.538,3.091,4.232,1.951,8.226,4.957,2.698,3.788,1.439,13.741,8.344,4.699,6.562,2.278,1109.967,161.242,45.828,11.351,2.607,228.948,34.503,9.833,2.441,0.604,10.235,4.119,2.521,4.28,1.849,12.2,6.472,3.648,4.752,2.08,0.163,0.331,0.114,0.102,0.071,49.349,27.366,5.984,3.185,3.61,3.446,2.511,1.552,1.929,0.88,17.557,10.473,6.669,7.876,3.152,15.265,8.365,6.494,6.714,2.473,18.541,6.908,6.035,6.57,2.96
1761327854,2025-10-24,neutral,8.772,5.803,2.889,4.733,1.901,8.366,5.281,2.984,4.846,2.057,8.449,5.219,2.505,4.213,1.464,14.393,9.401,4.439,7.37,2.363,978.607,155.751,38.398,11.12,2.81,206.246,33.442,8.157,2.4,0.637,10.101,4.613,2.364,4.71,1.98,13.182,6.689,3.4,5.291,2.123,0.141,0.343,0.11,0.117,0.071,39.107,19.577,4.961,3.699,3.517,3.571,2.432,1.437,2.204,0.923,18.616,11.104,6.191,8.726,3.247,14.947,9.573,6.06,7.635,2.536,17.193,8.971,5.722,7.561,3.06
1761327854,2025-10-24,neutral,11.289,7.371,2.832,4.9,1.883,8.836,6.344,2.846,5.08,2.043,8.787,5.697,2.277,4.271,1.424,15.352,10.929,4.088,7.593,2.4,890.91,146.519,30.15,10.479,2.858,191.168,31.689,6.436,2.282,0.647,10.455,5.693,2.178,4.748,2.002,14.519,7.613,3.126,5.401,2.042,0.135,0.32,0.103,0.119,0.064,31.579,13.465,4.078,4.039,3.312,3.72,2.501,1.32,2.349,0.93,19.597,12.356,5.621,8.881,3.179,17.358,11.744,5.445,7.902,2.503,22.923,12.323,5.363,7.984,3.014
1761327854,2025-10-24,neutral,16.318,9.442,2.809,4.677,1.779,10.017,7.671,2.75,4.894,1.911,9.352,6.39,2.082,3.965,1.326,16.871,12.879,3.827,7.219,2.389,767.396,131.665,22.224,9.418,2.744,163.994,28.736,4.836,2.069,0.631,11.585,7.114,2.031,4.416,1.904,16.363,9.028,2.894,5.08,1.857,0.146,0.272,0.093,0.108,0.052,27.933,10.499,3.527,4.147,3.117,3.965,2.79,1.23,2.337,0.899,20.721,14.156,5.167,8.362,2.976,22.328,14.775,4.878,7.477,2.377,34.356,16.625,5.14,7.781,2.83
1761327854,2025-10-24,neutral,22.772,11.733,2.9,4.172,1.626,11.838,9.05,2.781,4.37,1.709,10.295,7.204,2.024,3.412,1.204,19.199,14.937,3.854,6.405,2.365,691.585,110.743,15.938,8.005,2.506,150.69,24.322,3.601,1.762,0.596,13.586,8.504,2.051,3.843,1.72,18.772,10.508,2.859,4.453,1.629,0.166,0.219,0.084,0.092,0.041,28.124,10.811,3.466,4.036,3.031,4.388,3.303,1.203,2.179,0.845,22.398,16.155,5.109,7.375,2.719,29.007,18.111,4.682,6.547,2.209,48.778,21.154,5.265,7.076,2.576
1761327854,2025-10-24,neutral,29.469,13.692,3.206,3.551,1.477,14.174,10.123,3.038,3.678,1.506,11.744,7.935,2.209,2.778,1.096,22.446,16.556,4.353,5.4,2.365,549.057,85.957,11.513,6.412,2.217,118.249,19.007,2.709,1.404,0.555,16.264,9.499,2.382,3.201,1.51,21.731,11.582,3.207,3.714,1.427,0.191,0.183,0.077,0.076,0.034,31.302,13.303,4.127,3.783,3.073,5.136,3.938,1.272,1.919,0.791,25.084,17.805,5.701,6.214,2.501,36.935,20.765,5.22,5.439,2.071,63.535,24.714,6.003,6.115,2.349
1761327854,2025-10-24,push,35.541,14.913,3.78,2.954,1.375,17.097,10.679,3.561,2.983,1.361,13.9,8.515,2.683,2.205,1.033,26.875,17.426,5.404,4.423,2.405,417.87,62.431,8.94,4.895,1.959,92.024,13.884,2.152,1.07,0.522,19.284,9.983,3.094,2.626,1.334,25.222,12.09,4.059,3.032,1.302,0.226,0.18,0.073,0.067,0.035,36.293,16.707,5.726,3.498,3.173,7.389,4.577,1.617,1.649,0.763,29.35,18.873,6.99,5.125,2.378,45.395,22.054,6.654,4.448,2.025,76.422,26.531,7.498,5.13,2.226
1761327854,2025-10-24,push,39.625,15.235,4.571,2.464,1.352,20.135,10.697,4.289,2.404,1.31,16.586,8.975,3.379,1.764,1.034,32.213,17.521,6.884,3.595,2.486,273.444,42.129,7.723,3.621,1.802,58.917,9.434,1.774,0.805,0.507,22.285,10.047,4.141,2.181,1.24,29.066,12.11,5.355,2.494,1.276,0.285,0.215,0.078,0.067,0.042,42.078,20.109,8.38,3.287,3.243,14.443,5.924,3.001,1.646,0.813,34.996,19.401,8.723,4.239,2.375,53.09,21.856,8.798,3.742,2.116,84.391,26.404,9.626,4.283,2.258
1761327855,2025-10-24,push,41.116,14.835,5.478,2.122,1.441,22.843,10.341,5.113,2.006,1.376,19.294,9.419,4.182,1.474,1.12,37.514,17.123,8.567,2.975,2.63,159.439,26.747,7.456,2.665,1.803,34.389,6.055,1.533,0.627,0.513,24.547,9.944,5.401,1.874,1.27,32.572,11.921,6.903,2.112,1.371,0.381,0.282,0.096,0.072,0.055,46.831,23.104,11.895,3.196,3.256,30.227,9.362,6.236,2.274,0.997,40.879,19.672,10.55,3.609,2.533,58.49,20.649,11.241,3.358,2.379,86.388,24.842,12.069,3.657,2.483
1761327855,2025-10-24,neutral,39.141,14.108,6.352,1.945,1.688,23.988,9.885,5.89,1.812,1.59,20.88,9.918,4.943,1.327,1.328,40.742,16.657,10.151,2.591,2.911,81.075,17.253,7.787,2.073,2.027,16.397,3.988,1.39,0.531,0.552,25.211,9.953,6.687,1.692,1.476,34.42,11.838,8.414,1.866,1.635,0.511,0.361,0.127,0.08,0.071,49.574,25.303,15.633,3.215,3.289,54.855,15.783,11.511,3.715,1.349,44.536,20.018,12.123,3.252,2.939,59.378,19.21,13.442,3.244,2.863,81.027,22.815,14.373,3.288,2.953
1761327855,2025-10-24,neutral,34.49,13.333,7.048,1.921,2.129,23.294,9.521,6.511,1.798,1.962,20.714,10.387,5.55,1.302,1.686,40.557,16.344,11.371,2.432,3.42,43.213,13.087,8.468,1.795,2.518,7.953,3.097,1.36,0.492,0.633,24.02,10.151,7.787,1.613,1.895,33.673,11.965,9.608,1.734,2.106,0.647,0.431,0.166,0.087,0.085,49.01,26.291,18.793,3.279,3.463,84.544,24.663,17.949,5.778,1.843,44.319,20.464,13.218,3.147,3.671,55.675,18.095,14.948,3.309,3.603,70.399,21.048,16.091,3.163,3.7
1761327855,2025-10-24,neutral,28.445,12.667,7.484,2.03,2.739,20.968,9.365,6.941,1.92,2.458,18.922,10.697,5.938,1.383,2.174,37.11,16.248,12.056,2.49,4.174,30.419,12.273,9.148,1.747,3.239,4.9,2.959,1.423,0.486,0.759,21.114,10.497,8.548,1.634,2.5,30.51,12.262,10.313,1.728,2.765,0.749,0.469,0.202,0.092,0.096,45.181,25.878,20.747,3.367,3.865,111.254,33.892,23.769,7.917,2.387,40.375,20.855,13.779,3.278,4.704,48.163,17.535,15.523,3.491,4.559,57.256,19.885,16.937,3.261,4.672
1761327855,2025-10-24,neutral,12.42,10.149,6.69,2.462,4.307,10.933,8.774,6.766,2.268,3.601,9.632,9.45,5.407,1.838,3.445,18.224,14.876,10.091,3.14,6.361,16.979,12.439,8.328,2.201,5.205,3.495,3.145,1.542,0.514,1.146,10.759,10.393,7.73,1.981,4.13,15.468,11.884,9.007,2.237,4.536,0.604,0.344,0.201,0.079,0.089,24.984,17.077,17.582,3.698,5.837,106.123,37.809,22.339,8.807,3.03,19.989,18.484,12.112,4.161,7.469,21.937,15.949,12.058,3.908,6.9,25.094,16.562,13.676,3.874,7.032
1761327855,2025-10-24,neutral,10.9,8.881,5.661,2.393,4.247,9.796,7.945,6.028,2.155,3.499,8.113,8.275,4.63,1.863,3.424,14.901,13.39,8.256,3.137,6.328,22.545,14.216,7.286,2.459,5.235,5.052,3.588,1.464,0.54,1.165,8.892,9.471,6.423,2.006,4.101,12.663,10.746,7.634,2.333,4.503,0.442,0.262,0.162,0.065,0.075,20.767,13.109,14.633,3.779,6.201,78.268,29.218,16.018,6.874,2.709,16.902,16.163,10.383,4.189,7.396,18.478,14.473,9.788,3.726,6.801,22.441,14.491,11.072,3.775,6.931
1761327856,2025-10-24,neutral,13.989,8.064,4.556,2.205,3.862,11.534,7.09,5.1,1.95,3.159,8.24,7.098,3.747,1.78,3.148,14.848,11.814,6.357,2.969,5.81,41.075,19.497,6.579,2.858,4.974,9.216,4.71,1.401,0.604,1.125,8.252,8.277,4.965,1.938,3.736,11.418,9.308,6.181,2.299,4.095,0.288,0.189,0.118,0.048,0.058,18.405,9.739,11.92,3.796,6.253,49.324,19.2,9.598,4.612,2.228,17.153,13.919,8.457,3.997,6.736,20.291,13.219,7.6,3.371,6.207,28.679,13.16,8.513,3.483,6.342
1761327856,2025-10-24,neutral,23.669,8.158,3.74,1.978,3.321,17.457,6.534,4.262,1.741,2.733,10.578,6.186,3.022,1.628,2.744,19.038,10.564,4.905,2.712,5.021,68.71,28.615,6.39,3.422,4.634,15.117,6.553,1.391,0.716,1.064,8.638,7.069,3.8,1.815,3.205,11.773,7.852,5.069,2.17,3.494,0.17,0.133,0.079,0.035,0.043,17.222,7.576,10.267,3.809,6.098,27.293,10.659,4.82,2.662,1.746,21.242,12.361,6.941,3.682,5.782,28.873,12.779,6.034,2.953,5.372,47.459,13.485,6.703,3.12,5.519
1761327856,2025-10-24,neutral,40.392,9.358,3.422,1.856,2.845,27.552,6.633,3.737,1.653,2.412,15.329,5.845,2.64,1.52,2.384,27.795,10.214,4.205,2.533,4.264,103.875,39.787,6.815,4.132,4.437,22.621,8.762,1.468,0.867,1.025,10.532,6.261,3.221,1.742,2.739,13.723,6.851,4.585,2.085,2.954,0.103,0.099,0.055,0.027,0.034,18.234,6.735,10.182,4.057,5.941,15.646,5.336,2.347,1.43,1.409,29.342,12.12,6.241,3.477,4.943,43.307,13.749,5.358,2.689,4.636,78.731,15.832,5.987,2.925,4.798
1761327856,2025-10-24,neutral,60.588,11.885,3.673,2.014,2.598,40.146,7.91,3.66,1.817,2.326,21.829,6.563,2.71,1.62,2.203,39.722,11.723,4.37,2.687,3.785,133.221,49.844,7.53,4.945,4.502,28.704,10.73,1.591,1.045,1.028,14.108,6.51,3.335,1.88,2.521,17.611,7.033,4.801,2.255,2.685,0.096,0.093,0.057,0.028,0.031,25.999,7.123,11.809,4.934,5.969,12.655,3.307,1.699,0.994,1.29,40.705,14.174,6.552,3.71,4.533,61.756,17.139,5.606,2.855,4.261,115.75,20.48,6.37,3.224,4.442
1761327856,2025-10-24,neutral,83.195,15.991,4.458,2.682,2.642,55.446,10.876,4.055,2.406,2.506,32.438,8.886,3.268,2.147,2.253,59.196,16.179,5.377,3.538,3.7,160.044,56.605,8.358,5.912,4.808,34.557,12.073,1.748,1.253,1.072,23.714,8.604,4.081,2.462,2.625,28.75,9.308,5.608,2.943,2.781,0.17,0.121,0.087,0.038,0.035,51.664,8.852,14.953,6.907,6.269,16.598,3.464,1.981,1.22,1.385,62.25,19.752,7.859,4.834,4.672,87.916,24.035,6.701,3.853,4.353,156.243,27.684,7.644,4.433,4.558
1761327856,2025-10-24,neutral,106.384,21.709,5.592,4.013,2.96,72.524,15.692,4.767,3.541,2.901,49.247,13.105,4.205,3.247,2.522,89.931,24.108,6.96,5.353,4.03,181.531,59.342,9.104,7.116,5.244,39.132,12.674,1.899,1.507,1.139,43.805,12.997,5.198,3.655,3.035,52.584,14.249,6.681,4.313,3.226,0.358,0.191,0.141,0.056,0.044,105.376,12.186,18.95,10.155,6.864,25.442,4.993,2.461,1.922,1.65,100.68,29.535,9.817,7.156,5.322,128.799,34.904,8.351,5.966,4.894,198.109,37.382,9.377,6.796,5.13
1761327856,2025-10-24,neutral,131.317,28.481,6.816,5.884,3.511,92.943,21.766,5.549,5.136,3.441,73.931,18.803,5.301,4.821,2.974,134.93,34.686,8.736,8.011,4.766,205.908,58.745,9.688,8.509,5.734,44.9,12.68,2.018,1.801,1.22,76.353,19.273,6.321,5.357,3.699,91.595,21.384,7.617,6.215,3.952,0.666,0.299,0.205,0.079,0.055,185.068,17.08,22.658,14.164,7.788,39.134,7.456,2.969,2.909,2.025,159.864,42.6,11.908,10.462,6.388,189.214,48.634,10.145,9.025,5.801,243.844,48.622,11.138,10.058,6.097
1761327856,2025-10-24,push,155.669,35.192,7.983,7.951,4.261,114.201,27.912,6.249,6.927,4.081,103.727,24.895,6.373,6.58,3.583,189.035,45.919,10.434,11.049,5.886,228.892,56.346,10.329,9.935,6.286,50.081,12.361,2.163,2.107,1.327,117.345,26.246,7.238,7.239,4.557,140.752,29.3,8.217,8.268,4.879,1.055,0.423,0.258,0.103,0.067,277.772,22.938,24.926,17.958,9.107,55.896,10.488,3.499,3.966,2.453,232.689,56.513,13.805,14.108,7.774,263.566,62.738,11.837,12.481,6.978,289.726,59.661,12.786,13.581,7.394
1761327857,2025-10-24,push,175.651,40.347,9.222,9.817,5.164,132.973,32.582,7.034,8.598,4.781,131.685,29.866,7.46,8.187,4.313,240.005,55.031,12.183,13.88,7.317,251.298,53.429,11.395,11.22,6.946,55.637,11.911,2.397,2.394,1.472,156.59,32.111,8.083,8.934,5.537,187.456,35.903,8.7,10.077,5.911,1.405,0.528,0.281,0.121,0.077,357.509,28.744,25.127,20.621,10.798,71.593,13.389,4.144,4.863,2.875,301.443,67.8,15.711,17.357,9.371,335.372,73.771,13.649,15.656,8.305,328.284,68.183,14.659,16.657,8.915
1761327857,2025-10-24,push,185.574,42.43,10.846,11.3,6.09,143.967,34.281,8.228,9.994,5.453,149.676,32.217,8.794,9.492,5.057,273.191,59.238,14.4,16.179,8.839,261.048,49.912,13.363,12.385,7.661,57.661,11.238,2.835,2.667,1.642,182.66,35,9.25,10.297,6.492,217.714,38.992,9.574,11.516,6.882,1.623,0.578,0.268,0.13,0.082,403.06,33.378,23.603,21.795,12.606,81.804,15.26,5.039,5.497,3.22,345.287,72.893,18.209,19.876,10.94,383.006,78.268,16.116,18.209,9.568,348.105,71.683,17.337,19.005,10.416
1761327857,2025-10-24,push,184.466,40.839,13.307,12.57,6.856,145.96,32.614,10.342,11.235,5.983,154.539,31.435,10.822,10.638,5.671,283.339,57.521,17.809,18.115,10.137,255.829,45.786,17.493,13.951,8.335,57.323,10.306,3.613,3.029,1.801,190.922,34.208,11.308,11.542,7.245,225.768,37.876,11.588,12.847,7.609,1.646,0.556,0.224,0.131,0.083,406.014,36.063,21.975,21.973,14.117,84.391,15.584,6.345,5.973,3.431,356.264,70.606,22.212,21.987,12.189,395.613,74.876,19.989,20.386,10.522,346.208,69.035,21.532,20.975,11.58
1761327857,2025-10-24,push,182.633,36.16,16.85,14.279,7.379,151.879,28.551,13.637,12.832,6.342,155.125,28.151,13.851,12.155,6.091,287.14,51.152,22.878,20.522,11.023,268.004,58.031,28.214,18.339,9.314,90.738,11.961,4.884,3.943,1.961,192.716,30.6,14.638,13.309,7.746,223.388,33.636,15.227,14.782,8.045,1.585,0.473,0.168,0.13,0.081,383.326,37.016,22.098,22.561,14.998,84.153,14.457,8.145,6.63,3.524,353.201,62.626,28.303,24.834,13.021,390.267,65.33,25.699,23.132,11.107,341.633,61.248,27.566,23.675,12.284
1761327857,2025-10-24,neutral,199.741,30.483,21.541,17.436,7.799,191.918,23.197,17.739,15.553,6.665,171.213,23.781,17.848,14.814,6.431,322.093,42.821,29.471,24.698,11.628,440.191,127.547,53.11,29.611,11.504,263.842,22.993,6.824,6.309,2.209,215.59,25.997,19.172,16.468,8.175,239.786,28.156,20.34,18.251,8.388,1.629,0.361,0.121,0.133,0.077,376.723,37.642,25.047,25.356,15.217,91.382,12.456,10.347,7.931,3.628,382.437,52.212,36.303,30.016,13.722,411.487,53.003,33.015,27.8,11.588,372.864,51.133,35.141,28.665,12.787
1761327857,2025-10-24,neutral,242.344,28,26.816,22.663,8.379,291.824,18.268,21.7,19.815,7.158,212.759,21.015,22.145,18.999,6.89,407.377,37.376,36.378,31.347,12.281,924.89,285.415,97.072,50.409,15.665,697.857,53.348,10.187,10.818,2.64,271.016,23.533,24.075,21.398,8.804,290.91,24.757,25.851,23.612,8.938,1.908,0.265,0.098,0.146,0.076,409.857,41.091,30.18,31.238,15.006,111.684,10.931,12.557,10.102,3.897,469.585,45.139,44.751,38.28,14.747,485.091,43.437,40.593,35.073,12.367,456.445,44.191,42.852,36.737,13.526
1761327858,2025-10-24,neutral,47.604,22.936,2.674,4.961,1.703,207.793,5.778,1.266,3.318,1.352,56.639,14.086,1.243,3.243,1.367,109.311,24.512,1.477,5.143,2.383,1641.941,174.49,36.767,15.684,4.224,875.514,83.678,11.486,4.351,0.751,65.964,14.881,1.772,3.794,1.635,70.781,17.504,1.429,3.901,1.701,0.538,0.158,0.101,0.108,0.065,93.637,55.752,15.701,14.967,5.343,26.297,6.866,0.544,1.865,0.842,138.733,28.28,2.391,6.115,2.748,112.14,22.037,2.09,5.905,2.281,108.755,28.696,2.632,6.644,2.489
1761327858,2025-10-24,neutral,16.784,9.801,1.297,1.978,0.78,82.782,3.98,0.871,1.26,0.649,21.165,6.705,0.598,1.412,0.7,40.332,11.807,0.706,2.131,1.245,790.65,68.075,13.706,5.163,1.92,353.185,37.159,5.742,1.603,0.452,23.181,6.581,0.96,1.605,0.731,24.676,8.249,0.925,1.679,0.773,0.246,0.106,0.101,0.102,0.061,65.885,45.9,18.323,12.699,4.804,8.777,3.177,0.379,0.838,0.417,53.982,12.938,1.377,2.515,1.22,39.05,10.383,1.339,2.485,1.071,39.889,13.355,1.686,2.658,1.221
1761327859,2025-10-24,neutral,6.474,3.243,0.832,0.952,0.448,25.727,2.869,0.702,0.632,0.419,8.425,2.912,0.45,0.91,0.469,15.147,5.337,0.553,1.299,0.851,306.28,23.687,4.785,1.704,1.304,104.66,12.877,2.237,0.568,0.366,8.08,2.432,0.655,0.905,0.411,8.381,3.356,0.803,1.002,0.456,0.151,0.088,0.102,0.094,0.059,64.294,38.989,19.237,11.256,4.416,2.95,1.249,0.372,0.482,0.269,21.401,4.881,1.168,1.492,0.684,14.399,4.467,1.322,1.389,0.668,15.456,5.538,1.483,1.37,0.807
1761327859,2025-10-24,neutral,3.969,1.405,0.768,0.807,0.387,7.724,2.336,0.651,0.572,0.391,5.174,1.682,0.528,0.906,0.414,8.696,3.272,0.625,1.274,0.785,90.332,8.298,1.954,1.115,1.236,22.369,3.656,0.658,0.31,0.353,4.182,1.177,0.547,0.8,0.35,4.461,1.736,0.749,0.904,0.413,0.124,0.094,0.099,0.08,0.055,63.535,32.885,18.006,9.497,3.873,1.729,0.628,0.375,0.392,0.238,12.233,2.269,1.213,1.449,0.582,9.535,2.732,1.543,1.215,0.608,9.366,3.161,1.525,1.193,0.742
1761327859,2025-10-24,neutral,3.164,1.305,0.808,0.845,0.394,4.15,2.091,0.706,0.589,0.401,4.321,1.373,0.69,0.933,0.385,6.854,2.714,0.8,1.299,0.781,20.629,2.821,0.717,1,1.172,5.656,0.996,0.209,0.244,0.341,3.053,0.925,0.523,0.784,0.351,3.492,1.367,0.699,0.865,0.432,0.124,0.105,0.091,0.061,0.049,54.843,25.509,15,7.246,3.136,1.625,0.494,0.361,0.345,0.23,9.118,1.753,1.308,1.508,0.579,8.7,2.514,1.809,1.182,0.621,7.421,2.721,1.645,1.2,0.744
1761327859,2025-10-24,neutral,3.152,1.524,0.807,0.866,0.415,3.865,1.967,0.782,0.581,0.409,3.973,1.187,0.802,0.899,0.354,6.381,2.329,0.95,1.237,0.774,8.37,1.678,0.489,0.936,1.08,2.088,0.556,0.185,0.225,0.321,2.946,0.849,0.51,0.749,0.361,3.453,1.211,0.639,0.801,0.455,0.122,0.111,0.079,0.042,0.043,39.853,17.554,10.971,4.995,2.359,1.6,0.414,0.32,0.3,0.223,8.154,1.649,1.328,1.498,0.589,8.561,2.467,1.935,1.14,0.641,7.033,2.499,1.696,1.181,0.755
1761327859,2025-10-24,neutral,3.296,1.799,0.759,0.853,0.461,4.024,1.895,0.834,0.551,0.431,3.28,1.04,0.825,0.813,0.345,5.576,1.996,1.036,1.113,0.789,4.223,1.479,0.517,0.852,1.011,0.861,0.499,0.175,0.211,0.302,2.556,0.846,0.498,0.687,0.401,3.196,1.1,0.596,0.73,0.497,0.117,0.11,0.067,0.028,0.038,26.838,10.735,7.045,3.268,1.737,1.492,0.345,0.266,0.259,0.224,6.951,1.657,1.279,1.417,0.636,8.383,2.43,1.879,1.112,0.687,6.812,2.32,1.653,1.131,0.802
1761327859,2025-10-24,pull,5.531,2.062,0.7,0.829,0.554,5.912,1.892,0.87,0.537,0.494,3.712,0.99,0.792,0.708,0.389,6.812,1.844,1.08,0.991,0.87,5.633,1.43,0.58,0.775,1.026,1.458,0.488,0.168,0.203,0.301,3.599,0.953,0.533,0.618,0.51,4.72,1.087,0.613,0.69,0.591,0.116,0.1,0.058,0.019,0.035,18.558,6.346,4.111,2.333,1.39,1.886,0.312,0.229,0.232,0.248,8.784,1.794,1.229,1.321,0.77,11.337,2.434,1.703,1.159,0.793,9.756,2.29,1.576,1.105,0.924
1761327859,2025-10-24,pull,8.92,2.244,0.675,0.813,0.699,8.874,1.942,0.902,0.573,0.604,4.777,1.036,0.751,0.622,0.495,9.24,1.923,1.11,0.929,1.033,10.485,1.547,0.703,0.759,1.156,2.249,0.525,0.168,0.21,0.33,5.158,1.196,0.633,0.563,0.706,7.298,1.214,0.73,0.709,0.753,0.115,0.084,0.052,0.014,0.035,17.31,4.522,2.5,2.081,1.316,2.719,0.332,0.239,0.229,0.301,12.377,2.071,1.243,1.272,1.01,16.693,2.505,1.51,1.315,0.974,14.818,2.467,1.547,1.149,1.127
1761327859,2025-10-24,pull,14.554,2.296,0.725,0.812,0.871,13.401,1.967,0.939,0.669,0.738,7.564,1.143,0.768,0.577,0.638,14.25,2.161,1.17,0.945,1.244,15.515,1.803,0.932,0.823,1.378,3.542,0.598,0.201,0.234,0.384,8.496,1.534,0.809,0.538,0.962,12.078,1.452,0.996,0.788,0.958,0.126,0.065,0.048,0.012,0.038,21.588,4.343,1.936,2.151,1.413,4.126,0.405,0.314,0.253,0.374,19.628,2.434,1.392,1.301,1.321,25.575,2.621,1.413,1.559,1.2,23.17,2.796,1.645,1.271,1.369
1761327860,2025-10-24,pull,20.072,2.23,0.849,0.822,1.018,17.539,1.924,0.975,0.804,0.85,10.394,1.259,0.863,0.572,0.77,19.399,2.444,1.275,1.01,1.43,22.33,2.148,1.273,0.95,1.616,5.022,0.677,0.275,0.27,0.446,11.752,1.898,1.013,0.545,1.209,16.857,1.715,1.383,0.904,1.149,0.133,0.048,0.045,0.012,0.041,27.971,4.565,1.913,2.208,1.545,5.624,0.513,0.44,0.298,0.444,26.935,2.81,1.658,1.393,1.615,34.356,2.749,1.442,1.822,1.404,31.601,3.186,1.859,1.432,1.571
1761327860,2025-10-24,pull,24.591,2.106,1.001,0.827,1.09,20.567,1.838,0.996,0.93,0.898,12.965,1.359,1.013,0.592,0.839,23.766,2.693,1.408,1.072,1.508,27.031,2.522,1.684,1.098,1.779,6.04,0.735,0.383,0.305,0.488,14.587,2.222,1.183,0.57,1.362,20.81,1.906,1.805,1.023,1.255,0.137,0.036,0.042,0.013,0.043,32.328,4.634,2.147,2.144,1.615,6.742,0.636,0.574,0.355,0.485,33.127,3.138,1.954,1.505,1.789,40.884,2.87,1.552,2.019,1.511,38.412,3.557,2.117,1.567,1.655
1761327860,2025-10-24,pull,26.41,1.991,1.131,0.82,1.055,21.274,1.768,1.013,1,0.86,13.909,1.432,1.159,0.61,0.816,25.551,2.869,1.541,1.081,1.43,28.228,2.854,2.057,1.214,1.798,6.397,0.754,0.494,0.329,0.492,15.835,2.455,1.272,0.593,1.359,22.322,1.977,2.15,1.113,1.23,0.137,0.03,0.039,0.013,0.042,32.267,4.476,2.421,1.994,1.575,7.129,0.752,0.67,0.41,0.48,35.681,3.367,2.177,1.589,1.774,42.893,2.993,1.664,2.093,1.476,41.398,3.833,2.331,1.627,1.579
1761327860,2025-10-24,pull,25.115,1.923,1.182,0.804,0.923,19.856,1.746,1.021,0.99,0.749,13.193,1.473,1.229,0.616,0.706,24.503,2.955,1.643,1.026,1.209,26.931,3.079,2.311,1.257,1.664,6.024,0.736,0.577,0.334,0.452,15.23,2.567,1.28,0.599,1.195,21.063,1.929,2.315,1.153,1.074,0.128,0.031,0.037,0.013,0.037,28.665,4.108,2.615,1.842,1.429,6.769,0.838,0.697,0.454,0.428,34.304,3.457,2.232,1.623,1.57,39.922,3.11,1.685,2.035,1.304,39.971,3.95,2.404,1.604,1.361
1761327860,2025-10-24,pull,21.798,1.919,1.165,0.791,0.735,17.323,1.777,1.057,0.915,0.605,11.465,1.481,1.207,0.613,0.552,21.816,2.961,1.76,0.94,0.913,22.324,3.166,2.382,1.22,1.419,5.128,0.701,0.616,0.319,0.379,13.658,2.569,1.303,0.592,0.922,17.962,1.824,2.283,1.144,0.833,0.121,0.034,0.039,0.014,0.031,23.025,3.619,2.714,1.74,1.225,5.994,0.888,0.66,0.487,0.347,30.506,3.41,2.133,1.616,1.247,34.376,3.206,1.63,1.89,1.05,35.791,3.888,2.365,1.531,1.07
1761327860,2025-10-24,pull,17.46,1.986,1.171,0.802,0.554,14.512,1.834,1.179,0.825,0.483,9.47,1.471,1.14,0.623,0.408,18.603,2.911,2.009,0.886,0.641,20.224,3.182,2.354,1.141,1.153,4.591,0.673,0.627,0.294,0.298,11.706,2.522,1.479,0.606,0.635,14.267,1.736,2.148,1.116,0.588,0.114,0.039,0.047,0.016,0.025,17.785,3.098,2.88,1.699,1.044,5.096,0.915,0.61,0.51,0.266,25.86,3.284,2.027,1.615,0.921,27.836,3.253,1.642,1.732,0.801,30.317,3.693,2.377,1.475,0.804
1761327860,2025-10-24,neutral,14.764,2.211,1.322,0.873,0.449,13.332,1.971,1.441,0.801,0.431,8.834,1.575,1.117,0.686,0.334,17.482,2.997,2.499,0.947,0.5,20.008,3.384,2.337,1.127,0.977,4.617,0.708,0.639,0.282,0.24,11.312,2.638,1.923,0.703,0.439,12.246,1.867,2.082,1.146,0.426,0.128,0.045,0.058,0.02,0.02,16.37,2.841,3.392,1.733,0.967,4.867,0.989,0.625,0.546,0.219,23.735,3.385,2.122,1.713,0.725,24.321,3.389,1.926,1.678,0.663,27.182,3.649,2.646,1.54,0.669
1761327860,2025-10-24,neutral,12.494,2.752,1.76,1.069,0.474,12.327,2.315,1.893,0.948,0.482,8.504,2.016,1.257,0.862,0.368,16.786,3.521,3.318,1.229,0.56,25.593,4.188,2.568,1.342,0.979,5.821,0.882,0.708,0.321,0.227,11.313,3.195,2.695,0.976,0.409,11.123,2.486,2.313,1.36,0.41,0.136,0.052,0.07,0.025,0.017,17.456,3.234,4.555,1.915,1.046,4.503,1.21,0.789,0.634,0.231,21.982,4.191,2.668,2.061,0.762,21.192,3.885,2.706,1.877,0.723,24.078,4.173,3.386,1.872,0.749
1761327861,2025-10-24,neutral,12.595,3.74,2.601,1.474,0.653,12.864,3.002,2.589,1.364,0.643,9.706,2.968,1.673,1.214,0.52,18.39,4.714,4.528,1.838,0.831,33.109,5.794,3.279,1.958,1.178,7.525,1.22,0.878,0.452,0.264,12.994,4.349,3.808,1.519,0.565,12.284,3.747,3.044,1.895,0.558,0.163,0.065,0.08,0.031,0.017,22.048,4.548,6.632,2.383,1.281,4.851,1.639,1.169,0.826,0.313,23.112,6.052,3.911,2.818,1.063,20.917,5.009,4.216,2.48,1.021,23.846,5.563,4.791,2.615,1.074
1761327861,2025-10-24,neutral,12.605,5.107,3.858,2.145,0.969,12.905,4.063,3.534,2.089,0.907,10.489,4.39,2.407,1.773,0.773,19.645,6.548,6.115,2.839,1.272,44.011,8.085,4.625,3.04,1.528,10.013,1.681,1.168,0.698,0.342,14.306,5.969,5.189,2.364,0.872,13.561,5.537,4.321,2.821,0.847,0.18,0.086,0.087,0.036,0.018,26.273,6.806,9.545,3.237,1.626,4.788,2.231,1.761,1.146,0.455,23.66,8.898,5.948,4.059,1.593,20.032,6.81,6.505,3.556,1.537,23.25,7.768,6.891,3.836,1.614
1761327861,2025-10-24,push,13.091,6.584,5.453,3.035,1.366,13.261,5.326,4.689,3.041,1.244,11.4,5.993,3.416,2.483,1.083,21.104,8.667,8.005,4.152,1.803,52.086,10.509,6.567,4.442,1.938,11.815,2.144,1.556,1.028,0.437,15.66,7.669,6.751,3.413,1.257,15.128,7.468,6.056,4.045,1.219,0.206,0.115,0.091,0.04,0.02,29.614,9.647,12.864,4.434,2.005,5.018,2.841,2.519,1.562,0.636,24.558,12.127,8.69,5.659,2.25,19.579,8.969,9.413,5.001,2.185,23.353,10.306,9.534,5.415,2.278
1761327861,2025-10-24,push,12.781,7.786,7.187,3.971,1.761,12.745,6.454,5.928,4.006,1.599,11.282,7.323,4.557,3.196,1.39,21.37,10.484,9.989,5.524,2.315,56.755,12.287,8.837,5.824,2.296,12.922,2.457,1.978,1.365,0.525,15.948,8.915,8.324,4.434,1.633,15.615,9.009,7.993,5.3,1.596,0.216,0.143,0.092,0.042,0.022,29.609,12.302,15.867,5.728,2.335,4.756,3.271,3.329,1.978,0.816,23.969,14.773,11.785,7.277,2.889,18.24,10.907,12.509,6.508,2.827,22.47,12.422,12.334,7.02,2.932
1761327861,2025-10-24,push,12.349,8.413,8.837,4.72,2.06,12.311,7.128,7.115,4.719,1.897,10.911,8.021,5.67,3.73,1.621,21.325,11.529,11.845,6.624,2.695,55.211,12.837,11.049,6.815,2.498,12.553,2.512,2.356,1.62,0.584,15.88,9.332,9.719,5.162,1.91,15.632,9.787,9.8,6.246,1.886,0.223,0.162,0.091,0.042,0.023,27.894,14.055,17.856,6.753,2.536,4.825,3.409,4.058,2.279,0.955,23.023,16.121,14.781,8.5,3.355,17.277,12.082,15.256,7.685,3.302,21.821,13.48,14.845,8.235,3.422
1761327861,2025-10-24,push,12.409,8.305,10.228,5.084,2.187,12.12,7.151,8.132,4.977,2.066,10.345,7.933,6.641,3.95,1.716,21.415,11.557,13.393,7.191,2.854,49.549,12.018,12.878,7.177,2.491,11.335,2.297,2.645,1.732,0.598,15.854,8.816,10.788,5.41,2.028,15.574,9.655,11.198,6.617,2.019,0.219,0.165,0.092,0.041,0.023,25.355,14.401,18.416,7.185,2.559,4.916,3.225,4.609,2.377,1.016,22.426,15.891,17.274,9.011,3.529,17.422,12.115,17.221,8.206,3.48,22.258,13.113,16.768,8.728,3.626
1761327861,2025-10-24,push,14.727,7.646,11.225,5.004,2.118,13.645,6.613,8.86,4.743,2.067,10.746,7.238,7.38,3.84,1.653,23.121,10.739,14.463,7.168,2.773,41.456,10.195,14.053,6.923,2.284,9.549,1.897,2.813,1.694,0.568,16.857,7.641,11.394,5.169,1.97,16.694,8.849,11.99,6.349,1.973,0.227,0.15,0.098,0.041,0.023,24.472,13.304,17.56,6.932,2.399,6.077,2.822,4.925,2.259,0.988,24.135,14.521,18.943,8.773,3.381,20.722,11.108,18.165,7.985,3.322,27.216,11.64,17.971,8.432,3.504
1761327861,2025-10-24,push,21.63,6.761,11.738,4.593,1.886,18.392,5.796,9.202,4.167,1.91,13.073,6.326,7.828,3.52,1.456,28.303,9.575,14.93,6.72,2.496,34.927,8.159,14.448,6.289,1.946,8.235,1.49,2.856,1.559,0.506,19.838,6.325,11.452,4.611,1.772,20.112,7.86,12.105,5.615,1.78,0.243,0.124,0.11,0.044,0.023,26.267,11.217,15.675,6.185,2.102,7.736,2.386,4.992,2.004,0.884,30.324,12.902,19.618,8.052,2.973,29.571,9.583,18.073,7.22,2.892,41.567,9.696,18.453,7.59,3.108
1761327862,2025-10-24,push,33.906,6.011,11.684,4.06,1.561,27.111,5.08,9.086,3.499,1.646,17.977,5.627,7.919,3.167,1.183,37.538,8.697,14.696,6.127,2.109,32.027,6.736,14.041,5.582,1.574,7.713,1.247,2.774,1.395,0.429,24.731,5.4,10.922,3.988,1.494,25.862,7.198,11.56,4.724,1.508,0.279,0.092,0.123,0.048,0.022,30.655,8.887,13.298,5.305,1.747,10.974,2.088,4.81,1.728,0.736,41.3,11.95,19.234,7.245,2.43,44.449,8.248,17.071,6.26,2.323,67.43,8.011,18.215,6.596,2.558
1761327862,2025-10-24,neutral,50.366,5.578,11,3.592,1.223,38.919,4.708,8.472,2.959,1.341,25.061,5.358,7.594,2.911,0.899,50.147,8.48,13.705,5.606,1.701,33.861,6.323,12.876,4.993,1.253,8.355,1.239,2.563,1.25,0.353,30.94,5.138,9.834,3.492,1.202,33.303,7.089,10.434,3.945,1.225,0.31,0.064,0.132,0.052,0.021,36.204,6.969,10.883,4.607,1.414,14.154,2.008,4.396,1.52,0.581,56.26,12.032,17.81,6.64,1.881,63.953,7.586,15.323,5.412,1.755,102.442,6.982,17.212,5.782,1.982
1761327862,2025-10-24,neutral,66.121,5.368,9.705,3.25,0.924,50.364,4.663,7.402,2.626,1.05,32.345,5.409,6.844,2.767,0.654,62.215,8.835,12.03,5.201,1.331,37.994,6.725,11.07,4.527,1.025,9.317,1.411,2.229,1.132,0.287,36.273,5.41,8.313,3.166,0.938,39.931,7.364,8.862,3.383,0.974,0.338,0.043,0.134,0.054,0.019,40.331,5.755,8.671,4.197,1.149,17.482,2.077,3.769,1.399,0.443,70.538,12.762,15.489,6.268,1.41,82.39,7.593,13.031,4.784,1.279,137.333,6.533,15.428,5.24,1.469
1761327862,2025-10-24,neutral,76.523,5.157,7.94,2.973,0.685,58.379,4.72,5.987,2.438,0.803,37.896,5.462,5.715,2.643,0.471,70.746,9.286,9.815,4.801,1.023,42.486,7.287,8.804,4.055,0.887,10.425,1.602,1.795,1.013,0.233,39.569,5.776,6.538,2.917,0.72,44.085,7.592,7.012,2.979,0.767,0.339,0.03,0.125,0.053,0.018,41.63,5.14,6.692,3.96,0.963,18.937,2.164,2.992,1.319,0.333,80.764,13.313,12.501,5.94,1.041,95.083,7.868,10.401,4.289,0.922,161.949,6.286,12.911,4.838,1.054
1761327862,2025-10-24,neutral,77.443,4.766,5.98,2.641,0.505,59.178,4.617,4.409,2.256,0.61,39.331,5.227,4.352,2.419,0.345,71.578,9.288,7.312,4.242,0.775,43.42,7.384,6.343,3.434,0.817,10.461,1.672,1.308,0.861,0.193,38.655,5.796,4.738,2.606,0.551,43.529,7.359,5.098,2.588,0.596,0.326,0.023,0.108,0.048,0.018,38.824,4.814,4.895,3.684,0.844,18.804,2.11,2.159,1.21,0.252,82.102,12.954,9.211,5.401,0.763,96.428,7.896,7.683,3.749,0.668,166.768,5.905,9.885,4.349,0.735
1761327862,2025-10-24,neutral,68.954,4.229,4.182,2.186,0.375,52.888,4.262,2.914,1.975,0.468,36.277,4.661,2.99,2.035,0.264,64.621,8.65,4.891,3.457,0.583,38.714,6.891,4.062,2.648,0.794,9.339,1.585,0.845,0.669,0.163,34.287,5.318,3.155,2.161,0.425,38.596,6.578,3.373,2.115,0.458,0.296,0.022,0.091,0.042,0.021,32.702,4.598,3.33,3.248,0.78,16.375,1.88,1.4,1.035,0.194,74.639,11.584,6.107,4.535,0.56,86.569,7.466,5.209,3.063,0.489,150.103,5.402,6.81,3.64,0.502
1761327862,2025-10-24,neutral,53.223,3.592,2.847,1.64,0.286,40.299,3.63,1.725,1.589,0.372,28.888,3.849,1.867,1.535,0.214,50.39,7.37,2.898,2.539,0.441,29.479,5.821,2.289,1.819,0.8,7.046,1.348,0.48,0.468,0.145,26.419,4.381,1.965,1.62,0.336,29.615,5.365,2.038,1.574,0.35,0.267,0.027,0.077,0.037,0.026,24.253,4.287,2.126,2.674,0.757,12.695,1.501,0.818,0.81,0.156,58.802,9.454,3.629,3.444,0.42,66.916,6.514,3.293,2.277,0.364,115.938,4.772,4.196,2.759,0.343
1761327862,2025-10-24,neutral,36.23,2.986,2.067,1.102,0.23,26.482,2.831,0.949,1.166,0.319,20.207,2.993,1.102,1.028,0.184,34.5,5.714,1.514,1.672,0.349,18.69,4.412,1.17,1.111,0.821,4.523,1.02,0.246,0.294,0.138,18.416,3.227,1.204,1.087,0.277,20.07,4.042,1.162,1.055,0.28,0.248,0.038,0.069,0.035,0.032,16.269,3.935,1.348,2.08,0.767,8.782,1.098,0.44,0.581,0.135,41.006,7.137,1.975,2.35,0.34,45.231,5.27,2.076,1.522,0.287,76.853,4.135,2.362,1.868,0.253
1761327863,2025-10-24,neutral,22.085,2.551,1.75,0.68,0.202,14.52,2.071,0.569,0.8,0.31,12.087,2.297,0.693,0.626,0.174,20.288,4.121,0.759,1.024,0.305,10.485,3.105,0.65,0.629,0.858,2.552,0.713,0.138,0.175,0.148,11.326,2.202,0.816,0.667,0.242,11.567,2.966,0.718,0.658,0.251,0.234,0.05,0.066,0.035,0.038,10.089,3.73,1,1.611,0.8,5.551,0.804,0.25,0.397,0.129,24.759,5.234,1.134,1.477,0.319,26.07,4.125,1.54,0.941,0.256,42.903,3.69,1.392,1.149,0.23
1761327863,2025-10-24,neutral,12.941,2.299,1.671,0.415,0.195,6.671,1.462,0.472,0.542,0.338,6.301,1.839,0.542,0.379,0.184,10.468,2.876,0.481,0.643,0.296,5.019,2.142,0.526,0.381,0.911,1.24,0.491,0.115,0.11,0.178,6.61,1.504,0.655,0.403,0.222,5.702,2.31,0.579,0.419,0.253,0.217,0.06,0.062,0.035,0.04,6.418,3.713,0.988,1.32,0.836,3.428,0.687,0.193,0.281,0.132,13.291,4.061,0.906,0.909,0.342,13.021,3.36,1.496,0.583,0.26,20.267,3.494,1.11,0.677,0.257
1761327863,2025-10-24,neutral,8.537,2.155,1.616,0.281,0.199,3.153,1.094,0.539,0.388,0.386,3.235,1.57,0.534,0.267,0.21,5.543,2.067,0.462,0.471,0.305,2.523,1.572,0.573,0.298,0.976,0.618,0.365,0.128,0.085,0.228,4.169,1.172,0.583,0.277,0.209,2.618,2.014,0.618,0.313,0.268,0.196,0.064,0.055,0.034,0.039,5.041,3.803,1.195,1.16,0.852,2.331,0.723,0.218,0.223,0.138,7.296,3.54,1.069,0.607,0.388,6.311,3.033,1.728,0.409,0.284,9.568,3.471,1.238,0.421,0.311
1761327863,2025-10-24,neutral,6.704,2.056,1.481,0.223,0.21,2.244,1.018,0.707,0.308,0.44,2.045,1.394,0.605,0.232,0.244,3.773,1.642,0.537,0.414,0.314,1.791,1.289,0.652,0.305,1.038,0.412,0.308,0.149,0.081,0.289,3.137,1.11,0.564,0.243,0.2,1.383,1.89,0.794,0.292,0.281,0.174,0.062,0.047,0.031,0.036,5.051,3.857,1.535,1.049,0.834,1.853,0.833,0.3,0.2,0.142,5.067,3.375,1.488,0.465,0.433,3.631,3.051,2.07,0.344,0.311,6.107,3.527,1.53,0.302,0.37
1761327863,2025-10-24,neutral,5.495,1.947,1.279,0.196,0.222,2.353,1.172,0.932,0.272,0.483,1.771,1.207,0.72,0.214,0.275,3.372,1.395,0.62,0.4,0.315,1.728,1.099,0.71,0.359,1.08,0.384,0.27,0.171,0.087,0.346,2.966,1.153,0.595,0.26,0.195,1.115,1.738,1.098,0.31,0.286,0.164,0.056,0.04,0.028,0.033,5.794,3.701,1.943,0.932,0.787,1.595,0.92,0.427,0.186,0.141,4.696,3.182,2.047,0.391,0.464,2.688,3.155,2.411,0.332,0.332,5.118,3.483,1.831,0.245,0.412
1761327863,2025-10-24,neutral,4.686,1.839,1.046,0.184,0.237,2.538,1.452,1.156,0.256,0.502,1.784,0.994,0.825,0.187,0.294,3.151,1.215,0.661,0.392,0.305,1.688,0.903,0.729,0.429,1.083,0.386,0.225,0.193,0.096,0.383,3.056,1.212,0.662,0.292,0.195,1.132,1.507,1.479,0.332,0.283,0.175,0.05,0.037,0.026,0.033,6.573,3.259,2.346,0.805,0.729,1.376,0.925,0.566,0.172,0.137,4.958,2.785,2.551,0.331,0.475,2.282,3.154,2.612,0.34,0.343,4.559,3.254,2.006,0.21,0.426
1761327863,2025-10-24,neutral,4.177,1.903,0.836,0.197,0.253,2.713,1.796,1.337,0.257,0.493,1.818,0.827,0.887,0.157,0.295,2.83,1.135,0.654,0.385,0.284,1.575,0.74,0.727,0.5,1.039,0.391,0.182,0.217,0.107,0.39,3.278,1.282,0.744,0.322,0.198,1.195,1.276,1.868,0.34,0.277,0.204,0.049,0.037,0.024,0.035,7.006,2.712,2.72,0.697,0.676,1.166,0.868,0.684,0.156,0.132,5.13,2.316,2.864,0.28,0.468,1.958,3.056,2.621,0.362,0.345,3.87,2.946,2.009,0.2,0.409
1761327863,2025-10-24,neutral,4.314,2.22,0.688,0.247,0.27,2.756,2.097,1.438,0.269,0.454,1.893,0.732,0.883,0.136,0.277,2.588,1.151,0.61,0.385,0.261,1.504,0.644,0.723,0.553,0.948,0.413,0.151,0.241,0.118,0.368,3.475,1.335,0.816,0.341,0.203,1.32,1.116,2.174,0.329,0.269,0.247,0.056,0.041,0.024,0.04,7.255,2.301,3.042,0.634,0.634,1.001,0.788,0.755,0.144,0.127,5.274,1.891,2.896,0.251,0.449,1.874,2.896,2.449,0.399,0.345,3.402,2.648,1.846,0.229,0.374
1761327864,2025-10-24,neutral,4.863,2.707,0.628,0.336,0.286,2.842,2.245,1.456,0.289,0.398,1.894,0.685,0.817,0.134,0.248,2.55,1.194,0.558,0.393,0.247,1.578,0.612,0.729,0.573,0.826,0.472,0.133,0.259,0.13,0.323,3.442,1.329,0.857,0.347,0.209,1.417,1.066,2.331,0.306,0.26,0.289,0.071,0.05,0.027,0.044,7.48,2.189,3.288,0.629,0.6,0.91,0.702,0.769,0.141,0.124,5.146,1.554,2.662,0.258,0.429,1.955,2.685,2.198,0.451,0.353,3.183,2.385,1.599,0.306,0.339
1761327864,2025-10-24,neutral,5.608,3.178,0.67,0.449,0.301,2.852,2.175,1.414,0.311,0.342,1.892,0.647,0.718,0.154,0.217,2.84,1.184,0.529,0.412,0.252,1.809,0.607,0.74,0.553,0.696,0.557,0.122,0.264,0.142,0.271,3.306,1.231,0.853,0.342,0.213,1.501,1.109,2.309,0.285,0.25,0.322,0.091,0.062,0.033,0.048,8.036,2.365,3.434,0.7,0.57,0.889,0.61,0.74,0.153,0.127,4.956,1.303,2.26,0.314,0.415,2.303,2.423,1.976,0.52,0.375,3.381,2.156,1.377,0.428,0.327
1761327864,2025-10-24,neutral,6.194,3.455,0.814,0.559,0.314,2.875,1.907,1.357,0.336,0.305,1.871,0.599,0.632,0.193,0.192,3.368,1.093,0.546,0.447,0.277,2.098,0.59,0.751,0.504,0.588,0.648,0.116,0.253,0.152,0.224,3.247,1.052,0.801,0.33,0.215,1.534,1.208,2.134,0.279,0.241,0.333,0.11,0.075,0.042,0.05,8.803,2.659,3.497,0.871,0.547,0.919,0.508,0.689,0.177,0.134,4.75,1.138,1.84,0.417,0.411,2.769,2.14,1.881,0.598,0.412,3.843,1.965,1.276,0.577,0.348
1761327864,2025-10-24,neutral,6.425,3.585,1.064,0.637,0.325,2.789,1.568,1.31,0.362,0.294,1.933,0.607,0.606,0.243,0.176,4.055,1.059,0.616,0.505,0.316,3.054,0.594,0.812,0.506,0.525,0.886,0.128,0.237,0.166,0.191,3.893,0.989,0.698,0.318,0.217,1.62,1.346,1.836,0.295,0.236,0.324,0.124,0.086,0.054,0.051,9.645,2.913,3.515,1.155,0.535,0.966,0.432,0.651,0.207,0.144,4.761,1.172,1.541,0.561,0.415,3.31,2.002,1.969,0.673,0.459,4.474,1.978,1.352,0.722,0.398
1761327864,2025-10-24,neutral,6.79,3.885,1.439,0.676,0.338,3.066,1.5,1.341,0.398,0.308,2.45,0.936,0.694,0.307,0.176,5.501,1.581,0.803,0.6,0.368,45.218,6.502,4.3,2.193,0.704,14.073,1.569,0.766,0.407,0.205,8.437,1.919,0.728,0.351,0.23,2.327,1.763,1.524,0.339,0.242,0.301,0.133,0.091,0.066,0.052,10.562,3.382,3.6,1.533,0.546,1.237,0.536,0.657,0.237,0.16,5.782,1.964,1.504,0.736,0.437,4.564,2.554,2.294,0.745,0.517,5.88,2.71,1.666,0.85,0.475
1761327864,2025-10-24,neutral,7.903,4.782,1.967,0.69,0.367,4.423,2.062,1.528,0.459,0.337,3.919,1.91,0.951,0.391,0.198,8.781,3.27,1.22,0.745,0.437,262.809,43.41,24.752,11.124,1.759,88.465,10.754,4.042,1.54,0.371,23.685,4.908,1.189,0.489,0.275,4.471,2.804,1.348,0.419,0.272,0.285,0.138,0.09,0.077,0.051,11.814,4.476,3.883,1.947,0.587,1.932,1.003,0.743,0.263,0.187,8.766,4.206,1.863,0.936,0.491,7.698,4.398,2.915,0.828,0.592,9.076,4.759,2.284,0.969,0.58
1761327864,2025-10-24,neutral,10.634,6.509,2.598,0.699,0.42,7.275,3.36,1.886,0.55,0.37,6.761,3.664,1.364,0.5,0.243,14.726,6.352,1.906,0.933,0.522,820.752,141.253,77.5,33.725,4.411,266.648,38.546,13.335,4.281,0.82,57.412,10.393,2.251,0.775,0.366,8.705,4.609,1.388,0.534,0.328,0.288,0.141,0.084,0.084,0.049,13.935,6.415,4.372,2.31,0.655,3.336,1.893,0.911,0.285,0.227,14.567,8.156,2.603,1.145,0.584,13.697,7.75,3.791,0.934,0.687,15.05,8.361,3.149,1.095,0.706
1761327865,2025-10-24,neutral,14.127,3.596,1.868,0.769,0.192,11.44,1.889,0.424,0.682,0.238,5.628,2.552,0.975,0.569,0.185,7.432,2.163,0.862,0.781,0.267,1278.715,173.285,80.896,31.106,3.838,578.924,95.107,25.784,4.488,0.892,47.587,4.71,2.639,0.752,0.214,3.529,2.487,2.396,0.664,0.227,0.116,0.032,0.019,0.033,0.042,5.431,4.637,3.815,1.615,0.574,2.341,1.739,0.96,0.273,0.208,8.525,5.913,3.546,1.243,0.419,23.049,7.377,4.274,1.109,0.443,44.009,7.555,4.173,1.306,0.349
1761327866,2025-10-24,neutral,13.304,2.644,1.661,0.751,0.181,11.673,1.621,0.373,0.644,0.235,5.015,1.753,0.929,0.534,0.188,6.269,1.423,0.723,0.825,0.265,535.945,63.441,27.073,9.946,1.374,276.156,40.44,10.513,1.776,0.366,23.174,2.377,1.674,0.554,0.182,2.098,1.734,2.538,0.648,0.215,0.114,0.031,0.019,0.032,0.034,5.184,4.757,4.577,1.839,0.521,1.952,1.456,0.945,0.299,0.2,6.811,4.184,3.613,1.275,0.419,22.181,6.113,4.128,1.098,0.431,43.906,5.848,3.886,1.262,0.327
1761327866,2025-10-24,neutral,11.785,2.13,1.378,0.727,0.191,11.328,1.512,0.422,0.602,0.235,4.779,1.327,0.856,0.498,0.195,6.078,1.324,0.658,0.87,0.283,171.767,15.978,5.558,1.945,0.446,102.82,11.937,2.968,0.594,0.139,12.304,1.409,1.05,0.45,0.174,1.763,1.326,2.491,0.613,0.208,0.126,0.033,0.018,0.029,0.027,5.899,5.204,5.302,2.126,0.49,1.777,1.232,0.879,0.323,0.195,6.028,3.187,3.437,1.262,0.424,20.107,5.176,3.743,1.07,0.422,39.363,4.587,3.334,1.187,0.327
1761327866,2025-10-24,neutral,9.202,1.791,1.046,0.687,0.211,9.548,1.352,0.497,0.552,0.235,4.109,1.069,0.731,0.454,0.195,5.341,1.364,0.585,0.883,0.302,45.958,3.343,0.973,0.543,0.28,27.831,2.083,0.573,0.246,0.081,7.232,1.028,0.668,0.393,0.174,1.549,1.07,2.261,0.552,0.199,0.124,0.033,0.016,0.025,0.022,6.555,5.662,5.78,2.431,0.483,1.411,0.982,0.766,0.337,0.182,4.947,2.532,3.013,1.18,0.417,15.927,4.325,3.156,1.025,0.413,30.271,3.464,2.611,1.079,0.332
1761327866,2025-10-24,neutral,7.136,1.607,0.753,0.635,0.236,7.329,1.155,0.596,0.5,0.236,3.373,0.935,0.603,0.407,0.189,4.44,1.406,0.531,0.86,0.318,14.024,0.777,0.486,0.46,0.267,4.232,0.32,0.189,0.159,0.076,4.037,0.914,0.501,0.357,0.172,1.397,0.935,1.963,0.479,0.191,0.115,0.031,0.015,0.021,0.019,6.749,6.03,5.925,2.701,0.501,1.04,0.734,0.664,0.339,0.165,3.887,2.155,2.538,1.042,0.399,11.748,3.824,2.585,0.993,0.428,20.88,2.673,1.945,0.959,0.338
1761327866,2025-10-24,neutral,8.548,1.794,0.573,0.583,0.266,5.537,0.999,0.759,0.462,0.237,2.904,0.926,0.527,0.369,0.183,4.035,1.475,0.552,0.812,0.332,6.854,0.786,0.599,0.438,0.262,1.381,0.231,0.234,0.144,0.08,1.985,0.952,0.49,0.333,0.171,1.391,0.936,1.729,0.418,0.189,0.098,0.029,0.015,0.017,0.019,6.486,6.282,5.729,2.877,0.537,0.802,0.553,0.621,0.33,0.147,3.473,2.099,2.208,0.892,0.385,10.307,4.012,2.209,1.01,0.486,16.965,2.641,1.519,0.858,0.349
1761327866,2025-10-24,neutral,15.043,2.854,0.572,0.562,0.309,5.039,1.114,1.05,0.456,0.245,3.057,1.184,0.557,0.357,0.191,4.657,1.889,0.737,0.779,0.36,8.761,1.106,0.857,0.446,0.269,1.616,0.327,0.313,0.14,0.087,1.428,1.26,0.615,0.34,0.182,1.809,1.229,1.696,0.403,0.204,0.08,0.028,0.016,0.016,0.02,5.956,6.452,5.366,2.948,0.594,0.903,0.545,0.687,0.32,0.144,4.102,2.671,2.212,0.795,0.396,12.637,5.252,2.177,1.104,0.602,21.407,4.079,1.521,0.822,0.379
1761327866,2025-10-24,neutral,26.436,5.425,0.91,0.655,0.395,6.692,1.922,1.583,0.533,0.285,4.387,2.121,0.821,0.433,0.244,7.594,3.449,1.357,0.884,0.449,11.204,2.247,1.37,0.573,0.321,2.063,0.608,0.439,0.16,0.105,3.304,2.263,0.983,0.448,0.243,3.789,2.438,2.146,0.516,0.266,0.072,0.038,0.019,0.019,0.023,6.017,7.481,5.376,2.981,0.698,1.741,0.958,0.949,0.35,0.175,7.254,4.846,2.894,0.892,0.493,18.887,8.136,2.763,1.356,0.8,34.078,7.855,2.291,0.977,0.487
1761327866,2025-10-24,neutral,41.094,9.787,1.811,0.95,0.559,11.829,3.769,2.47,0.753,0.389,7.868,4.145,1.507,0.67,0.376,14.626,6.927,2.753,1.263,0.655,16.839,4.789,2.371,0.919,0.46,3.355,1.196,0.658,0.225,0.143,8.427,4.411,1.808,0.739,0.394,8.966,5.215,3.38,0.853,0.413,0.084,0.063,0.024,0.025,0.029,7.82,10.965,6.554,3.085,0.888,3.778,2.013,1.501,0.475,0.259,15.142,9.532,4.688,1.329,0.742,28.96,12.964,4.292,1.863,1.101,52.997,14.309,4.209,1.466,0.743
1761327867,2025-10-24,neutral,56.113,15.434,3.349,1.469,0.81,20.955,6.586,3.688,1.14,0.568,14.016,7.258,2.68,1.098,0.594,26.916,12.346,5.018,1.964,0.993,26.321,8.789,3.937,1.516,0.702,5.367,2.101,0.979,0.344,0.206,16.887,7.778,3.127,1.242,0.647,18.502,9.655,5.431,1.444,0.656,0.131,0.104,0.033,0.034,0.037,12.2,17.915,9.335,3.357,1.176,7.237,3.698,2.349,0.717,0.397,29.16,16.704,7.675,2.155,1.161,41.914,19.252,6.801,2.653,1.49,74.666,22.666,7.296,2.339,1.169
1761327867,2025-10-24,neutral,67.555,21.085,5.31,2.118,1.107,32.748,9.8,5.024,1.64,0.798,21.973,10.885,4.178,1.651,0.861,42.967,18.693,7.811,2.876,1.409,37.74,13.58,5.835,2.269,1.009,8.077,3.166,1.354,0.5,0.287,28.531,11.753,4.737,1.89,0.964,31.36,14.995,7.951,2.202,0.96,0.206,0.151,0.043,0.043,0.043,20.012,27.834,13.427,3.808,1.523,11.631,5.684,3.355,1.043,0.56,47.658,24.994,11.384,3.243,1.685,55.325,25.67,9.882,3.621,1.903,94.025,31.005,11.014,3.462,1.702
1761327867,2025-10-24,neutral,73.639,25.071,7.196,2.719,1.371,44.104,12.465,6.111,2.123,1.019,29.725,14.004,5.601,2.183,1.106,58.717,24.154,10.38,3.753,1.789,50.057,17.825,7.566,2.975,1.301,10.732,4.099,1.683,0.647,0.366,40.004,15.218,6.209,2.522,1.258,44.206,19.783,10.237,2.935,1.248,0.29,0.191,0.053,0.051,0.048,31.646,38.641,17.698,4.336,1.85,15.785,7.406,4.242,1.364,0.701,65.904,32.033,14.802,4.311,2.173,66.173,30.371,12.691,4.531,2.236,106.451,36.795,14.335,4.546,2.2
1761327867,2025-10-24,neutral,74.42,25.94,8.394,3.072,1.515,51.802,13.715,6.602,2.43,1.159,35.089,15.587,6.5,2.515,1.25,69.814,26.928,11.903,4.299,2.008,56.184,20.157,8.579,3.399,1.484,12.28,4.589,1.86,0.734,0.418,47.827,17.017,7.069,2.942,1.435,53.396,22.454,11.545,3.413,1.428,0.354,0.21,0.06,0.056,0.051,46.742,47.274,20.668,4.741,2.059,18.483,8.285,4.714,1.569,0.773,78.737,35.476,16.826,5.012,2.466,71.088,31.796,14.318,5.094,2.385,108.166,38.107,16.198,5.242,2.503
1761327867,2025-10-24,neutral,74.383,23.556,8.479,3.049,1.486,52.764,13.102,6.312,2.445,1.167,35.88,15.086,6.551,2.525,1.243,71.835,26.035,11.834,4.312,1.989,56.967,19.762,8.483,3.388,1.497,12.447,4.46,1.809,0.728,0.425,49.474,16.48,7.005,3.007,1.433,55.245,22.061,11.382,3.465,1.437,0.374,0.202,0.062,0.058,0.051,62.15,50.962,21.189,4.81,2.083,18.634,8.014,4.584,1.574,0.749,81.134,34.114,16.721,5.092,2.46,68.135,29.381,14.146,5.096,2.288,98.362,34.49,15.945,5.298,2.504
1761327867,2025-10-24,neutral,78.381,18.976,7.396,2.651,1.291,46.969,10.826,5.3,2.147,1.039,32.162,12.672,5.705,2.2,1.089,64.609,21.767,10.156,3.78,1.742,48.566,16.726,7.317,2.935,1.34,10.694,3.73,1.541,0.624,0.385,43.941,13.739,6.025,2.692,1.254,49.615,18.702,9.736,3.065,1.272,0.343,0.169,0.06,0.056,0.051,74.331,48.445,19.005,4.432,1.909,16.383,6.686,3.87,1.372,0.638,72.835,28.382,14.437,4.508,2.156,57.882,23.787,12.14,4.496,1.964,79.669,27.134,13.601,4.675,2.205
1761327867,2025-10-24,neutral,89.359,13.955,5.519,2.012,0.992,35.701,7.678,3.875,1.632,0.819,24.699,9.201,4.256,1.65,0.844,49.761,15.623,7.448,2.883,1.352,40.132,12.823,5.987,2.478,1.124,8.84,2.793,1.253,0.517,0.325,33.661,9.728,4.48,2.109,0.962,37.869,13.584,7.149,2.348,0.988,0.27,0.124,0.054,0.052,0.051,79.225,40.667,14.893,3.656,1.587,12.285,4.773,2.81,1.032,0.479,55.855,20.287,10.729,3.457,1.664,42.669,16.72,8.94,3.459,1.501,56.517,18.415,9.954,3.58,1.711
1761327867,2025-10-24,neutral,104.367,10.025,3.455,1.336,0.683,23.068,4.641,2.433,1.064,0.578,16.338,5.78,2.666,1.059,0.588,32.668,9.541,4.56,1.914,0.943,38.477,12.828,6.925,3.284,1.139,8.339,2.682,1.48,0.673,0.316,21.455,5.71,2.889,1.445,0.654,24.456,8.369,4.429,1.547,0.678,0.182,0.082,0.047,0.046,0.051,75.306,30.102,10.197,2.687,1.21,7.899,2.872,1.732,0.669,0.322,36.434,12.354,6.741,2.289,1.145,26.864,10.123,5.536,2.306,1.023,34.55,10.741,6.125,2.373,1.184
1761327868,2025-10-24,neutral,117.63,7.805,1.773,0.807,0.439,11.908,2.43,1.313,0.609,0.382,8.937,3.259,1.371,0.598,0.387,17.453,5.042,2.264,1.146,0.616,61.702,21.755,12.671,6.663,1.691,13.259,4.472,2.767,1.369,0.436,11.383,2.702,1.698,0.882,0.411,12.717,4.443,2.325,0.894,0.422,0.104,0.055,0.041,0.04,0.049,63.493,19.751,6.269,1.796,0.865,4.237,1.446,0.928,0.393,0.208,19.422,6.538,3.533,1.354,0.735,13.709,5.369,2.833,1.371,0.642,17.258,5.575,3.094,1.407,0.761
1761327868,2025-10-24,neutral,121.47,6.94,0.763,0.506,0.296,4.874,1.261,0.66,0.351,0.263,4.304,1.929,0.592,0.347,0.271,7.73,2.661,0.927,0.704,0.414,107.727,41.243,24.043,12.928,2.878,22.777,8.508,5.282,2.67,0.711,4.899,1.089,1.092,0.517,0.266,5.381,2.388,1.187,0.505,0.262,0.054,0.047,0.037,0.034,0.046,47.366,11.917,3.825,1.164,0.612,2.143,0.666,0.513,0.253,0.15,8.826,3.525,1.624,0.826,0.491,5.635,2.867,1.281,0.839,0.41,6.775,3.103,1.319,0.86,0.505
1761327868,2025-10-24,neutral,112.66,6.518,0.369,0.403,0.235,1.566,0.871,0.408,0.273,0.212,2.157,1.507,0.281,0.277,0.223,3.249,1.925,0.43,0.541,0.315,172.82,67.454,38.864,20.875,4.464,36.599,13.958,8.535,4.328,1.088,2.315,0.595,0.938,0.339,0.206,2.131,1.877,0.877,0.355,0.187,0.034,0.054,0.037,0.029,0.042,30.743,7.204,2.734,0.834,0.46,1.357,0.402,0.421,0.229,0.135,4.291,2.674,0.864,0.66,0.383,2.437,2.042,0.725,0.679,0.313,2.302,2.456,0.646,0.685,0.393
1761327868,2025-10-24,neutral,91.369,5.728,0.312,0.402,0.211,0.821,0.832,0.373,0.29,0.193,1.592,1.477,0.226,0.294,0.204,2.243,1.952,0.375,0.514,0.264,232.24,92.233,52.775,28.121,5.951,48.889,19.092,11.582,5.849,1.447,1.737,0.61,0.943,0.275,0.184,1.361,2.108,0.965,0.33,0.158,0.034,0.068,0.039,0.028,0.039,17.373,4.89,2.324,0.742,0.382,1.292,0.39,0.48,0.264,0.136,3.515,2.794,0.71,0.675,0.334,2.17,2.007,0.674,0.721,0.284,1.667,2.59,0.549,0.698,0.349
1761327868,2025-10-24,neutral,63.107,4.464,0.335,0.418,0.191,0.748,0.877,0.393,0.322,0.178,1.375,1.472,0.235,0.313,0.184,2.159,2.12,0.406,0.502,0.221,268.475,106.744,60.909,32.15,6.798,56.547,22.066,13.361,6.708,1.657,1.702,0.676,0.876,0.249,0.167,1.178,2.399,1.061,0.326,0.14,0.047,0.079,0.042,0.03,0.038,9.008,3.881,2.026,0.787,0.344,1.313,0.448,0.54,0.305,0.134,3.582,3.035,0.688,0.701,0.29,2.488,2.164,0.725,0.791,0.271,1.917,2.841,0.6,0.725,0.315
1761327868,2025-10-24,neutral,35.726,3.178,0.347,0.425,0.17,0.697,0.946,0.417,0.34,0.163,1.135,1.405,0.252,0.313,0.162,2.046,2.233,0.435,0.47,0.187,266.813,105.817,60.295,31.537,6.697,56.036,21.839,13.246,6.605,1.639,1.619,0.695,0.72,0.236,0.151,0.997,2.516,1.053,0.312,0.126,0.066,0.084,0.048,0.037,0.039,5.605,3.553,1.745,0.877,0.332,1.218,0.538,0.557,0.335,0.128,3.504,3.17,0.678,0.685,0.25,2.642,2.273,0.767,0.821,0.259,2.069,2.987,0.675,0.713,0.283
1761327868,2025-10-24,neutral,16.147,2.196,0.342,0.421,0.151,0.709,1.016,0.425,0.336,0.15,0.996,1.295,0.269,0.295,0.146,1.963,2.263,0.451,0.427,0.17,228.555,89.816,51.122,26.515,5.679,48.046,18.505,11.271,5.579,1.4,1.471,0.681,0.521,0.23,0.139,0.934,2.425,0.935,0.3,0.116,0.092,0.08,0.056,0.047,0.04,5.215,3.697,1.501,0.935,0.334,1.203,0.67,0.524,0.348,0.122,3.446,3.176,0.647,0.625,0.229,2.831,2.287,0.764,0.79,0.246,2.206,2.984,0.73,0.66,0.257
1761327868,2025-10-24,neutral,5.778,1.657,0.334,0.408,0.138,0.685,1.075,0.413,0.311,0.142,0.89,1.17,0.288,0.269,0.141,1.845,2.193,0.458,0.394,0.171,166.114,64.466,36.687,18.848,4.101,34.938,13.28,8.155,3.99,1.022,1.273,0.647,0.326,0.235,0.132,0.948,2.147,0.742,0.311,0.112,0.118,0.068,0.062,0.06,0.041,6.075,3.964,1.301,0.928,0.346,1.098,0.832,0.453,0.343,0.12,3.23,3.046,0.584,0.544,0.232,2.829,2.203,0.712,0.707,0.234,2.172,2.843,0.738,0.585,0.237
1761327869,2025-10-24,neutral,1.931,1.528,0.341,0.394,0.136,0.716,1.133,0.393,0.276,0.142,0.847,1.095,0.316,0.249,0.15,1.713,2.056,0.48,0.391,0.188,100.62,38.074,21.682,11.015,2.474,21.291,7.876,4.9,2.353,0.63,1.124,0.608,0.194,0.256,0.132,1.089,1.752,0.547,0.363,0.117,0.138,0.052,0.066,0.073,0.04,7.463,4.12,1.177,0.871,0.385,1.013,1.002,0.365,0.325,0.125,2.916,2.841,0.51,0.477,0.257,2.676,2.099,0.639,0.603,0.23,2.023,2.684,0.704,0.515,0.226
1761327869,2025-10-24,neutral,1.375,1.73,0.383,0.388,0.148,0.908,1.221,0.388,0.243,0.153,0.988,1.157,0.36,0.247,0.17,1.865,1.94,0.529,0.427,0.213,49.33,17.671,10.135,5.047,1.228,10.631,3.734,2.382,1.096,0.331,1.164,0.585,0.167,0.296,0.137,1.448,1.339,0.432,0.457,0.135,0.148,0.037,0.066,0.084,0.039,8.946,4.049,1.157,0.796,0.473,1.015,1.164,0.288,0.304,0.136,2.895,2.713,0.46,0.454,0.296,2.747,2.13,0.591,0.52,0.245,2.17,2.711,0.664,0.476,0.227
1761327869,2025-10-24,neutral,1.528,2.166,0.491,0.396,0.177,1.296,1.364,0.426,0.225,0.178,1.279,1.406,0.432,0.265,0.197,2.332,1.945,0.628,0.493,0.241,18.525,6.282,3.671,1.729,0.537,4.181,1.44,0.949,0.388,0.168,1.343,0.595,0.263,0.35,0.144,1.975,0.992,0.455,0.572,0.163,0.147,0.028,0.061,0.088,0.036,10.012,3.779,1.259,0.736,0.613,1.097,1.301,0.259,0.285,0.148,3.158,2.82,0.5,0.481,0.34,3.11,2.405,0.642,0.483,0.284,2.612,3.088,0.72,0.478,0.246
1761327869,2025-10-24,neutral,1.901,2.805,0.674,0.418,0.221,1.857,1.552,0.521,0.229,0.214,1.68,1.812,0.539,0.296,0.225,3.076,2.116,0.799,0.566,0.27,6.362,2.47,1.394,0.547,0.3,1.649,0.672,0.425,0.128,0.116,1.616,0.659,0.464,0.402,0.15,2.55,0.769,0.619,0.673,0.197,0.139,0.025,0.054,0.086,0.034,10.474,3.46,1.462,0.723,0.785,1.256,1.4,0.299,0.271,0.158,3.665,3.23,0.681,0.54,0.38,3.829,2.917,0.855,0.498,0.343,3.387,3.817,0.976,0.515,0.281
1761327869,2025-10-24,neutral,2.434,3.467,0.92,0.451,0.268,2.501,1.738,0.664,0.259,0.254,2.119,2.256,0.675,0.33,0.246,3.958,2.406,1.039,0.622,0.297,3.776,2.376,1.154,0.366,0.277,1.065,0.624,0.351,0.083,0.117,1.891,0.777,0.72,0.435,0.151,3.061,0.678,0.874,0.729,0.227,0.125,0.028,0.045,0.076,0.032,10.377,3.197,1.746,0.792,0.941,1.455,1.442,0.405,0.262,0.162,4.247,3.839,1,0.607,0.408,4.771,3.507,1.222,0.554,0.404,4.364,4.701,1.449,0.578,0.324
1761327869,2025-10-24,neutral,2.937,3.916,1.183,0.487,0.307,3.089,1.868,0.823,0.307,0.289,2.527,2.588,0.811,0.355,0.257,4.785,2.72,1.309,0.649,0.317,4.265,2.876,1.291,0.349,0.282,1.145,0.673,0.374,0.076,0.122,2.106,0.941,0.967,0.433,0.148,3.415,0.711,1.135,0.723,0.244,0.109,0.031,0.036,0.061,0.029,10.069,3.059,2.114,0.958,1.035,1.635,1.413,0.542,0.256,0.159,4.742,4.432,1.397,0.659,0.418,5.657,3.946,1.661,0.631,0.448,5.386,5.433,2.057,0.65,0.364
1761327869,2025-10-24,neutral,3.262,3.956,1.409,0.522,0.326,3.462,1.888,0.959,0.362,0.314,2.821,2.676,0.917,0.371,0.256,5.317,2.914,1.546,0.66,0.327,4.607,3.172,1.338,0.34,0.275,1.195,0.689,0.377,0.074,0.121,2.171,1.101,1.133,0.403,0.139,3.55,0.804,1.308,0.668,0.244,0.092,0.032,0.028,0.045,0.025,10.031,3.042,2.561,1.214,1.043,1.723,1.297,0.659,0.251,0.149,4.998,4.726,1.767,0.697,0.413,6.132,4.035,2.048,0.714,0.464,6.204,5.706,2.642,0.725,0.391
1761327869,2025-10-24,neutral,3.397,3.656,1.635,0.557,0.323,3.645,1.841,1.081,0.412,0.326,3.054,2.568,1.029,0.39,0.25,5.595,3.014,1.778,0.696,0.326,4.814,3.194,1.257,0.354,0.26,1.166,0.675,0.344,0.08,0.115,2.176,1.26,1.169,0.369,0.13,3.601,0.992,1.349,0.604,0.231,0.077,0.03,0.022,0.029,0.021,10.563,3.291,3.101,1.525,0.972,1.732,1.146,0.732,0.252,0.137,5.177,4.726,2.114,0.748,0.401,6.226,3.833,2.366,0.808,0.453,6.912,5.528,3.177,0.813,0.4
1761327870,2025-10-24,neutral,3.529,3.623,1.955,0.62,0.304,3.82,2.121,1.269,0.474,0.327,3.404,2.699,1.231,0.439,0.246,5.949,3.674,2.19,0.834,0.322,5.225,3.486,1.291,0.441,0.251,1.21,0.754,0.325,0.105,0.108,2.411,1.809,1.237,0.394,0.129,3.83,1.695,1.403,0.598,0.215,0.068,0.03,0.019,0.019,0.016,11.939,4.328,3.752,1.854,0.859,1.722,1.173,0.781,0.271,0.127,5.679,5.161,2.58,0.886,0.397,6.247,4.082,2.717,0.959,0.432,7.697,5.748,3.764,0.964,0.401
1761327870,2025-10-24,neutral,4.676,4.883,2.5,0.775,0.291,4.765,3.363,1.622,0.608,0.342,4.748,3.773,1.628,0.569,0.264,7.926,5.978,3.019,1.19,0.347,6.808,4.905,1.704,0.681,0.269,1.472,1.103,0.376,0.167,0.108,4.039,3.373,1.588,0.575,0.154,5.353,3.517,1.7,0.747,0.219,0.069,0.036,0.019,0.014,0.013,15.96,6.773,4.538,2.196,0.763,2.122,1.68,0.864,0.334,0.133,8.312,7.244,3.386,1.237,0.433,7.629,6.096,3.286,1.275,0.445,10.113,7.924,4.595,1.283,0.428
1761327870,2025-10-24,neutral,9.138,8.342,3.307,1.089,0.319,7.984,6.101,2.165,0.878,0.404,8.66,6.363,2.25,0.83,0.328,14.303,10.862,4.333,1.847,0.446,12.485,8.045,2.63,1.149,0.346,2.741,1.835,0.535,0.278,0.123,8.844,6.439,2.387,0.999,0.227,9.91,6.887,2.401,1.128,0.269,0.084,0.053,0.023,0.015,0.011,24.422,11.005,5.443,2.582,0.744,3.582,2.892,1.029,0.461,0.163,16.23,12.033,4.619,1.908,0.553,13.179,11.068,4.179,1.869,0.549,18.169,13.565,5.762,1.874,0.528
1761327870,2025-10-24,neutral,19.118,14.097,4.257,1.579,0.416,14.643,10.3,2.804,1.305,0.537,16.325,10.459,2.997,1.225,0.451,27.08,18.251,5.918,2.779,0.652,23.429,12.837,3.954,1.847,0.503,5.201,2.914,0.79,0.434,0.157,17.891,10.892,3.562,1.669,0.359,18.545,11.653,3.451,1.737,0.379,0.112,0.084,0.032,0.02,0.012,38.457,16.776,6.342,3.04,0.839,6.597,4.755,1.268,0.651,0.224,31.826,19.592,6.107,2.885,0.782,25.248,19.109,5.282,2.752,0.778,35.85,23.014,7.1,2.74,0.735
1761327870,2025-10-24,neutral,34.732,20.874,5.097,2.164,0.579,24.402,15.113,3.35,1.824,0.731,27.27,15.187,3.669,1.69,0.619,45.347,26.668,7.331,3.817,0.951,40.09,18.156,5.318,2.662,0.728,9.027,4.087,1.065,0.608,0.207,30.336,15.813,4.793,2.468,0.535,30.466,16.904,4.565,2.457,0.535,0.152,0.121,0.043,0.027,0.014,56.466,22.998,7.022,3.542,1.043,11.024,6.837,1.513,0.866,0.306,54.27,28.42,7.453,3.984,1.101,43.754,28.543,6.279,3.77,1.112,64.005,34.372,8.219,3.732,1.035
1761327870,2025-10-24,neutral,54.171,26.617,5.545,2.684,0.774,35.269,19.184,3.61,2.292,0.943,39.279,19.13,4.045,2.103,0.792,65.051,33.712,8.088,4.69,1.28,59.777,22.302,6.309,3.391,0.975,13.427,4.989,1.278,0.758,0.26,43.312,19.769,5.654,3.181,0.714,42.841,21.211,5.376,3.09,0.7,0.196,0.156,0.054,0.033,0.017,74.001,27.9,7.282,3.987,1.301,15.941,8.503,1.678,1.048,0.388,79.137,35.936,8.231,4.903,1.436,65.808,36.612,6.821,4.65,1.477,99.795,44.424,8.7,4.585,1.361
1761327870,2025-10-24,neutral,72.821,29.487,5.436,2.967,0.944,44.024,21.26,3.496,2.553,1.107,49.048,21.019,4.004,2.336,0.919,80.352,37.142,7.918,5.124,1.547,78.483,23.758,6.609,3.809,1.177,17.593,5.3,1.358,0.837,0.299,53.031,21.479,5.816,3.583,0.845,52.051,23.291,5.607,3.43,0.824,0.233,0.179,0.059,0.039,0.022,86.269,29.938,6.994,4.235,1.534,20.015,9.223,1.694,1.141,0.446,99.751,39.703,8.205,5.345,1.688,85.959,40.825,6.696,5.117,1.771,135.572,50.152,8.301,5.026,1.62
1761327870,2025-10-24,neutral,86.527,28.65,4.786,2.917,1.036,48.435,20.741,3.052,2.518,1.167,53.991,20.298,3.559,2.319,0.957,86.94,35.943,6.894,4.986,1.671,90.807,22.111,6.198,3.787,1.275,20.062,4.945,1.306,0.823,0.311,56.713,20.459,5.233,3.547,0.889,55.543,22.643,5.234,3.367,0.867,0.258,0.183,0.06,0.042,0.026,88.902,28.64,6.152,4.168,1.667,22.3,8.829,1.553,1.118,0.463,110.572,38.623,7.428,5.167,1.776,99.688,40.069,5.923,5.03,1.909,163.577,50.004,7.076,4.918,1.733
1761327871,2025-10-24,neutral,92.175,24.529,3.808,2.576,1.029,47.836,17.865,2.441,2.226,1.107,53.39,17.285,2.87,2.083,0.901,83.928,30.627,5.384,4.361,1.623,96.088,17.977,5.255,3.361,1.248,20.997,4.063,1.148,0.727,0.292,54.016,17.104,4.141,3.113,0.84,53.096,19.633,4.473,2.956,0.827,0.272,0.169,0.057,0.043,0.029,82.563,24.552,5.029,3.819,1.67,22.549,7.527,1.309,1.001,0.439,109.747,33.233,6.205,4.486,1.681,104.705,34.902,4.772,4.479,1.866,177.765,44.331,5.389,4.352,1.682
1761327871,2025-10-24,neutral,89.757,18.616,2.812,2.097,0.939,43.834,13.643,1.875,1.823,0.953,48.802,13.044,2.166,1.738,0.778,74.524,23.067,3.901,3.52,1.443,93.48,12.867,4.149,2.726,1.12,19.921,2.985,0.955,0.595,0.251,47.741,12.639,2.946,2.47,0.725,46.957,15.369,3.642,2.394,0.734,0.28,0.144,0.055,0.044,0.031,73.477,19.541,4.057,3.365,1.577,21.389,5.799,1.052,0.848,0.392,99.941,25.497,4.957,3.613,1.455,102.102,27.314,3.652,3.735,1.69,176.555,35.242,3.759,3.596,1.515
1761327871,2025-10-24,neutral,81.138,12.8,2.063,1.678,0.813,38.828,9.388,1.515,1.488,0.765,42.934,8.905,1.636,1.423,0.639,63.855,15.623,2.857,2.786,1.21,86.206,8.338,3.206,2.145,0.947,18.152,2.045,0.78,0.481,0.201,41.965,8.437,2.022,1.87,0.594,40.609,11.207,3.023,1.922,0.636,0.286,0.115,0.059,0.046,0.032,68.722,15.606,3.579,3.043,1.457,19.81,4.168,0.863,0.723,0.347,86.546,17.881,4.042,2.909,1.196,94.766,19.802,2.894,3.109,1.477,162.427,25.619,2.605,2.973,1.324
1761327871,2025-10-24,neutral,68.955,8.492,1.657,1.451,0.703,34.477,6.122,1.395,1.334,0.603,37.782,5.854,1.348,1.23,0.532,55.533,10.066,2.383,2.376,1.006,76.272,5.385,2.587,1.812,0.79,15.669,1.448,0.654,0.422,0.161,38.936,5.478,1.538,1.497,0.494,36.416,8.123,2.699,1.694,0.578,0.289,0.091,0.067,0.049,0.033,71.344,13.924,3.709,3.017,1.382,18.454,2.995,0.77,0.662,0.322,73.842,12.244,3.566,2.589,0.999,85.017,14.211,2.588,2.793,1.316,139.212,17.822,2.06,2.687,1.194
1761327871,2025-10-24,neutral,56.849,6.149,1.512,1.431,0.637,31.905,4.248,1.415,1.363,0.502,34.632,4.223,1.234,1.176,0.481,51.554,7.026,2.315,2.311,0.874,66.169,4.152,2.268,1.765,0.684,13.62,1.214,0.573,0.423,0.138,39.326,4.064,1.419,1.388,0.447,35.427,6.421,2.562,1.718,0.572,0.299,0.081,0.077,0.056,0.035,80.388,14.271,4.306,3.301,1.379,17.775,2.361,0.745,0.661,0.321,65.551,9.2,3.366,2.645,0.908,76.061,11.093,2.562,2.775,1.246,114.484,12.8,1.95,2.748,1.159
1761327871,2025-10-24,neutral,46.266,5.402,1.478,1.528,0.616,30.226,3.602,1.442,1.479,0.461,32.717,3.759,1.182,1.205,0.476,50.271,6.102,2.37,2.442,0.81,58.096,4.177,2.091,1.886,0.626,11.907,1.243,0.512,0.456,0.132,40.463,3.935,1.462,1.445,0.444,36.161,5.824,2.458,1.872,0.601,0.306,0.093,0.084,0.064,0.038,90.341,15.525,5.113,3.779,1.426,17.242,2.145,0.744,0.686,0.334,60.741,8.297,3.228,2.877,0.906,67.806,9.888,2.587,2.889,1.242,91.5,10.207,2.009,2.986,1.195
1761327871,2025-10-24,neutral,38.499,5.515,1.457,1.608,0.617,28.777,3.74,1.4,1.553,0.455,31.297,3.923,1.123,1.237,0.491,49.725,6.413,2.369,2.555,0.783,50.013,4.845,1.945,1.991,0.593,10.471,1.389,0.455,0.48,0.133,40.607,4.537,1.508,1.512,0.462,37.036,5.75,2.302,1.99,0.631,0.315,0.124,0.083,0.072,0.041,95.45,16.245,5.877,4.248,1.467,16.61,2.144,0.735,0.697,0.342,58.709,8.538,3.044,3.04,0.941,60.939,9.562,2.526,2.93,1.244,74.076,9.046,2.056,3.169,1.241
1761327871,2025-10-24,neutral,33.332,5.89,1.407,1.579,0.615,27.014,4.209,1.276,1.503,0.456,29.652,4.249,1.044,1.217,0.501,48.551,7.153,2.275,2.501,0.764,44.312,5.641,1.786,1.944,0.563,9.425,1.53,0.397,0.467,0.134,38.118,5.292,1.525,1.483,0.476,36.829,5.697,2.122,1.962,0.636,0.318,0.165,0.075,0.079,0.045,92.75,15.592,6.444,4.517,1.456,15.594,2.212,0.704,0.673,0.334,57.749,9.073,2.825,2.98,0.965,55.181,9.331,2.333,2.78,1.203,62.393,8.501,2.01,3.135,1.244
1761327872,2025-10-24,neutral,29.754,6.113,1.316,1.429,0.6,24.582,4.615,1.103,1.327,0.452,27.235,4.413,0.951,1.134,0.498,45.67,7.704,2.116,2.26,0.744,37.296,6.145,1.598,1.724,0.531,8.088,1.578,0.342,0.413,0.13,33.196,5.737,1.524,1.345,0.479,34.586,5.347,1.943,1.781,0.613,0.314,0.202,0.061,0.081,0.047,81.362,13.496,6.711,4.494,1.378,14.104,2.247,0.652,0.62,0.307,55.804,9.305,2.587,2.701,0.96,49.655,8.775,2.058,2.463,1.111,54.765,8.046,1.869,2.868,1.19
1761327872,2025-10-24,neutral,26.37,5.983,1.217,1.206,0.572,21.383,4.748,0.946,1.083,0.442,23.968,4.315,0.869,1.01,0.484,40.898,7.795,1.961,1.902,0.728,30.358,6.196,1.393,1.403,0.502,6.694,1.521,0.293,0.336,0.124,27.031,5.716,1.518,1.145,0.469,30.383,4.684,1.791,1.505,0.572,0.299,0.221,0.045,0.078,0.047,65.312,10.522,6.65,4.193,1.254,12.124,2.196,0.59,0.56,0.272,51.522,9.058,2.351,2.298,0.934,43.399,7.813,1.813,2.085,0.992,48.251,7.446,1.703,2.454,1.096
1761327872,2025-10-24,neutral,22.184,5.439,1.096,0.97,0.535,17.555,4.528,0.82,0.835,0.429,19.923,3.934,0.796,0.871,0.461,34.46,7.334,1.801,1.523,0.717,24.247,5.814,1.174,1.08,0.477,5.415,1.387,0.252,0.258,0.118,20.968,5.203,1.478,0.937,0.446,24.831,3.857,1.63,1.208,0.524,0.27,0.214,0.031,0.068,0.044,48.87,7.515,6.177,3.693,1.117,9.819,2.04,0.513,0.509,0.236,44.442,8.322,2.068,1.878,0.895,35.864,6.57,1.613,1.742,0.876,40.429,6.594,1.512,2.002,0.985
1761327872,2025-10-24,neutral,16.937,4.532,0.957,0.775,0.49,13.317,3.987,0.72,0.635,0.411,15.281,3.325,0.733,0.744,0.431,26.744,6.397,1.62,1.197,0.7,18.484,5.012,0.956,0.827,0.452,4.146,1.196,0.218,0.193,0.113,15.356,4.295,1.386,0.759,0.407,18.594,3.059,1.446,0.946,0.478,0.232,0.182,0.02,0.055,0.039,34.861,5.191,5.313,3.106,0.993,7.353,1.793,0.431,0.469,0.207,34.942,7.171,1.728,1.517,0.846,27.158,5.221,1.467,1.484,0.781,30.513,5.495,1.309,1.6,0.878
1761327872,2025-10-24,neutral,11.756,3.526,0.841,0.645,0.438,9.328,3.261,0.646,0.504,0.389,10.804,2.646,0.684,0.639,0.392,18.962,5.22,1.444,0.952,0.664,12.892,3.976,0.783,0.665,0.417,2.889,0.989,0.201,0.147,0.107,10.87,3.199,1.262,0.619,0.354,12.738,2.447,1.288,0.744,0.433,0.192,0.135,0.014,0.04,0.032,25.188,3.904,4.226,2.537,0.89,5.118,1.517,0.372,0.433,0.183,25.032,5.859,1.395,1.239,0.778,18.927,4.053,1.414,1.313,0.705,20.83,4.423,1.15,1.286,0.776
1761327872,2025-10-24,neutral,7.778,2.635,0.789,0.574,0.376,6.104,2.503,0.6,0.434,0.362,7.027,2.022,0.648,0.557,0.344,12.201,4.046,1.308,0.785,0.598,8.046,2.931,0.699,0.575,0.371,1.798,0.796,0.214,0.118,0.1,7.068,2.154,1.15,0.506,0.291,7.916,2.097,1.229,0.598,0.383,0.17,0.088,0.013,0.027,0.026,18.554,3.608,3.201,2.057,0.802,3.364,1.268,0.357,0.394,0.161,16.39,4.614,1.135,1.035,0.688,12.308,3.251,1.457,1.202,0.634,13.464,3.542,1.065,1.057,0.673
1761327872,2025-10-24,neutral,5.634,2.11,0.829,0.539,0.309,3.895,1.935,0.596,0.413,0.332,4.085,1.562,0.638,0.494,0.29,6.955,3.135,1.287,0.686,0.508,4.451,2.06,0.746,0.523,0.325,0.994,0.648,0.273,0.099,0.092,3.906,1.326,1.105,0.413,0.231,4.368,1.962,1.323,0.495,0.33,0.175,0.057,0.016,0.019,0.021,13.474,3.904,2.522,1.702,0.723,2.089,1.072,0.388,0.352,0.141,9.705,3.626,1.008,0.892,0.584,7.678,2.906,1.543,1.12,0.555,9.553,3.1,1.056,0.893,0.569
1761327872,2025-10-24,neutral,6.587,2.176,1.006,0.527,0.25,3.433,1.792,0.673,0.436,0.311,2.512,1.391,0.701,0.454,0.241,4.121,2.783,1.494,0.665,0.416,2.303,1.551,0.965,0.493,0.301,0.506,0.58,0.391,0.087,0.086,1.987,0.822,1.172,0.345,0.191,2.487,1.95,1.561,0.431,0.28,0.223,0.053,0.024,0.019,0.019,10.268,4.327,2.331,1.482,0.661,1.546,0.937,0.45,0.316,0.125,6.114,3.07,1.056,0.817,0.489,6.123,3.035,1.617,1.069,0.48,11.392,3.377,1.161,0.802,0.478
1761327873,2025-10-24,neutral,11.285,2.946,1.378,0.536,0.216,5.12,2.252,0.881,0.5,0.305,2.29,1.655,0.901,0.443,0.205,3.728,3.313,2.045,0.73,0.345,1.843,1.63,1.356,0.483,0.318,0.419,0.635,0.563,0.081,0.086,1.311,0.814,1.364,0.32,0.184,1.875,2.05,1.868,0.403,0.244,0.306,0.074,0.035,0.024,0.021,8.754,4.653,2.519,1.368,0.632,1.685,0.878,0.52,0.295,0.118,5.656,3.169,1.301,0.821,0.427,8.004,3.651,1.673,1.058,0.428,20.523,4.597,1.447,0.804,0.418
1761327873,2025-10-24,neutral,19.089,4.258,1.972,0.57,0.212,8.859,3.258,1.254,0.596,0.315,3.116,2.372,1.268,0.458,0.189,5.248,4.785,2.956,0.866,0.308,2.384,2.353,1.885,0.497,0.376,0.507,0.822,0.777,0.081,0.095,1.56,1.348,1.634,0.348,0.211,1.986,2.275,2.126,0.4,0.23,0.401,0.109,0.048,0.031,0.024,8.25,4.727,2.844,1.291,0.636,2.363,0.896,0.582,0.288,0.12,7.559,3.962,1.736,0.888,0.408,12.708,4.599,1.754,1.079,0.416,36.336,6.61,1.962,0.896,0.402
1761327873,2025-10-24,neutral,27.922,5.724,2.727,0.629,0.234,13.658,4.502,1.762,0.709,0.333,4.549,3.365,1.761,0.491,0.189,7.886,6.847,4.086,1.031,0.303,3.356,3.503,2.43,0.536,0.461,0.709,1.082,0.989,0.087,0.111,2.295,2.29,1.893,0.423,0.264,2.52,2.588,2.225,0.409,0.236,0.479,0.142,0.059,0.036,0.028,8.094,4.522,3.053,1.205,0.667,3.321,0.966,0.63,0.289,0.13,10.763,5.194,2.297,0.986,0.426,18.508,5.581,1.926,1.112,0.444,54.819,8.859,2.674,1.055,0.428
1761327873,2025-10-24,neutral,35.424,7.018,3.505,0.707,0.27,18.426,5.674,2.339,0.821,0.353,6.229,4.485,2.303,0.54,0.202,11.029,9.12,5.223,1.187,0.32,4.663,4.858,2.922,0.603,0.542,0.934,1.358,1.175,0.101,0.129,3.321,3.503,2.107,0.531,0.328,3.382,3.053,2.156,0.43,0.255,0.505,0.16,0.064,0.037,0.03,8.323,4.241,3.096,1.117,0.709,4.334,1.129,0.667,0.298,0.144,14.496,6.738,2.921,1.087,0.462,24.009,6.457,2.168,1.153,0.502,71.13,10.861,3.449,1.248,0.486
1761327873,2025-10-24,neutral,40.082,8.321,4.317,0.871,0.334,22.166,6.824,3.019,0.971,0.401,8.46,5.898,2.94,0.66,0.247,14.95,11.757,6.353,1.425,0.388,7.309,6.556,3.527,0.797,0.627,1.518,1.69,1.346,0.147,0.15,5.308,5.097,2.434,0.729,0.411,5.441,4.068,2.14,0.574,0.31,0.483,0.16,0.065,0.034,0.029,10.084,4.632,3.204,1.144,0.785,5.566,1.573,0.78,0.354,0.175,19.375,9.143,3.814,1.316,0.55,29.053,7.831,2.666,1.324,0.613,81.657,13.019,4.408,1.582,0.614
1761327873,2025-10-24,neutral,42.319,10.222,5.41,1.254,0.468,25.361,8.331,3.997,1.256,0.532,12.161,7.973,3.897,0.957,0.367,21.54,15.336,7.793,1.96,0.573,13.233,9,4.656,1.302,0.76,2.75,2.179,1.577,0.264,0.185,9.649,7.314,3.157,1.136,0.551,10.265,6.115,2.514,1.026,0.452,0.408,0.143,0.061,0.029,0.026,15.277,6.522,3.765,1.456,0.946,7.39,2.541,1.122,0.527,0.245,27.123,13.325,5.477,1.931,0.776,35.309,10.716,3.803,1.854,0.835,86.026,16.418,6.013,2.292,0.892
1761327873,2025-10-24,neutral,45.092,13.172,6.996,1.94,0.7,29.717,10.514,5.412,1.741,0.782,18.878,10.916,5.323,1.497,0.592,33.348,20.251,9.848,2.95,0.918,24.696,12.433,6.592,2.238,0.98,5.304,2.886,1.923,0.481,0.241,17.774,10.264,4.452,1.823,0.774,19.542,9.383,3.487,1.894,0.715,0.331,0.118,0.057,0.025,0.023,26.098,10.228,5.045,2.156,1.223,10.654,4.128,1.786,0.857,0.374,41.28,19.735,8.204,3.108,1.202,46.678,15.701,5.796,2.895,1.206,89.904,21.872,8.586,3.539,1.368
1761327873,2025-10-24,neutral,49.27,16.984,9.034,2.876,1.016,35.208,13.259,7.181,2.389,1.133,27.801,14.431,7.134,2.238,0.905,49.309,26.104,12.502,4.332,1.393,40.183,16.535,9.217,3.534,1.283,8.591,3.745,2.376,0.779,0.317,28.602,13.64,6.211,2.728,1.065,32.043,13.436,4.968,3.097,1.079,0.256,0.098,0.054,0.024,0.022,40.98,15.153,6.97,3.185,1.589,14.874,6.124,2.718,1.316,0.552,59.958,27.649,11.797,4.761,1.803,61.977,22.253,8.458,4.365,1.693,94.598,29.033,11.995,5.226,2.001
1761327874,2025-10-24,neutral,55.519,20.703,11.047,3.848,1.346,41.857,15.904,8.891,3.046,1.502,37.801,17.68,8.891,3.012,1.235,67.072,31.558,15.18,5.783,1.887,56.956,20.342,11.911,4.893,1.601,12.359,4.544,2.824,1.092,0.394,40.419,16.686,7.998,3.639,1.358,45.846,17.258,6.56,4.344,1.46,0.226,0.093,0.055,0.027,0.024,57.378,19.952,9.048,4.314,1.957,19.67,8.03,3.689,1.799,0.744,81.135,35.137,15.372,6.508,2.447,79.783,28.695,11.083,5.914,2.187,102.765,36.161,15.393,6.967,2.651
1761327874,2025-10-24,neutral,60.052,22.915,12.331,4.556,1.589,46.336,17.46,9.967,3.492,1.773,44.874,19.533,9.987,3.588,1.483,79.935,34.73,16.938,6.833,2.249,68.986,22.596,13.77,5.898,1.83,14.945,5.006,3.103,1.328,0.449,48.726,18.448,9.234,4.269,1.558,55.704,19.593,7.728,5.248,1.742,0.209,0.103,0.057,0.031,0.029,69.187,23.007,10.573,5.219,2.206,22.883,9.225,4.384,2.162,0.894,96.127,39.661,17.727,7.804,2.936,92.171,32.797,12.784,7.053,2.538,108.021,40.686,17.621,8.215,3.12
1761327874,2025-10-24,neutral,60.467,22.533,12.321,4.742,1.659,47.136,17.128,9.929,3.543,1.846,47.077,19.153,9.95,3.762,1.564,83.918,34.142,16.929,7.079,2.352,72.462,22.363,14.019,6.192,1.874,15.888,4.928,3.063,1.406,0.459,51.372,18.217,9.456,4.387,1.587,58.898,19.55,8.074,5.494,1.826,0.211,0.121,0.059,0.035,0.033,72.586,23.144,10.963,5.601,2.243,23.781,9.264,4.561,2.29,0.951,100.829,39.371,17.963,8.181,3.1,95.079,32.877,12.932,7.369,2.617,106.916,40.565,17.788,8.506,3.246
1761327874,2025-10-24,neutral,53.958,19.377,10.873,4.319,1.526,42.08,14.754,8.678,3.15,1.691,42.695,16.456,8.7,3.462,1.446,76.145,29.546,14.918,6.387,2.153,65.521,19.54,12.435,5.651,1.701,14.4,4.288,2.666,1.293,0.416,46.501,15.898,8.548,3.929,1.422,53.339,17.036,7.483,4.996,1.675,0.191,0.137,0.058,0.035,0.035,65.5,20.223,10.084,5.33,2.043,21.286,8.093,4.164,2.143,0.894,91.338,34.072,15.911,7.484,2.873,84.828,28.661,11.452,6.73,2.381,94.325,35.369,15.699,7.692,2.975
1761327874,2025-10-24,neutral,41.859,14.363,8.376,3.418,1.232,32.689,10.958,6.551,2.428,1.36,33.597,12.218,6.593,2.788,1.17,59.506,22.136,11.397,4.972,1.72,50.718,14.947,9.483,4.453,1.36,11.276,3.265,2.006,1.027,0.33,36.352,12.108,6.816,3.043,1.111,41.543,12.836,6.163,3.941,1.338,0.16,0.144,0.054,0.031,0.035,51.518,15.201,8.232,4.519,1.668,16.521,6.09,3.346,1.782,0.743,71.614,25.392,12.214,5.954,2.332,65.015,21.499,8.852,5.362,1.898,72.561,26.65,11.989,6.029,2.39
1761327874,2025-10-24,neutral,27.508,9.138,5.622,2.325,0.871,21.415,6.925,4.182,1.597,0.962,22.465,7.765,4.291,1.952,0.826,39.175,14.132,7.409,3.287,1.197,33.433,9.991,6.082,2.985,0.962,7.442,2.173,1.272,0.694,0.229,23.931,7.96,4.835,2.014,0.75,27.116,8.296,4.565,2.692,0.924,0.115,0.14,0.05,0.026,0.032,36.124,9.69,6.033,3.447,1.243,10.744,3.91,2.409,1.332,0.548,47.382,16.128,8.103,4.1,1.657,41.741,13.809,6.047,3.721,1.317,47.115,17.3,7.904,4.043,1.675
1761327874,2025-10-24,neutral,14.884,5.09,3.39,1.353,0.547,11.454,3.688,2.204,0.886,0.616,12.703,4.267,2.455,1.193,0.514,21.143,7.613,4.058,1.819,0.736,17.975,5.962,3.184,1.673,0.624,4.029,1.295,0.662,0.393,0.141,13.216,4.53,3.154,1.136,0.444,14.637,4.646,3.143,1.614,0.554,0.075,0.127,0.049,0.022,0.029,24.654,5.239,4.16,2.442,0.895,5.828,2.127,1.644,0.927,0.367,26.11,8.731,4.773,2.458,1.05,21.707,7.67,3.901,2.277,0.8,24.936,9.79,4.645,2.292,1.028
1761327874,2025-10-24,neutral,6.433,2.903,2.121,0.711,0.326,4.68,1.792,0.996,0.434,0.392,6.132,2.297,1.422,0.671,0.299,9.021,3.697,1.993,0.876,0.43,8.137,3.478,1.335,0.795,0.414,1.793,0.762,0.289,0.188,0.083,6.212,2.42,2.057,0.583,0.25,6.498,2.594,2.135,0.926,0.306,0.045,0.109,0.052,0.02,0.028,19.502,2.748,3.009,1.743,0.698,2.572,1.055,1.201,0.654,0.237,11.901,4.427,2.834,1.374,0.638,8.631,4.118,2.828,1.329,0.451,10.265,5.41,2.838,1.139,0.58
1761327875,2025-10-24,neutral,2.496,2.328,1.743,0.416,0.213,1.488,1.12,0.549,0.237,0.293,2.965,1.639,1.101,0.408,0.191,3.316,2.19,1.19,0.468,0.281,3.405,2.362,0.517,0.38,0.327,0.717,0.533,0.141,0.088,0.055,3.088,1.55,1.504,0.349,0.169,2.923,2.114,1.543,0.624,0.186,0.028,0.092,0.059,0.022,0.029,19.345,2.124,2.566,1.399,0.642,1.112,0.647,1.049,0.52,0.167,5.296,2.857,2.152,0.872,0.433,2.737,2.813,2.646,0.896,0.283,3.608,3.8,2.329,0.609,0.346
1761327875,2025-10-24,neutral,1.366,2.54,1.865,0.348,0.17,0.6,1.106,0.589,0.194,0.269,1.84,1.61,1.155,0.319,0.153,1.656,1.996,1.175,0.392,0.231,2.084,1.906,0.353,0.274,0.302,0.462,0.459,0.132,0.062,0.047,2.329,1.369,1.256,0.305,0.152,2.096,2.634,1.235,0.552,0.153,0.022,0.08,0.066,0.028,0.032,20.521,2.614,2.527,1.296,0.662,0.703,0.622,1.04,0.471,0.137,3.373,2.664,2.138,0.737,0.357,1.258,2.629,2.853,0.777,0.234,1.91,3.592,2.495,0.475,0.255
1761327875,2025-10-24,neutral,1.163,2.766,2.088,0.367,0.154,0.562,1.191,0.81,0.21,0.27,1.382,1.584,1.262,0.305,0.144,1.351,2.004,1.433,0.435,0.216,1.774,1.491,0.462,0.3,0.283,0.548,0.407,0.181,0.071,0.045,2.229,1.322,1.088,0.314,0.155,1.95,3.504,1.115,0.544,0.155,0.019,0.074,0.07,0.035,0.036,19.743,3.42,2.585,1.27,0.688,0.576,0.694,1.033,0.443,0.124,2.79,2.589,2.239,0.727,0.327,1.194,2.564,3.013,0.755,0.237,1.733,3.509,2.757,0.481,0.224
1761327875,2025-10-24,neutral,1.123,2.86,2.277,0.414,0.152,0.684,1.234,1.092,0.256,0.274,1.185,1.47,1.338,0.329,0.146,1.277,1.928,1.766,0.513,0.218,1.615,1.09,0.711,0.376,0.252,0.808,0.367,0.266,0.094,0.046,2.069,1.27,0.926,0.32,0.16,1.715,4.463,1.165,0.53,0.173,0.018,0.074,0.068,0.042,0.04,16.231,4.248,2.609,1.214,0.697,0.484,0.791,0.979,0.408,0.119,2.344,2.451,2.296,0.74,0.308,1.256,2.484,3.072,0.749,0.263,1.761,3.32,2.992,0.517,0.22
1761327875,2025-10-24,neutral,1.25,2.935,2.418,0.482,0.165,0.823,1.266,1.388,0.335,0.282,1.388,1.414,1.399,0.392,0.154,1.41,1.838,2.125,0.624,0.239,1.584,0.831,1.066,0.478,0.22,1.172,0.357,0.38,0.126,0.051,2.135,1.252,0.786,0.319,0.169,1.649,5.38,1.371,0.509,0.202,0.022,0.076,0.06,0.047,0.04,11.401,5.091,2.627,1.101,0.691,0.507,0.924,0.896,0.368,0.117,2.317,2.491,2.349,0.774,0.305,1.427,2.554,3.121,0.772,0.307,2.075,3.227,3.234,0.581,0.241
1761327875,2025-10-24,neutral,1.599,3.108,2.499,0.568,0.191,1.079,1.305,1.639,0.442,0.294,2.053,1.545,1.455,0.49,0.168,1.901,1.818,2.457,0.756,0.277,1.804,0.75,1.454,0.582,0.201,1.641,0.374,0.5,0.156,0.058,2.355,1.281,0.682,0.311,0.186,1.882,6.144,1.639,0.486,0.239,0.029,0.078,0.05,0.049,0.038,6.96,5.933,2.684,0.934,0.675,0.637,1.099,0.81,0.33,0.119,2.887,2.913,2.431,0.833,0.319,1.889,2.882,3.213,0.835,0.365,2.768,3.409,3.486,0.678,0.283
1761327875,2025-10-24,neutral,1.877,3.398,2.483,0.659,0.223,1.253,1.355,1.78,0.551,0.309,2.732,1.892,1.495,0.608,0.184,2.365,1.898,2.686,0.882,0.326,2.103,0.803,1.77,0.664,0.203,1.993,0.397,0.593,0.178,0.067,2.672,1.349,0.626,0.306,0.209,2.165,6.665,1.868,0.473,0.278,0.041,0.077,0.041,0.048,0.034,3.675,6.707,2.765,0.756,0.656,0.749,1.291,0.738,0.305,0.127,3.516,3.721,2.538,0.914,0.349,2.165,3.385,3.307,0.934,0.427,3.354,3.877,3.678,0.804,0.34
1761327875,2025-10-24,neutral,2.172,3.766,2.377,0.74,0.253,1.458,1.425,1.795,0.633,0.323,3.397,2.384,1.516,0.717,0.202,2.891,2.084,2.789,0.973,0.372,2.446,0.932,1.937,0.708,0.225,2.194,0.41,0.633,0.188,0.075,2.977,1.44,0.626,0.314,0.235,2.593,6.909,1.993,0.482,0.313,0.055,0.071,0.035,0.045,0.03,2.465,7.269,2.816,0.634,0.635,0.862,1.459,0.689,0.299,0.14,4.286,4.755,2.667,1.001,0.386,2.55,3.882,3.347,1.048,0.479,3.886,4.529,3.765,0.944,0.4
1761327876,2025-10-24,neutral,2.329,4.107,2.207,0.791,0.273,1.565,1.514,1.714,0.665,0.329,3.666,2.869,1.517,0.784,0.221,3.173,2.345,2.783,1.007,0.403,2.669,1.095,1.938,0.711,0.257,2.117,0.415,0.613,0.185,0.081,3.147,1.556,0.678,0.35,0.255,2.856,6.896,2.014,0.518,0.34,0.069,0.061,0.031,0.042,0.026,2.933,7.43,2.762,0.63,0.613,0.883,1.557,0.66,0.312,0.159,4.724,5.718,2.795,1.067,0.423,2.754,4.171,3.275,1.144,0.508,4.054,5.165,3.733,1.068,0.456
1761327876,2025-10-24,neutral,2.426,4.318,2.039,0.805,0.28,1.635,1.627,1.597,0.645,0.322,3.668,3.203,1.506,0.79,0.242,3.306,2.642,2.711,0.978,0.412,2.721,1.267,1.813,0.679,0.284,1.85,0.42,0.548,0.174,0.082,3.182,1.686,0.77,0.418,0.265,3.053,6.664,1.991,0.583,0.355,0.08,0.049,0.03,0.038,0.024,4.329,7.081,2.546,0.761,0.594,0.897,1.557,0.65,0.333,0.179,4.939,6.326,2.901,1.095,0.451,2.995,4.164,3.109,1.196,0.512,3.972,5.619,3.629,1.15,0.501
1761327876,2025-10-24,neutral,2.504,4.327,1.924,0.782,0.275,1.671,1.747,1.485,0.586,0.301,3.406,3.289,1.484,0.741,0.263,3.275,2.897,2.594,0.9,0.402,2.612,1.413,1.637,0.63,0.299,1.468,0.432,0.468,0.162,0.081,3.023,1.799,0.866,0.511,0.263,3.06,6.223,1.948,0.663,0.359,0.084,0.039,0.03,0.034,0.024,6.078,6.269,2.184,0.992,0.584,0.904,1.452,0.642,0.349,0.196,4.877,6.395,2.939,1.08,0.47,3.182,3.892,2.878,1.195,0.495,3.728,5.779,3.492,1.18,0.534
1761327876,2025-10-24,neutral,2.627,4.107,1.868,0.731,0.264,1.71,1.84,1.391,0.511,0.271,3.058,3.117,1.452,0.661,0.279,3.233,3.033,2.436,0.801,0.378,2.411,1.494,1.478,0.577,0.299,1.118,0.449,0.402,0.153,0.077,2.758,1.854,0.928,0.603,0.25,2.919,5.568,1.889,0.733,0.353,0.078,0.031,0.029,0.029,0.025,7.792,5.222,1.842,1.247,0.586,0.915,1.269,0.627,0.347,0.204,4.6,5.925,2.872,1.027,0.481,3.288,3.491,2.609,1.139,0.471,3.436,5.617,3.322,1.155,0.555
1761327876,2025-10-24,neutral,2.959,3.69,1.823,0.663,0.248,1.888,1.86,1.297,0.439,0.237,2.782,2.759,1.403,0.579,0.285,3.368,2.992,2.223,0.709,0.347,2.255,1.497,1.369,0.532,0.285,0.888,0.461,0.363,0.148,0.074,2.452,1.807,0.931,0.666,0.229,2.65,4.712,1.787,0.769,0.338,0.064,0.027,0.027,0.027,0.027,10.727,4.259,1.715,1.436,0.599,0.952,1.046,0.597,0.324,0.2,4.358,5.067,2.686,0.95,0.483,3.351,3.093,2.314,1.04,0.451,3.39,5.182,3.082,1.085,0.559
1761327876,2025-10-24,neutral,3.459,3.154,1.722,0.59,0.231,2.2,1.774,1.169,0.382,0.207,2.615,2.324,1.341,0.52,0.281,3.732,2.755,1.95,0.647,0.313,2.237,1.431,1.29,0.502,0.264,0.797,0.461,0.347,0.144,0.072,2.18,1.629,0.873,0.684,0.204,2.295,3.706,1.629,0.764,0.317,0.049,0.025,0.024,0.029,0.034,14.452,3.691,1.988,1.506,0.614,0.965,0.819,0.553,0.29,0.185,4.198,4.037,2.412,0.865,0.472,3.361,2.757,2.009,0.922,0.439,3.692,4.552,2.739,0.987,0.544
1761327876,2025-10-24,neutral,4.166,2.6,1.539,0.521,0.217,2.786,1.587,0.998,0.342,0.187,2.66,1.915,1.267,0.492,0.265,4.395,2.374,1.632,0.625,0.279,2.431,1.342,1.198,0.492,0.243,0.813,0.446,0.338,0.14,0.072,2.035,1.336,0.783,0.662,0.177,2.029,2.675,1.432,0.726,0.29,0.035,0.025,0.021,0.037,0.044,20.726,3.805,2.738,1.461,0.622,1.041,0.62,0.497,0.256,0.162,4.438,3.032,2.092,0.793,0.447,3.69,2.456,1.705,0.807,0.437,4.652,3.819,2.31,0.878,0.514
1761327876,2025-10-24,neutral,4.923,2.106,1.298,0.457,0.207,3.541,1.332,0.802,0.31,0.181,2.885,1.595,1.184,0.482,0.244,5.211,1.942,1.307,0.633,0.249,2.827,1.297,1.074,0.502,0.226,0.869,0.426,0.324,0.135,0.071,2.068,0.99,0.7,0.62,0.151,2.031,1.766,1.239,0.673,0.263,0.03,0.028,0.02,0.05,0.058,30.458,4.778,3.91,1.341,0.617,1.204,0.477,0.438,0.232,0.139,5.133,2.199,1.778,0.737,0.413,4.62,2.132,1.433,0.707,0.444,6.318,3.075,1.865,0.769,0.479
1761327877,2025-10-24,neutral,5.583,1.761,1.116,0.406,0.208,4.572,1.087,0.653,0.282,0.192,3.325,1.388,1.138,0.474,0.226,6.024,1.618,1.091,0.658,0.233,3.322,1.391,1.014,0.534,0.222,0.943,0.429,0.317,0.13,0.072,2.298,0.688,0.669,0.589,0.132,2.493,1.094,1.108,0.626,0.243,0.032,0.033,0.02,0.063,0.072,45.025,6.496,5.329,1.211,0.608,1.565,0.409,0.41,0.226,0.123,6.363,1.637,1.59,0.699,0.384,6.38,1.822,1.29,0.627,0.461,8.586,2.451,1.579,0.676,0.456
1761327877,2025-10-24,neutral,6.675,1.872,1.171,0.401,0.236,7.655,1.176,0.63,0.258,0.251,4.481,1.455,1.241,0.472,0.231,7.648,1.883,1.211,0.721,0.258,4.701,1.971,1.237,0.615,0.244,1.246,0.539,0.362,0.136,0.077,3.365,0.826,0.83,0.615,0.141,4.347,1.05,1.255,0.624,0.246,0.041,0.044,0.021,0.073,0.083,64.154,8.592,6.857,1.174,0.613,2.42,0.531,0.506,0.247,0.126,9.15,1.825,1.822,0.715,0.396,9.913,2.014,1.519,0.598,0.505,12.333,2.47,1.769,0.654,0.477
1761327877,2025-10-24,neutral,9.571,2.891,1.662,0.502,0.318,15.933,2.043,0.786,0.243,0.411,7.152,2.079,1.656,0.523,0.285,12.111,3.413,1.971,0.899,0.366,8.597,3.543,2.021,0.805,0.322,2.172,0.875,0.521,0.167,0.093,6.554,1.947,1.39,0.77,0.207,8.909,2.198,1.962,0.739,0.292,0.054,0.066,0.025,0.076,0.085,86.893,10.621,8.476,1.348,0.658,4.283,1.03,0.855,0.316,0.163,15.464,3.538,2.87,0.884,0.502,16.819,3.542,2.461,0.696,0.609,19.496,3.931,2.822,0.816,0.587
1761327877,2025-10-24,neutral,15.391,5.131,2.676,0.751,0.469,31.878,3.996,1.108,0.248,0.709,12.107,3.499,2.482,0.67,0.403,21.201,6.688,3.545,1.248,0.58,16.331,6.432,3.522,1.143,0.471,4.042,1.506,0.836,0.234,0.126,12.831,4.381,2.472,1.096,0.35,17.19,4.876,3.362,1.022,0.393,0.074,0.103,0.033,0.072,0.079,109.757,12.531,10.213,1.776,0.76,7.388,2.036,1.526,0.444,0.243,26.854,7.341,4.941,1.286,0.734,27.981,7.047,4.296,0.977,0.796,31.474,7.416,4.923,1.248,0.809
1761327877,2025-10-24,neutral,23.455,8.415,4.038,1.123,0.674,53.459,6.895,1.501,0.273,1.122,18.424,5.633,3.602,0.907,0.576,33.908,11.458,5.75,1.743,0.88,26.897,10.37,5.555,1.6,0.677,6.574,2.365,1.275,0.33,0.173,21.445,7.89,3.992,1.558,0.558,27.701,8.786,5.297,1.451,0.537,0.101,0.153,0.046,0.063,0.066,126.839,14.388,11.89,2.372,0.91,11.167,3.458,2.436,0.613,0.355,41.476,12.949,7.763,1.897,1.068,41.881,12.327,6.788,1.41,1.047,46.579,12.689,7.768,1.918,1.117
1761327877,2025-10-24,neutral,32.201,11.991,5.399,1.52,0.884,76.499,10.08,1.852,0.307,1.56,25.002,8.011,4.747,1.175,0.761,47.823,16.638,8.082,2.266,1.194,38.273,14.451,7.636,2.071,0.89,9.329,3.248,1.739,0.43,0.225,30.437,11.64,5.623,2.039,0.781,38.265,12.956,7.328,1.92,0.688,0.141,0.206,0.063,0.054,0.053,133.792,16.063,13.183,2.982,1.073,14.868,4.958,3.37,0.782,0.472,56.469,19.082,10.67,2.575,1.417,55.556,18.175,9.348,1.882,1.301,61.757,18.556,10.67,2.663,1.431
1761327877,2025-10-24,neutral,38.657,14.743,6.319,1.811,1.035,93.281,12.588,2.035,0.336,1.894,29.518,9.89,5.541,1.377,0.9,58.291,20.633,9.823,2.65,1.423,46.62,17.396,9.106,2.413,1.044,11.311,3.872,2.083,0.503,0.265,37.079,14.467,6.868,2.38,0.949,45.293,16.053,8.827,2.274,0.795,0.18,0.247,0.08,0.046,0.042,127.851,17.311,13.653,3.44,1.202,17.148,6.054,4.034,0.896,0.555,66.738,23.847,12.744,3.102,1.667,64.654,22.771,11.164,2.237,1.473,72.009,23.205,12.718,3.246,1.652
1761327877,2025-10-24,neutral,40.621,15.716,6.465,1.9,1.075,98.538,13.592,1.982,0.351,2.016,30.648,10.613,5.681,1.44,0.945,61.779,22.098,10.357,2.763,1.49,49.275,18.173,9.442,2.511,1.086,11.974,4.025,2.186,0.523,0.28,38.928,15.417,7.281,2.458,1.004,46.611,17.022,9.267,2.385,0.82,0.217,0.265,0.094,0.042,0.035,110.616,17.718,13.043,3.64,1.257,17.374,6.369,4.191,0.915,0.575,69.016,25.63,13.232,3.301,1.728,66.218,24.537,11.578,2.358,1.496,73.853,25.055,13.178,3.478,1.698
1761327878,2025-10-24,pull,36.995,14.545,5.764,1.76,0.992,89.695,12.739,1.703,0.354,1.888,27.666,9.907,5.091,1.34,0.879,56.564,20.518,9.463,2.566,1.368,44.874,16.482,8.504,2.339,1,10.914,3.652,2.005,0.482,0.267,35.35,14.178,6.689,2.241,0.929,41.465,15.537,8.458,2.211,0.752,0.236,0.257,0.102,0.042,0.032,86.052,16.924,11.457,3.562,1.217,15.261,5.796,3.774,0.834,0.525,61.974,23.795,11.911,3.106,1.577,59.187,22.866,10.405,2.217,1.353,66.008,23.458,11.849,3.292,1.549
1761327878,2025-10-24,pull,29.212,11.571,4.444,1.458,0.812,70.293,10.319,1.299,0.365,1.562,21.814,7.985,3.969,1.125,0.724,44.686,16.394,7.441,2.14,1.102,35.177,12.875,6.596,1.969,0.82,8.637,2.878,1.598,0.396,0.231,27.512,11.2,5.267,1.804,0.753,31.863,12.138,6.641,1.82,0.615,0.244,0.232,0.103,0.045,0.03,60.478,14.921,9.358,3.268,1.094,11.641,4.547,2.93,0.687,0.421,48.316,18.955,9.206,2.6,1.267,46.002,18.361,8.036,1.897,1.086,51.305,18.932,9.168,2.791,1.252
1761327878,2025-10-24,pull,20.621,7.859,2.948,1.114,0.596,47.155,7.24,0.92,0.408,1.153,15.316,5.529,2.704,0.891,0.535,30.729,11.185,5.018,1.655,0.784,23.545,8.556,4.361,1.552,0.607,5.864,1.958,1.096,0.298,0.185,18.294,7.543,3.497,1.302,0.541,21.136,8.031,4.416,1.366,0.457,0.238,0.2,0.098,0.05,0.028,39.752,12.231,7.395,2.882,0.927,7.72,3.065,1.952,0.537,0.297,33.183,12.822,6.023,1.993,0.903,31.33,12.68,5.295,1.56,0.78,35.864,13.198,6.054,2.2,0.905
1761327878,2025-10-24,neutral,14.834,4.662,1.778,0.858,0.411,27.419,4.512,0.72,0.509,0.785,10.442,3.335,1.702,0.738,0.368,19.421,6.568,3.011,1.286,0.522,13.647,4.85,2.506,1.247,0.426,3.495,1.172,0.658,0.219,0.142,10.425,4.37,1.927,0.904,0.362,12.489,4.503,2.461,1.019,0.327,0.225,0.172,0.089,0.055,0.025,25.694,9.714,6.039,2.542,0.774,4.704,1.823,1.151,0.447,0.192,21.493,7.341,3.345,1.522,0.598,20.138,7.669,3.063,1.372,0.524,26.163,8.275,3.549,1.766,0.62
1761327878,2025-10-24,neutral,14.2,2.816,1.241,0.764,0.301,15.88,2.774,0.767,0.669,0.54,8.511,1.936,1.189,0.714,0.261,13.765,3.629,1.927,1.135,0.394,7.671,2.564,1.459,1.149,0.318,2.001,0.69,0.386,0.182,0.112,5.772,2.412,0.939,0.713,0.261,7.688,2.322,1.224,0.874,0.26,0.212,0.151,0.078,0.059,0.022,18.434,8.268,5.463,2.34,0.7,3.16,1.094,0.705,0.454,0.127,16.116,3.789,1.775,1.339,0.425,15.257,4.512,1.85,1.408,0.382,26.431,5.594,2.294,1.626,0.479
1761327878,2025-10-24,neutral,18.717,2.473,1.328,0.827,0.274,12.573,2.124,1.025,0.865,0.429,9.307,1.438,1.146,0.805,0.218,13.561,2.539,1.808,1.188,0.414,5.568,1.768,1.256,1.254,0.286,1.411,0.527,0.301,0.185,0.098,4.243,1.737,0.653,0.726,0.242,6.36,1.556,0.794,0.921,0.264,0.201,0.136,0.068,0.058,0.02,15.692,8.355,5.511,2.272,0.741,2.991,0.888,0.611,0.549,0.109,16.395,2.406,1.344,1.447,0.396,16.734,3.349,1.643,1.615,0.368,36.688,5.44,2.294,1.758,0.501
1761327878,2025-10-24,neutral,26.088,3.111,1.756,0.971,0.305,15.082,2.136,1.389,1.063,0.409,11.559,1.544,1.351,0.944,0.216,16.426,2.667,2.26,1.351,0.537,5.796,1.885,1.569,1.467,0.305,1.368,0.557,0.34,0.212,0.096,4.546,1.86,0.912,0.865,0.276,6.906,1.685,0.929,1.063,0.321,0.19,0.12,0.061,0.053,0.018,15.281,9.654,5.858,2.274,0.889,3.584,0.991,0.717,0.687,0.125,19.594,2.483,1.598,1.723,0.467,21.79,3.4,1.992,1.856,0.448,52.525,6.903,2.993,2.009,0.64
1761327878,2025-10-24,pull,32.682,4.044,2.146,1.112,0.361,19.232,2.312,1.743,1.24,0.428,13.576,1.88,1.534,1.068,0.23,19.117,3.244,2.736,1.519,0.694,6.524,2.272,1.947,1.671,0.344,1.455,0.635,0.405,0.242,0.099,5.166,2.217,1.413,1.029,0.329,7.617,2.135,1.258,1.196,0.402,0.175,0.101,0.055,0.044,0.017,15.808,11.466,6.108,2.271,1.1,4.243,1.205,0.83,0.818,0.157,22.415,3.193,1.956,2.014,0.575,26.806,3.862,2.347,2.009,0.571,66.956,8.846,3.669,2.205,0.823
1761327879,2025-10-24,pull,36.58,4.912,2.318,1.2,0.42,23.225,2.493,2.033,1.384,0.464,14.848,2.309,1.585,1.145,0.249,20.591,4.002,2.954,1.632,0.832,7.366,2.747,2.156,1.792,0.389,1.596,0.718,0.444,0.267,0.105,5.665,2.612,1.978,1.158,0.38,8.213,2.742,1.576,1.267,0.487,0.153,0.082,0.052,0.035,0.016,17.174,13.2,6.052,2.225,1.315,4.835,1.511,0.864,0.903,0.195,24.214,4.29,2.168,2.215,0.683,30.237,4.538,2.482,2.026,0.701,75.747,10.66,3.995,2.258,0.994
1761327879,2025-10-24,pull,35.998,5.59,2.283,1.221,0.474,25.313,2.731,2.245,1.49,0.513,15.022,2.779,1.537,1.176,0.273,20.459,4.89,2.907,1.671,0.925,8.737,3.321,2.193,1.8,0.441,1.816,0.805,0.45,0.284,0.113,6.053,3.021,2.524,1.225,0.423,8.879,3.467,1.836,1.268,0.561,0.126,0.067,0.051,0.03,0.017,20.397,14.431,5.689,2.118,1.48,5.285,1.916,0.83,0.927,0.231,24.775,5.709,2.25,2.282,0.772,30.865,5.453,2.434,1.93,0.815,74.944,12.126,3.991,2.165,1.115
1761327879,2025-10-24,pull,32.827,5.905,2.116,1.18,0.514,25.999,3.017,2.358,1.555,0.57,14.514,3.149,1.443,1.168,0.301,19.184,5.713,2.687,1.635,0.959,10,3.906,2.141,1.704,0.495,2.019,0.88,0.441,0.296,0.121,6.35,3.383,3.003,1.222,0.454,9.612,4.161,2.061,1.22,0.612,0.106,0.059,0.053,0.028,0.02,24.821,14.785,5.024,1.944,1.56,5.779,2.337,0.766,0.892,0.262,24.975,7.111,2.269,2.211,0.832,30.454,6.409,2.308,1.765,0.893,68.748,12.928,3.769,1.97,1.168
1761327879,2025-10-24,pull,29.903,5.778,1.947,1.096,0.534,25.671,3.291,2.37,1.569,0.617,14.124,3.302,1.383,1.125,0.332,18.527,6.251,2.474,1.533,0.936,12.023,4.386,2.146,1.528,0.546,2.404,0.93,0.45,0.3,0.127,6.816,3.653,3.394,1.153,0.467,10.805,4.691,2.332,1.146,0.633,0.081,0.057,0.057,0.031,0.024,30.048,14.201,4.233,1.728,1.55,6.469,2.652,0.731,0.811,0.284,25.936,8.105,2.346,2.028,0.854,30.928,7.137,2.247,1.574,0.926,62.907,12.86,3.525,1.729,1.151
1761327879,2025-10-24,neutral,29.932,5.246,1.857,0.989,0.527,26.056,3.516,2.29,1.528,0.639,13.83,3.167,1.39,1.048,0.359,18.227,6.291,2.386,1.381,0.867,13.03,4.628,2.282,1.312,0.581,2.557,0.946,0.491,0.296,0.129,7.03,3.782,3.679,1.03,0.458,11.544,4.961,2.701,1.063,0.616,0.066,0.056,0.06,0.034,0.029,33.877,12.849,3.358,1.51,1.464,7.218,2.761,0.761,0.703,0.293,27.039,8.383,2.549,1.772,0.835,33.974,7.413,2.336,1.382,0.912,63.938,11.958,3.407,1.493,1.072
1761327879,2025-10-24,neutral,34.372,4.471,1.877,0.872,0.493,27.68,3.687,2.128,1.429,0.626,14.045,2.784,1.478,0.933,0.372,19.099,5.769,2.469,1.196,0.766,13.587,4.566,2.525,1.087,0.593,2.74,0.925,0.561,0.28,0.126,7.052,3.744,3.835,0.875,0.422,11.929,4.975,3.174,0.971,0.564,0.045,0.056,0.063,0.036,0.032,36.384,11.061,2.484,1.315,1.332,7.978,2.639,0.862,0.587,0.29,28.368,7.878,2.887,1.486,0.777,40.16,7.167,2.586,1.185,0.859,74.876,10.51,3.508,1.278,0.95
1761327879,2025-10-24,neutral,41.798,3.631,1.944,0.749,0.439,31.349,3.833,1.905,1.283,0.579,14.257,2.258,1.609,0.785,0.368,20.025,4.785,2.633,0.995,0.646,12.601,4.194,2.75,0.875,0.577,2.617,0.864,0.631,0.25,0.119,6.636,3.513,3.814,0.708,0.363,11.394,4.777,3.65,0.865,0.486,0.041,0.057,0.066,0.037,0.035,37.29,9.155,1.717,1.14,1.179,8.474,2.331,0.998,0.473,0.277,28.797,6.764,3.272,1.199,0.688,47.817,6.439,2.896,0.979,0.783,93.009,8.832,3.753,1.078,0.804
1761327879,2025-10-24,neutral,48.919,2.91,1.972,0.631,0.377,35.221,3.983,1.653,1.12,0.512,14.068,1.738,1.732,0.624,0.346,20.303,3.602,2.741,0.807,0.521,10.597,3.596,2.817,0.695,0.54,2.366,0.768,0.666,0.211,0.11,5.78,3.104,3.58,0.556,0.293,10.149,4.43,3.976,0.745,0.396,0.047,0.061,0.07,0.037,0.036,37.383,7.467,1.225,0.982,1.025,8.44,1.94,1.111,0.373,0.257,27.828,5.414,3.569,0.946,0.586,53.798,5.435,3.13,0.78,0.703,110.94,7.272,3.985,0.898,0.654
1761327880,2025-10-24,neutral,52.246,2.391,1.901,0.534,0.318,38.084,4.116,1.402,0.975,0.442,13.236,1.331,1.796,0.481,0.311,19.297,2.498,2.686,0.66,0.405,7.936,2.892,2.646,0.565,0.49,1.96,0.648,0.644,0.169,0.101,4.698,2.566,3.138,0.435,0.224,8.483,3.955,4.013,0.623,0.313,0.08,0.07,0.075,0.036,0.036,37.184,6.167,1.08,0.847,0.877,7.899,1.566,1.152,0.291,0.236,25.415,4.151,3.668,0.755,0.49,55.341,4.396,3.183,0.622,0.63,120.342,6.017,4.051,0.766,0.518
1761327880,2025-10-24,neutral,50.027,2.058,1.721,0.469,0.273,37.913,4.141,1.171,0.875,0.384,11.8,1.068,1.764,0.377,0.27,17.127,1.685,2.449,0.562,0.314,5.385,2.202,2.26,0.486,0.437,1.515,0.516,0.564,0.133,0.093,3.713,1.99,2.551,0.351,0.17,6.837,3.367,3.72,0.511,0.25,0.123,0.082,0.079,0.034,0.036,36.433,5.269,1.228,0.751,0.741,6.852,1.263,1.103,0.231,0.215,22.119,3.166,3.529,0.635,0.415,51.179,3.471,3.017,0.527,0.568,116.541,5.036,3.859,0.701,0.406
1761327880,2025-10-24,neutral,42.066,1.804,1.473,0.433,0.244,33.681,3.923,0.963,0.816,0.341,9.972,0.914,1.629,0.317,0.232,14.092,1.231,2.072,0.5,0.259,4.37,1.679,1.758,0.449,0.387,1.302,0.402,0.451,0.109,0.088,2.976,1.465,1.909,0.292,0.136,5.505,2.695,3.152,0.414,0.212,0.174,0.094,0.081,0.033,0.035,34.656,4.635,1.514,0.702,0.627,5.511,1.029,0.976,0.19,0.197,18.48,2.484,3.173,0.567,0.369,41.789,2.686,2.664,0.49,0.515,98.677,4.142,3.42,0.695,0.328
1761327880,2025-10-24,neutral,31.008,1.579,1.208,0.422,0.228,26.598,3.424,0.772,0.778,0.312,8.117,0.813,1.406,0.292,0.199,11.008,1.063,1.646,0.459,0.237,6.685,1.569,1.296,0.442,0.345,1.688,0.358,0.338,0.096,0.085,2.645,1.044,1.317,0.25,0.121,4.58,1.985,2.446,0.336,0.198,0.213,0.101,0.081,0.033,0.035,31.471,4.146,1.774,0.707,0.543,4.101,0.825,0.803,0.168,0.184,15.212,2.006,2.671,0.534,0.347,29.91,2.038,2.201,0.491,0.467,72.692,3.282,2.821,0.729,0.282
1761327880,2025-10-24,neutral,20.273,1.474,0.962,0.421,0.214,18.115,2.73,0.593,0.736,0.29,6.38,0.743,1.132,0.284,0.175,8.268,1.064,1.248,0.43,0.235,13.378,2.268,1.035,0.448,0.31,3.1,0.478,0.265,0.092,0.081,2.357,0.73,0.845,0.219,0.115,3.738,1.309,1.749,0.279,0.198,0.23,0.102,0.08,0.034,0.035,26.366,3.782,1.891,0.741,0.49,2.872,0.626,0.617,0.161,0.174,12.292,1.664,2.105,0.518,0.338,18.929,1.599,1.708,0.508,0.42,46.962,2.631,2.177,0.771,0.259
1761327880,2025-10-24,neutral,13.215,1.701,0.802,0.418,0.197,11.208,2.053,0.458,0.676,0.27,5.091,0.755,0.875,0.277,0.156,6.469,1.177,0.951,0.402,0.241,26.406,4.043,1.106,0.45,0.282,5.815,0.831,0.263,0.091,0.076,2.175,0.529,0.543,0.196,0.114,3.017,0.789,1.22,0.238,0.203,0.215,0.094,0.079,0.037,0.033,20.529,3.602,1.895,0.773,0.462,2.105,0.46,0.459,0.161,0.165,10.156,1.545,1.622,0.503,0.329,12.239,1.57,1.311,0.521,0.377,29.56,2.59,1.669,0.787,0.249
1761327880,2025-10-24,neutral,11.356,2.503,0.822,0.406,0.177,6.917,1.705,0.402,0.598,0.255,4.333,0.929,0.72,0.262,0.146,5.639,1.455,0.817,0.376,0.253,45.198,7.007,1.577,0.443,0.266,9.784,1.448,0.353,0.094,0.072,2.009,0.485,0.445,0.184,0.119,2.421,0.549,0.993,0.216,0.209,0.178,0.078,0.079,0.041,0.031,15.347,3.712,1.993,0.788,0.452,1.922,0.397,0.359,0.162,0.157,8.784,1.815,1.382,0.486,0.32,11.359,2.229,1.189,0.53,0.345,24.561,3.633,1.503,0.763,0.249
1761327880,2025-10-24,neutral,14.717,3.905,1.106,0.383,0.16,5.822,1.899,0.509,0.514,0.247,4.177,1.289,0.748,0.24,0.143,5.738,1.891,0.902,0.356,0.274,67.409,10.647,2.4,0.435,0.262,14.453,2.222,0.527,0.1,0.069,1.904,0.576,0.58,0.186,0.131,2.111,0.594,1.165,0.214,0.22,0.131,0.059,0.08,0.045,0.029,12.275,4.071,2.436,0.794,0.454,2.377,0.481,0.357,0.161,0.15,8.463,2.511,1.552,0.476,0.314,16.461,3.587,1.518,0.538,0.331,32.275,5.825,1.845,0.709,0.259
1761327881,2025-10-24,neutral,21.217,5.614,1.671,0.357,0.147,6.872,2.751,0.921,0.459,0.253,4.289,1.754,0.997,0.22,0.147,6.175,2.377,1.234,0.354,0.306,88.037,13.955,3.439,0.443,0.268,18.796,2.933,0.752,0.112,0.071,1.739,0.725,0.941,0.206,0.151,1.909,0.809,1.731,0.245,0.237,0.09,0.04,0.081,0.047,0.027,11.565,4.536,3.337,0.825,0.459,3.203,0.686,0.475,0.162,0.145,8.635,3.45,2.198,0.492,0.316,25.12,5.304,2.364,0.559,0.335,47.843,8.668,2.727,0.655,0.276
1761327881,2025-10-24,neutral,29.059,7.161,2.473,0.357,0.144,10.067,4.379,1.764,0.495,0.279,4.741,2.254,1.466,0.228,0.161,7.106,2.863,1.823,0.398,0.352,102.557,15.901,4.538,0.486,0.284,21.81,3.356,0.987,0.13,0.077,1.617,0.992,1.496,0.262,0.18,1.931,1.185,2.58,0.331,0.263,0.068,0.025,0.081,0.048,0.026,14.797,5.274,4.647,0.93,0.475,4.3,0.976,0.711,0.175,0.144,9.694,4.479,3.266,0.574,0.334,35.258,6.946,3.683,0.632,0.356,66.635,11.353,4.041,0.66,0.304
1761327881,2025-10-24,neutral,35.441,8.159,3.38,0.418,0.16,15.407,6.772,3.018,0.676,0.343,5.596,2.841,2.093,0.292,0.193,8.891,3.532,2.616,0.532,0.422,105.539,16.11,5.49,0.591,0.32,22.395,3.402,1.18,0.156,0.09,2.082,1.621,2.188,0.375,0.223,2.705,1.936,3.516,0.495,0.301,0.055,0.017,0.079,0.047,0.028,24.988,6.804,6.085,1.129,0.526,5.304,1.359,1.025,0.218,0.153,11.857,5.728,4.547,0.768,0.388,43.207,8.277,5.267,0.82,0.407,81.324,13.184,5.531,0.785,0.364
1761327881,2025-10-24,neutral,39.409,8.466,4.206,0.555,0.203,22.617,9.667,4.483,0.996,0.451,7.381,3.555,2.77,0.424,0.251,12.561,4.539,3.488,0.782,0.523,99.646,14.759,6.077,0.769,0.385,21.15,3.105,1.282,0.192,0.11,3.916,2.77,2.929,0.557,0.282,5.162,3.2,4.349,0.743,0.352,0.058,0.017,0.073,0.044,0.031,44.149,9.404,7.294,1.396,0.639,6.322,1.833,1.353,0.301,0.177,16.487,7.304,5.771,1.09,0.493,47.993,9.246,6.82,1.16,0.492,89.194,13.905,6.879,1.055,0.476
1761327881,2025-10-24,neutral,39.891,8.222,4.768,0.751,0.273,30.649,12.425,5.783,1.379,0.593,9.721,4.381,3.356,0.608,0.333,17.484,5.915,4.249,1.126,0.652,83.955,12.587,6.209,1.005,0.481,17.744,2.622,1.281,0.233,0.138,6.944,4.383,3.59,0.79,0.355,9.051,4.915,4.93,1.047,0.414,0.063,0.024,0.066,0.039,0.035,70.584,12.955,7.994,1.661,0.813,6.945,2.366,1.622,0.419,0.214,22.78,9.174,6.658,1.512,0.645,47.724,9.969,8.014,1.624,0.607,87.85,13.7,7.782,1.44,0.637
1761327881,2025-10-24,neutral,37.68,7.633,4.929,0.961,0.356,36.987,14.219,6.53,1.703,0.736,12.532,5.142,3.702,0.803,0.425,23.261,7.367,4.693,1.491,0.788,67.227,10.314,5.839,1.251,0.59,14.266,2.112,1.177,0.273,0.166,10.859,6.087,4.036,1.024,0.429,14.121,6.705,5.187,1.346,0.473,0.073,0.039,0.058,0.033,0.04,97.962,16.794,8.089,1.839,1.014,7.397,2.856,1.765,0.548,0.257,30.371,10.952,6.991,1.946,0.813,43.838,10.46,8.564,2.108,0.728,79.533,12.887,8.028,1.852,0.817
1761327881,2025-10-24,neutral,33.558,6.903,4.666,1.123,0.429,40.149,14.438,6.48,1.855,0.835,14.88,5.601,3.716,0.955,0.501,28.067,8.452,4.705,1.773,0.897,50.398,8.44,5.088,1.441,0.679,10.579,1.692,1.007,0.3,0.186,14.418,7.361,4.162,1.193,0.484,18.615,8.047,5.119,1.562,0.513,0.083,0.061,0.053,0.029,0.045,118.087,19.943,7.652,1.871,1.18,7.349,3.181,1.747,0.651,0.293,36.752,12.108,6.721,2.279,0.949,37.325,10.667,8.373,2.477,0.82,67.181,11.798,7.598,2.183,0.963
1761327881,2025-10-24,neutral,28.37,6.118,4.057,1.186,0.466,38.343,12.936,5.672,1.791,0.854,16.054,5.545,3.389,1.021,0.537,30.347,8.741,4.289,1.882,0.943,38.318,6.988,4.105,1.517,0.714,8.076,1.374,0.808,0.305,0.192,16.461,7.769,3.932,1.241,0.501,21.259,8.489,4.769,1.633,0.519,0.089,0.088,0.051,0.029,0.052,123.822,21.411,6.852,1.741,1.248,6.925,3.227,1.576,0.696,0.309,39.979,12.158,5.95,2.415,1.006,30.059,10.388,7.51,2.613,0.849,53.687,10.535,6.625,2.338,1.022
1761327882,2025-10-24,neutral,23.072,5.256,3.265,1.129,0.451,32.36,10.124,4.381,1.543,0.784,15.556,4.907,2.806,0.986,0.518,29.316,8.027,3.571,1.779,0.903,29.275,5.699,3.089,1.451,0.676,6.073,1.106,0.62,0.285,0.179,16.332,7.152,3.391,1.154,0.473,21.055,7.859,4.192,1.539,0.485,0.091,0.115,0.051,0.03,0.058,113.669,20.701,5.878,1.487,1.195,6.09,2.963,1.302,0.671,0.3,38.733,10.915,4.882,2.315,0.959,23.42,9.436,6.198,2.468,0.796,41.485,9.021,5.352,2.266,0.968
1761327882,2025-10-24,neutral,17.921,4.287,2.459,0.969,0.39,23.678,6.821,2.995,1.2,0.645,13.407,3.812,2.104,0.866,0.45,25.018,6.456,2.726,1.502,0.779,22.721,4.345,2.158,1.261,0.572,4.721,0.841,0.456,0.243,0.149,13.975,5.706,2.662,0.965,0.405,18.025,6.346,3.448,1.308,0.417,0.083,0.135,0.052,0.033,0.061,91.195,18.07,4.833,1.173,1.04,4.933,2.454,0.997,0.584,0.266,33.038,8.614,3.737,2.01,0.819,17.752,7.824,4.72,2.085,0.672,30.877,7.18,4.028,1.987,0.814
1761327882,2025-10-24,neutral,13.055,3.262,1.746,0.752,0.301,14.873,3.874,1.833,0.865,0.481,10.276,2.562,1.425,0.703,0.351,18.851,4.485,1.923,1.143,0.602,15.289,2.921,1.403,1.005,0.436,3.192,0.574,0.327,0.19,0.112,10.302,3.904,1.89,0.741,0.318,13.286,4.428,2.614,1.016,0.332,0.071,0.141,0.051,0.034,0.06,64.265,14.257,3.754,0.882,0.839,3.649,1.839,0.734,0.467,0.219,24.672,5.869,2.682,1.591,0.63,13.122,5.819,3.322,1.584,0.509,21.72,5.128,2.827,1.583,0.608
1761327882,2025-10-24,neutral,8.775,2.395,1.171,0.538,0.215,7.953,1.848,1.035,0.611,0.34,7.031,1.512,0.862,0.541,0.252,12.539,2.674,1.272,0.807,0.42,8.92,1.651,0.845,0.753,0.311,1.847,0.348,0.228,0.141,0.079,6.559,2.306,1.218,0.55,0.234,8.352,2.708,1.797,0.742,0.254,0.055,0.133,0.048,0.033,0.054,40.378,10.187,2.707,0.682,0.656,2.473,1.293,0.549,0.358,0.174,15.986,3.471,1.803,1.173,0.448,9.407,3.964,2.145,1.115,0.357,13.988,3.292,1.827,1.163,0.413
1761327882,2025-10-24,neutral,5.395,1.925,0.757,0.371,0.155,3.73,0.85,0.582,0.459,0.251,4.36,0.928,0.471,0.411,0.177,7.355,1.438,0.823,0.564,0.273,5.499,0.802,0.52,0.561,0.23,1.199,0.2,0.168,0.105,0.057,3.624,1.288,0.77,0.432,0.171,4.424,1.632,1.174,0.541,0.202,0.042,0.115,0.045,0.031,0.045,24.113,6.692,1.85,0.609,0.529,1.589,0.948,0.451,0.285,0.141,8.861,2.012,1.17,0.842,0.319,6.547,2.795,1.289,0.792,0.257,7.991,2.178,1.086,0.819,0.277
1761327882,2025-10-24,neutral,3.294,1.853,0.518,0.267,0.131,1.765,0.58,0.359,0.379,0.217,2.681,0.83,0.273,0.322,0.136,4.091,0.844,0.577,0.428,0.184,2.91,0.426,0.403,0.443,0.203,0.606,0.137,0.141,0.085,0.05,1.981,0.883,0.596,0.392,0.133,2.086,1.293,0.895,0.43,0.179,0.034,0.104,0.048,0.027,0.036,15.703,4.159,1.302,0.647,0.458,1.068,0.825,0.429,0.254,0.125,4.405,1.558,0.833,0.631,0.258,4.712,2.414,0.79,0.646,0.222,4.261,1.834,0.631,0.589,0.216
1761327882,2025-10-24,neutral,2.309,1.979,0.426,0.214,0.134,1.072,0.609,0.253,0.331,0.218,1.885,1.034,0.236,0.264,0.123,2.495,0.678,0.483,0.37,0.148,1.996,0.36,0.42,0.379,0.216,0.468,0.12,0.139,0.077,0.055,1.37,0.863,0.662,0.399,0.113,1.104,1.475,0.991,0.385,0.178,0.039,0.122,0.062,0.026,0.032,12.567,2.556,1.082,0.748,0.42,0.893,0.846,0.449,0.253,0.119,2.386,1.737,0.79,0.52,0.247,3.648,2.553,0.589,0.629,0.237,2.491,1.966,0.418,0.456,0.211
1761327882,2025-10-24,neutral,1.914,2.061,0.445,0.187,0.148,0.798,0.673,0.202,0.291,0.229,1.525,1.29,0.306,0.227,0.123,1.794,0.65,0.475,0.342,0.145,1.72,0.398,0.487,0.336,0.242,0.371,0.111,0.143,0.073,0.065,1.167,0.938,0.865,0.413,0.101,0.784,1.841,1.359,0.366,0.182,0.057,0.185,0.087,0.029,0.036,11.685,1.786,1.111,0.855,0.387,0.812,0.899,0.477,0.258,0.116,1.697,2.065,0.984,0.462,0.256,3.046,2.825,0.59,0.654,0.27,1.886,2.188,0.379,0.375,0.228
1761327883,2025-10-24,neutral,1.801,1.974,0.536,0.179,0.159,0.721,0.68,0.185,0.266,0.235,1.457,1.437,0.434,0.213,0.126,1.565,0.607,0.515,0.334,0.16,1.582,0.429,0.551,0.298,0.262,0.368,0.101,0.147,0.07,0.075,1.075,0.955,1.103,0.412,0.09,0.8,2.158,1.828,0.356,0.183,0.088,0.288,0.12,0.036,0.05,12.185,1.761,1.27,0.941,0.357,0.866,0.917,0.492,0.259,0.111,1.696,2.293,1.341,0.444,0.264,2.783,2.985,0.722,0.683,0.299,1.903,2.285,0.462,0.336,0.244
1761327883,2025-10-24,neutral,1.786,1.745,0.689,0.2,0.165,0.813,0.629,0.209,0.277,0.235,1.465,1.423,0.594,0.239,0.128,1.524,0.536,0.591,0.364,0.184,1.571,0.434,0.594,0.267,0.266,0.369,0.098,0.146,0.068,0.08,0.947,0.882,1.289,0.398,0.085,0.914,2.316,2.22,0.361,0.178,0.122,0.404,0.15,0.044,0.068,13.385,2.386,1.475,1.03,0.341,0.882,0.881,0.491,0.256,0.105,1.906,2.392,1.783,0.487,0.264,2.554,2.978,0.956,0.744,0.315,2.126,2.237,0.646,0.363,0.253
1761327883,2025-10-24,neutral,1.792,1.444,0.89,0.258,0.165,0.881,0.54,0.282,0.339,0.228,1.48,1.254,0.762,0.314,0.129,1.535,0.453,0.698,0.443,0.213,1.362,0.424,0.613,0.25,0.254,0.345,0.107,0.142,0.07,0.079,0.796,0.741,1.37,0.377,0.085,1.056,2.257,2.417,0.395,0.169,0.15,0.496,0.169,0.05,0.086,15.243,3.503,1.711,1.176,0.349,0.874,0.793,0.485,0.253,0.098,2.017,2.381,2.224,0.607,0.257,2.41,2.831,1.252,0.868,0.314,2.357,2.092,0.911,0.477,0.254
1761327883,2025-10-24,neutral,1.774,1.173,1.11,0.346,0.164,1.024,0.453,0.409,0.443,0.218,1.605,1.002,0.923,0.429,0.129,1.685,0.386,0.841,0.559,0.247,1.239,0.41,0.615,0.245,0.23,0.341,0.133,0.135,0.077,0.074,0.68,0.578,1.329,0.357,0.092,1.274,2.021,2.37,0.464,0.16,0.162,0.531,0.171,0.052,0.096,17.501,4.862,1.967,1.427,0.376,0.931,0.694,0.49,0.253,0.091,2.238,2.348,2.573,0.792,0.245,2.381,2.648,1.548,1.063,0.301,2.674,1.957,1.229,0.672,0.251
1761327883,2025-10-24,neutral,1.643,1.005,1.322,0.445,0.167,1.035,0.402,0.583,0.563,0.207,1.676,0.77,1.061,0.557,0.134,1.723,0.365,1.011,0.678,0.286,0.968,0.407,0.627,0.249,0.205,0.297,0.171,0.129,0.089,0.07,0.597,0.435,1.182,0.342,0.103,1.384,1.69,2.105,0.56,0.157,0.155,0.494,0.156,0.049,0.095,18.87,6.117,2.215,1.767,0.412,1.029,0.635,0.517,0.257,0.088,2.205,2.353,2.767,1.003,0.238,2.187,2.524,1.792,1.292,0.284,2.709,1.912,1.564,0.902,0.248
1761327883,2025-10-24,neutral,1.488,0.967,1.503,0.527,0.176,1.031,0.414,0.777,0.665,0.2,1.783,0.647,1.164,0.661,0.146,1.78,0.41,1.191,0.76,0.33,0.818,0.421,0.662,0.256,0.188,0.283,0.211,0.126,0.102,0.07,0.587,0.331,0.974,0.332,0.118,1.468,1.351,1.713,0.66,0.165,0.131,0.4,0.128,0.043,0.084,19.144,6.918,2.42,2.113,0.445,1.224,0.639,0.57,0.263,0.091,2.225,2.407,2.8,1.184,0.241,2.01,2.502,1.963,1.478,0.27,2.641,1.986,1.882,1.102,0.248
1761327883,2025-10-24,neutral,1.287,1.043,1.64,0.572,0.188,0.936,0.487,0.956,0.723,0.197,1.803,0.671,1.226,0.716,0.167,1.733,0.524,1.352,0.777,0.374,0.66,0.447,0.73,0.263,0.182,0.264,0.24,0.125,0.112,0.075,0.599,0.269,0.766,0.328,0.135,1.409,1.084,1.326,0.735,0.185,0.098,0.278,0.098,0.037,0.067,17.745,7.159,2.568,2.391,0.468,1.433,0.711,0.651,0.27,0.1,2.115,2.491,2.728,1.294,0.258,1.689,2.589,2.084,1.557,0.262,2.333,2.175,2.161,1.218,0.252
1761327883,2025-10-24,neutral,1.167,1.183,1.702,0.573,0.198,0.875,0.603,1.082,0.725,0.196,1.811,0.82,1.233,0.712,0.191,1.731,0.69,1.451,0.73,0.408,0.686,0.475,0.81,0.275,0.187,0.281,0.251,0.123,0.117,0.084,0.668,0.245,0.611,0.332,0.153,1.365,0.932,1.057,0.766,0.214,0.07,0.163,0.071,0.034,0.051,15.68,6.845,2.621,2.586,0.499,1.619,0.828,0.751,0.278,0.113,2.144,2.58,2.601,1.324,0.282,1.529,2.737,2.165,1.509,0.259,2.031,2.444,2.351,1.233,0.258
1761327884,2025-10-24,neutral,1.109,1.325,1.669,0.539,0.199,0.792,0.728,1.128,0.68,0.196,1.739,1.029,1.169,0.658,0.21,1.692,0.869,1.463,0.645,0.422,0.9,0.481,0.868,0.297,0.2,0.33,0.24,0.114,0.115,0.093,0.726,0.25,0.527,0.342,0.165,1.301,0.896,0.96,0.747,0.244,0.052,0.08,0.051,0.034,0.039,13.529,6.205,2.541,2.759,0.591,1.712,0.958,0.851,0.289,0.127,2.193,2.664,2.448,1.293,0.304,1.378,2.887,2.186,1.364,0.259,1.713,2.742,2.394,1.165,0.263
1761327884,2025-10-24,neutral,1.113,1.418,1.529,0.491,0.191,0.746,0.831,1.084,0.61,0.197,1.639,1.224,1.035,0.576,0.217,1.649,1.025,1.389,0.557,0.411,2.019,0.464,0.872,0.329,0.212,0.554,0.216,0.1,0.107,0.1,0.796,0.284,0.499,0.349,0.169,1.32,0.951,1.025,0.686,0.266,0.046,0.034,0.04,0.037,0.033,12.319,5.636,2.329,2.999,0.814,1.684,1.059,0.916,0.304,0.14,2.33,2.749,2.263,1.233,0.312,1.326,2.974,2.1,1.191,0.262,1.474,3.014,2.254,1.055,0.263
1761327884,2025-10-24,neutral,1.148,1.432,1.298,0.447,0.178,0.754,0.896,0.956,0.541,0.201,1.539,1.352,0.85,0.492,0.208,1.69,1.131,1.238,0.492,0.378,3.666,0.433,0.809,0.363,0.221,0.876,0.185,0.082,0.096,0.104,0.875,0.34,0.5,0.343,0.161,1.455,1.072,1.19,0.602,0.272,0.047,0.016,0.036,0.042,0.033,12.391,5.457,2.034,3.336,1.199,1.581,1.1,0.916,0.321,0.149,2.543,2.836,2.022,1.17,0.302,1.376,2.958,1.868,1.05,0.267,1.424,3.2,1.935,0.943,0.257
1761327884,2025-10-24,neutral,1.126,1.364,1.025,0.424,0.164,0.788,0.939,0.784,0.489,0.208,1.382,1.394,0.661,0.427,0.183,1.665,1.197,1.051,0.46,0.333,7.213,0.417,0.705,0.386,0.224,1.613,0.162,0.072,0.085,0.106,0.902,0.406,0.519,0.32,0.143,1.576,1.217,1.378,0.515,0.262,0.05,0.012,0.037,0.046,0.034,13.279,5.769,1.713,3.695,1.697,1.456,1.079,0.848,0.334,0.152,2.65,2.903,1.749,1.115,0.273,1.433,2.862,1.518,0.972,0.273,1.464,3.28,1.541,0.853,0.247
1761327884,2025-10-24,neutral,1.159,1.222,0.768,0.429,0.153,1.023,1,0.621,0.461,0.216,1.332,1.357,0.509,0.389,0.151,1.897,1.259,0.889,0.458,0.287,10.101,0.463,0.602,0.391,0.225,2.125,0.153,0.076,0.076,0.107,1.019,0.47,0.555,0.284,0.121,1.831,1.346,1.521,0.45,0.237,0.056,0.014,0.042,0.049,0.035,14.486,6.452,1.531,3.997,2.194,1.366,1.019,0.725,0.345,0.148,2.84,2.89,1.486,1.073,0.235,1.684,2.737,1.12,0.954,0.276,1.704,3.264,1.203,0.792,0.233
1761327884,2025-10-24,neutral,1.178,1.041,0.571,0.463,0.145,1.319,1.113,0.507,0.452,0.225,1.201,1.266,0.411,0.375,0.121,2.102,1.349,0.788,0.474,0.25,14.298,0.594,0.552,0.378,0.231,3.048,0.162,0.106,0.074,0.106,1.047,0.528,0.609,0.246,0.103,1.915,1.45,1.606,0.419,0.206,0.067,0.02,0.05,0.05,0.034,16.18,8.054,1.932,4.307,2.557,1.379,0.967,0.587,0.355,0.138,2.866,2.771,1.279,1.041,0.2,2.046,2.657,0.794,0.974,0.275,2.065,3.198,1.018,0.757,0.22
1761327884,2025-10-24,neutral,1.255,0.87,0.462,0.518,0.142,1.8,1.284,0.459,0.45,0.234,1.214,1.151,0.371,0.374,0.102,2.566,1.475,0.772,0.492,0.229,15.499,0.811,0.562,0.355,0.249,3.141,0.185,0.153,0.078,0.106,1.169,0.583,0.68,0.22,0.096,2.055,1.538,1.672,0.427,0.179,0.097,0.029,0.062,0.049,0.032,20.138,11.666,3.338,4.865,2.725,1.455,0.958,0.482,0.366,0.125,3.074,2.575,1.175,1.025,0.18,2.579,2.663,0.666,1.009,0.269,2.513,3.133,1.026,0.746,0.212
1761327884,2025-10-24,neutral,1.414,0.758,0.42,0.583,0.141,2.231,1.481,0.458,0.448,0.243,1.151,1.033,0.36,0.379,0.099,2.951,1.603,0.818,0.506,0.227,16.496,1.073,0.621,0.328,0.281,3.452,0.214,0.212,0.086,0.105,1.169,0.634,0.754,0.212,0.103,1.991,1.616,1.758,0.462,0.167,0.147,0.042,0.076,0.049,0.031,27.54,18.237,5.91,5.9,2.728,1.552,1.001,0.443,0.38,0.11,3.215,2.357,1.158,1.025,0.182,3.151,2.763,0.785,1.049,0.262,2.944,3.139,1.179,0.763,0.215
1761327885,2025-10-24,neutral,1.666,0.764,0.424,0.641,0.143,2.563,1.655,0.483,0.442,0.249,1.186,0.927,0.362,0.383,0.11,3.312,1.678,0.907,0.515,0.239,14.833,1.384,0.703,0.305,0.323,2.944,0.259,0.265,0.097,0.104,1.159,0.681,0.812,0.219,0.117,1.912,1.68,1.902,0.502,0.169,0.217,0.055,0.091,0.05,0.031,39.855,27.647,9.492,7.417,2.652,1.631,1.061,0.475,0.392,0.098,3.53,2.17,1.206,1.031,0.205,3.693,2.94,1.133,1.083,0.257,3.243,3.305,1.401,0.808,0.231
1761327885,2025-10-24,neutral,2.013,0.963,0.476,0.673,0.15,2.705,1.778,0.525,0.43,0.251,1.201,0.859,0.373,0.378,0.13,3.465,1.664,1.018,0.522,0.26,16.848,1.962,0.803,0.289,0.366,3.576,0.392,0.312,0.107,0.103,1.053,0.723,0.837,0.235,0.131,1.749,1.767,2.081,0.525,0.182,0.293,0.066,0.1,0.051,0.034,54.852,38.402,13.459,9.071,2.579,1.663,1.091,0.551,0.39,0.09,3.823,2.049,1.277,1.017,0.238,4.067,3.177,1.622,1.088,0.258,3.392,3.722,1.617,0.858,0.257
1761327885,2025-10-24,neutral,2.414,1.4,0.57,0.665,0.16,2.629,1.855,0.574,0.407,0.248,1.269,0.851,0.395,0.359,0.15,3.427,1.566,1.131,0.53,0.282,18.273,3.167,0.93,0.281,0.399,3.703,0.707,0.35,0.114,0.104,0.901,0.766,0.824,0.25,0.137,1.694,1.942,2.241,0.519,0.195,0.359,0.072,0.1,0.051,0.041,69.975,47.696,16.787,10.286,2.535,1.681,1.051,0.626,0.368,0.086,4.154,1.979,1.311,0.957,0.269,4.32,3.427,2.084,1.039,0.262,3.4,4.391,1.746,0.88,0.287
1761327885,2025-10-24,neutral,2.842,2.062,0.683,0.612,0.173,2.454,1.924,0.621,0.373,0.239,1.383,0.913,0.423,0.327,0.166,3.276,1.443,1.214,0.543,0.297,27.811,5.211,1.052,0.278,0.413,6.071,1.257,0.378,0.116,0.105,0.787,0.82,0.791,0.262,0.132,1.856,2.253,2.322,0.495,0.205,0.403,0.074,0.089,0.05,0.047,80.004,52.629,18.501,10.53,2.488,1.728,0.938,0.649,0.328,0.088,4.508,1.934,1.247,0.849,0.288,4.56,3.669,2.346,0.927,0.266,3.43,5.244,1.732,0.848,0.31
1761327885,2025-10-24,neutral,3.186,2.881,0.824,0.526,0.184,2.215,2.027,0.66,0.335,0.225,1.477,1.049,0.462,0.29,0.176,3.025,1.377,1.246,0.559,0.299,37.477,7.81,1.163,0.277,0.407,7.964,1.957,0.394,0.115,0.105,0.694,0.909,0.77,0.27,0.119,2.225,2.696,2.296,0.467,0.208,0.423,0.074,0.072,0.048,0.052,81.329,51.553,18.097,9.577,2.375,1.78,0.788,0.602,0.278,0.094,4.768,1.921,1.11,0.714,0.29,4.867,3.916,2.35,0.771,0.265,3.523,6.171,1.629,0.761,0.32
1761327885,2025-10-24,neutral,3.42,3.734,1.017,0.428,0.19,2.013,2.173,0.68,0.301,0.208,1.572,1.248,0.527,0.257,0.177,2.779,1.428,1.22,0.58,0.288,51.109,10.163,1.233,0.278,0.386,11.238,2.597,0.397,0.112,0.106,0.705,1.064,0.79,0.277,0.106,2.731,3.189,2.188,0.451,0.207,0.431,0.076,0.054,0.047,0.054,73.809,44.932,15.841,7.676,2.157,1.83,0.665,0.514,0.234,0.098,4.932,1.981,0.989,0.59,0.277,5.263,4.183,2.182,0.611,0.256,3.719,7.028,1.567,0.646,0.313
1761327885,2025-10-24,neutral,3.465,4.453,1.29,0.342,0.191,1.823,2.324,0.682,0.277,0.19,1.595,1.471,0.628,0.234,0.173,2.499,1.592,1.151,0.602,0.268,64.06,11.864,1.329,0.292,0.362,13.698,3.038,0.398,0.11,0.106,0.796,1.287,0.861,0.279,0.102,3.154,3.591,2.047,0.445,0.205,0.434,0.083,0.04,0.047,0.051,59.241,35.078,12.621,5.43,1.859,1.801,0.616,0.426,0.204,0.1,4.88,2.129,0.973,0.504,0.256,5.559,4.436,1.991,0.48,0.239,3.878,7.646,1.685,0.534,0.294
1761327885,2025-10-24,neutral,3.258,4.878,1.617,0.278,0.188,1.6,2.412,0.663,0.263,0.176,1.534,1.658,0.75,0.221,0.164,2.144,1.803,1.054,0.61,0.246,77.248,12.914,1.551,0.328,0.342,16.722,3.244,0.423,0.11,0.108,0.861,1.55,0.981,0.271,0.109,3.306,3.775,1.915,0.437,0.202,0.442,0.094,0.035,0.048,0.044,43.381,24.983,9.414,3.459,1.557,1.697,0.651,0.367,0.187,0.097,4.549,2.325,1.083,0.458,0.234,5.622,4.589,1.87,0.384,0.216,3.869,7.859,1.993,0.447,0.268
1761327886,2025-10-24,neutral,2.88,4.931,1.924,0.244,0.184,1.373,2.381,0.626,0.257,0.166,1.448,1.76,0.869,0.212,0.151,1.807,1.976,0.948,0.596,0.229,91.65,13.445,1.963,0.388,0.332,19.211,3.243,0.489,0.114,0.11,1.01,1.793,1.106,0.25,0.126,3.211,3.71,1.807,0.412,0.199,0.456,0.106,0.038,0.05,0.035,29.107,17.046,6.93,2.129,1.322,1.494,0.745,0.342,0.176,0.093,4.115,2.495,1.267,0.439,0.217,5.367,4.56,1.84,0.32,0.192,3.663,7.584,2.376,0.4,0.243
1761327886,2025-10-24,neutral,2.343,4.65,2.11,0.238,0.179,1.092,2.219,0.577,0.255,0.164,1.364,1.754,0.939,0.204,0.139,1.425,2.055,0.841,0.557,0.221,95.879,13.825,2.509,0.462,0.326,20.013,3.14,0.589,0.121,0.111,1.096,1.981,1.192,0.216,0.147,2.879,3.509,1.712,0.369,0.194,0.467,0.115,0.046,0.051,0.028,19.674,12.241,5.281,1.457,1.169,1.267,0.856,0.333,0.164,0.091,3.677,2.577,1.411,0.434,0.207,4.849,4.308,1.812,0.286,0.176,3.32,6.856,2.629,0.393,0.225
1761327886,2025-10-24,neutral,2.009,4.161,2.108,0.256,0.176,0.98,1.981,0.534,0.256,0.167,1.457,1.659,0.937,0.196,0.13,1.317,2.037,0.747,0.5,0.22,102.797,14.119,3.061,0.53,0.316,21.103,3.012,0.698,0.126,0.107,1.3,2.116,1.191,0.179,0.165,2.64,3.347,1.589,0.322,0.19,0.474,0.118,0.054,0.052,0.024,14.134,9.974,4.219,1.214,1.065,1.049,0.946,0.315,0.155,0.097,3.563,2.538,1.421,0.44,0.207,4.404,3.895,1.71,0.292,0.175,3.126,5.849,2.618,0.42,0.216
1761327886,2025-10-24,neutral,1.414,3.595,1.893,0.288,0.174,0.756,1.744,0.499,0.258,0.173,1.456,1.514,0.852,0.186,0.127,1.037,1.945,0.666,0.437,0.226,95.507,14.13,3.385,0.568,0.297,19.322,2.867,0.766,0.125,0.099,1.402,2.254,1.134,0.149,0.174,2.297,3.402,1.437,0.291,0.189,0.454,0.115,0.06,0.051,0.023,11.173,8.928,3.407,1.157,0.969,0.834,0.989,0.275,0.158,0.112,3.424,2.392,1.271,0.459,0.215,3.802,3.424,1.468,0.342,0.194,2.748,4.78,2.292,0.471,0.217
1761327886,2025-10-24,neutral,1.338,3.04,1.512,0.323,0.172,0.854,1.547,0.456,0.258,0.183,1.692,1.346,0.7,0.176,0.132,1.217,1.791,0.582,0.382,0.234,87.331,13.356,3.329,0.559,0.268,17.645,2.633,0.761,0.115,0.087,1.588,2.408,1.027,0.137,0.174,2.333,3.699,1.255,0.29,0.19,0.421,0.108,0.063,0.049,0.026,9.434,8.089,2.684,1.182,0.867,0.751,0.968,0.225,0.179,0.135,3.751,2.147,0.998,0.49,0.229,3.858,2.958,1.121,0.427,0.229,2.906,3.785,1.725,0.529,0.223
1761327886,2025-10-24,neutral,0.929,2.529,1.073,0.348,0.167,0.73,1.379,0.394,0.252,0.192,1.61,1.172,0.525,0.17,0.142,1.102,1.582,0.494,0.345,0.244,68.795,11.519,2.861,0.502,0.235,13.692,2.241,0.664,0.1,0.076,1.566,2.561,0.91,0.147,0.166,2.179,4.112,1.045,0.316,0.194,0.354,0.098,0.063,0.047,0.03,7.757,7.218,1.996,1.256,0.767,0.622,0.879,0.187,0.214,0.156,3.663,1.816,0.692,0.529,0.243,3.557,2.497,0.766,0.523,0.269,2.578,2.917,1.103,0.58,0.229
1761327886,2025-10-24,neutral,0.867,2.104,0.688,0.356,0.158,0.802,1.229,0.317,0.241,0.2,1.607,1.018,0.371,0.174,0.152,1.22,1.361,0.408,0.333,0.253,49.916,8.703,2.092,0.414,0.205,9.97,1.683,0.501,0.081,0.068,1.5,2.643,0.787,0.174,0.151,2.12,4.427,0.814,0.355,0.196,0.285,0.088,0.062,0.043,0.035,6.818,6.368,1.398,1.36,0.679,0.609,0.745,0.17,0.252,0.168,3.618,1.443,0.431,0.567,0.251,3.588,2.053,0.502,0.6,0.302,2.581,2.248,0.612,0.615,0.231
1761327886,2025-10-24,neutral,0.731,1.801,0.458,0.348,0.146,0.76,1.099,0.253,0.227,0.208,1.382,0.915,0.28,0.191,0.161,1.22,1.186,0.347,0.344,0.263,30.712,5.566,1.278,0.325,0.184,6.053,1.063,0.32,0.065,0.064,1.256,2.581,0.667,0.211,0.134,1.812,4.479,0.575,0.394,0.193,0.203,0.078,0.06,0.039,0.04,5.724,5.586,1.052,1.459,0.61,0.599,0.601,0.176,0.281,0.165,3.209,1.099,0.273,0.598,0.248,3.239,1.649,0.392,0.638,0.317,2.288,1.836,0.38,0.637,0.23
1761327887,2025-10-24,neutral,0.775,1.631,0.377,0.336,0.134,0.838,1.006,0.214,0.217,0.216,1.231,0.88,0.245,0.224,0.166,1.363,1.111,0.33,0.369,0.275,16.941,3.133,0.61,0.262,0.172,3.366,0.581,0.167,0.054,0.063,1.004,2.342,0.563,0.252,0.118,1.478,4.238,0.372,0.43,0.181,0.137,0.069,0.057,0.034,0.045,4.942,4.979,0.993,1.522,0.553,0.663,0.484,0.192,0.297,0.149,2.8,0.842,0.213,0.627,0.235,2.877,1.334,0.407,0.638,0.315,2.156,1.693,0.366,0.657,0.226
1761327887,2025-10-24,neutral,2.425,1.613,0.413,0.336,0.125,0.908,0.969,0.209,0.219,0.226,1.068,0.904,0.245,0.268,0.169,1.529,1.179,0.365,0.396,0.286,8.617,1.794,0.272,0.238,0.168,1.721,0.319,0.078,0.05,0.064,0.743,1.945,0.482,0.292,0.107,1.103,3.765,0.227,0.464,0.165,0.088,0.06,0.053,0.028,0.05,5.3,4.555,1.164,1.55,0.506,0.751,0.413,0.204,0.302,0.126,2.362,0.707,0.225,0.659,0.215,2.331,1.15,0.484,0.617,0.303,1.985,1.771,0.475,0.693,0.223
1761327887,2025-10-24,neutral,15.777,1.832,0.534,0.363,0.122,1.024,0.992,0.228,0.237,0.238,0.99,0.961,0.254,0.314,0.171,1.716,1.382,0.45,0.41,0.293,5.607,1.378,0.174,0.243,0.167,1.219,0.249,0.04,0.051,0.065,0.571,1.459,0.431,0.322,0.101,0.841,3.162,0.165,0.495,0.147,0.055,0.052,0.047,0.023,0.051,7.168,4.234,1.4,1.567,0.466,0.859,0.386,0.204,0.305,0.105,2.061,0.698,0.284,0.692,0.195,1.853,1.101,0.561,0.596,0.293,1.939,1.971,0.617,0.747,0.223
1761327887,2025-10-24,neutral,56.782,2.346,0.772,0.421,0.122,1.083,1.052,0.26,0.271,0.253,0.934,1.025,0.265,0.348,0.172,1.796,1.662,0.571,0.401,0.288,4.3,1.389,0.24,0.257,0.162,0.899,0.27,0.034,0.056,0.066,0.453,0.993,0.412,0.337,0.1,0.697,2.546,0.164,0.518,0.135,0.042,0.044,0.039,0.017,0.05,10.625,3.897,1.549,1.604,0.437,0.93,0.382,0.197,0.31,0.089,1.833,0.797,0.383,0.719,0.18,1.436,1.14,0.613,0.585,0.294,1.867,2.174,0.756,0.806,0.228
1761327887,2025-10-24,neutral,137.594,3.107,1.15,0.498,0.123,1.126,1.112,0.289,0.31,0.267,0.897,1.078,0.276,0.358,0.17,1.756,1.933,0.701,0.371,0.27,4.67,1.463,0.325,0.261,0.151,1.096,0.307,0.036,0.062,0.067,0.413,0.634,0.411,0.333,0.103,0.689,2.011,0.188,0.524,0.128,0.031,0.037,0.031,0.013,0.045,15.324,3.515,1.563,1.68,0.422,0.96,0.378,0.19,0.316,0.081,1.698,0.967,0.499,0.722,0.17,1.213,1.2,0.631,0.579,0.306,1.784,2.266,0.873,0.844,0.237
1761327887,2025-10-24,neutral,250.449,3.921,1.621,0.571,0.12,1.138,1.132,0.304,0.341,0.277,0.877,1.12,0.285,0.337,0.161,1.633,2.12,0.812,0.329,0.241,4.428,1.461,0.396,0.25,0.134,0.903,0.326,0.04,0.068,0.069,0.405,0.43,0.423,0.311,0.107,0.778,1.615,0.212,0.506,0.125,0.029,0.031,0.025,0.01,0.038,19.292,3.113,1.482,1.79,0.421,0.933,0.368,0.187,0.316,0.078,1.626,1.164,0.602,0.692,0.164,1.154,1.227,0.612,0.556,0.322,1.674,2.192,0.95,0.834,0.246
1761327887,2025-10-24,neutral,370.128,4.519,2.073,0.613,0.112,1.228,1.093,0.303,0.354,0.281,0.941,1.158,0.289,0.289,0.144,1.596,2.187,0.875,0.29,0.212,4.142,1.356,0.426,0.224,0.116,0.993,0.313,0.044,0.074,0.073,0.409,0.369,0.428,0.275,0.11,0.944,1.364,0.224,0.461,0.122,0.024,0.029,0.024,0.009,0.03,21.943,2.746,1.429,1.904,0.44,0.986,0.351,0.187,0.302,0.077,1.667,1.333,0.669,0.627,0.156,1.347,1.192,0.56,0.503,0.332,1.765,1.965,0.977,0.764,0.25
1761327888,2025-10-24,neutral,348.115,2.427,1.584,0.38,0.105,1.879,0.652,0.208,0.244,0.206,1.929,1.444,0.28,0.082,0.083,2.649,1.755,0.56,0.244,0.233,1.143,0.528,0.241,0.129,0.095,0.227,0.075,0.054,0.088,0.081,0.379,0.632,0.391,0.132,0.121,1.608,1.003,0.341,0.21,0.096,0.034,0.047,0.048,0.027,0.025,21.352,2.056,3.252,1.77,0.625,1.861,0.288,0.144,0.154,0.063,2.762,1.297,0.606,0.351,0.135,3.026,0.804,0.328,0.238,0.264,4.275,1.254,0.668,0.296,0.196
1761327888,2025-10-24,neutral,228.183,1.636,1.046,0.298,0.122,1.757,0.555,0.184,0.211,0.176,2.072,1.428,0.279,0.069,0.086,2.628,1.564,0.441,0.248,0.253,0.949,0.408,0.221,0.123,0.111,0.177,0.044,0.06,0.093,0.077,0.364,0.677,0.436,0.121,0.124,1.612,0.888,0.382,0.185,0.088,0.04,0.053,0.051,0.033,0.029,24.51,2.235,3.981,1.594,0.652,1.886,0.257,0.121,0.13,0.061,3.047,1.142,0.577,0.329,0.145,3.128,0.755,0.309,0.248,0.237,4.517,1.268,0.569,0.248,0.183
1761327888,2025-10-24,neutral,120.514,1.166,0.601,0.239,0.144,1.484,0.47,0.167,0.185,0.152,2.042,1.312,0.277,0.068,0.092,2.296,1.324,0.346,0.252,0.261,0.787,0.331,0.225,0.118,0.131,0.135,0.032,0.067,0.1,0.07,0.339,0.691,0.504,0.117,0.124,1.532,0.737,0.406,0.174,0.081,0.047,0.061,0.053,0.038,0.032,29.23,2.517,4.487,1.421,0.651,1.698,0.218,0.108,0.117,0.059,3.156,0.974,0.547,0.317,0.158,2.926,0.712,0.294,0.279,0.215,4.22,1.268,0.483,0.226,0.176
1761327888,2025-10-24,neutral,48.905,0.992,0.33,0.201,0.163,1.119,0.393,0.162,0.167,0.137,1.855,1.107,0.277,0.07,0.098,1.759,1.038,0.28,0.255,0.259,0.742,0.274,0.236,0.111,0.151,0.13,0.035,0.073,0.105,0.062,0.315,0.676,0.581,0.116,0.121,1.376,0.573,0.413,0.168,0.076,0.052,0.07,0.056,0.039,0.033,33.16,2.847,4.652,1.267,0.62,1.363,0.183,0.116,0.115,0.06,3.05,0.812,0.517,0.31,0.168,2.47,0.66,0.277,0.306,0.197,3.521,1.216,0.418,0.213,0.174
1761327888,2025-10-24,neutral,13.814,0.977,0.22,0.183,0.174,0.787,0.326,0.169,0.159,0.132,1.6,0.871,0.278,0.075,0.101,1.197,0.746,0.245,0.267,0.253,0.741,0.243,0.251,0.107,0.169,0.125,0.054,0.077,0.108,0.055,0.303,0.634,0.643,0.118,0.115,1.219,0.423,0.405,0.169,0.073,0.054,0.082,0.06,0.038,0.032,35.057,3.213,4.46,1.136,0.564,0.983,0.164,0.143,0.126,0.064,2.816,0.678,0.495,0.317,0.171,1.937,0.609,0.269,0.327,0.186,2.674,1.105,0.385,0.209,0.173
1761327888,2025-10-24,neutral,3.47,1.001,0.207,0.187,0.177,0.528,0.278,0.185,0.163,0.136,1.357,0.683,0.285,0.091,0.103,0.76,0.513,0.243,0.298,0.247,0.831,0.235,0.264,0.112,0.18,0.145,0.097,0.078,0.108,0.049,0.314,0.576,0.676,0.128,0.109,1.091,0.318,0.392,0.188,0.074,0.053,0.093,0.066,0.035,0.031,33.593,3.642,3.972,1.031,0.497,0.657,0.171,0.183,0.153,0.073,2.525,0.603,0.5,0.355,0.169,1.469,0.599,0.296,0.356,0.184,1.954,0.974,0.414,0.232,0.171
1761327889,2025-10-24,neutral,1.798,0.994,0.226,0.21,0.171,0.407,0.26,0.207,0.181,0.146,1.212,0.603,0.301,0.123,0.108,0.552,0.389,0.275,0.352,0.244,0.959,0.246,0.28,0.129,0.184,0.171,0.163,0.079,0.107,0.046,0.356,0.511,0.669,0.149,0.107,1.078,0.28,0.383,0.236,0.075,0.048,0.099,0.068,0.032,0.029,28.974,4.184,3.303,0.951,0.43,0.43,0.201,0.221,0.195,0.086,2.378,0.604,0.541,0.432,0.165,1.26,0.661,0.377,0.409,0.193,1.56,0.875,0.519,0.296,0.168
1761327889,2025-10-24,neutral,2.257,1.036,0.238,0.245,0.162,0.4,0.268,0.229,0.208,0.159,1.183,0.635,0.322,0.169,0.115,0.567,0.37,0.328,0.419,0.244,1.107,0.258,0.294,0.154,0.179,0.215,0.24,0.078,0.104,0.045,0.433,0.462,0.635,0.179,0.11,1.158,0.31,0.392,0.311,0.078,0.041,0.097,0.066,0.028,0.029,22.817,4.809,2.597,0.89,0.372,0.32,0.242,0.242,0.243,0.1,2.43,0.656,0.607,0.537,0.166,1.331,0.783,0.5,0.491,0.211,1.518,0.83,0.68,0.399,0.168
1761327889,2025-10-24,neutral,2.68,1.097,0.234,0.283,0.156,0.485,0.288,0.242,0.237,0.177,1.281,0.733,0.336,0.219,0.125,0.772,0.413,0.383,0.483,0.242,1.162,0.259,0.301,0.183,0.167,0.245,0.309,0.077,0.1,0.044,0.525,0.441,0.58,0.21,0.117,1.344,0.394,0.417,0.399,0.08,0.034,0.085,0.057,0.026,0.029,16.578,5.403,1.977,0.829,0.327,0.293,0.279,0.239,0.286,0.111,2.743,0.712,0.675,0.647,0.177,1.676,0.912,0.633,0.584,0.234,1.737,0.824,0.845,0.519,0.177
1761327889,2025-10-24,neutral,2.971,1.111,0.221,0.313,0.154,0.619,0.302,0.243,0.26,0.197,1.446,0.822,0.334,0.262,0.134,1.091,0.459,0.415,0.52,0.237,1.168,0.242,0.294,0.204,0.15,0.272,0.349,0.075,0.094,0.044,0.628,0.446,0.513,0.23,0.124,1.565,0.494,0.452,0.479,0.084,0.031,0.069,0.043,0.024,0.029,11.653,5.808,1.523,0.753,0.294,0.349,0.305,0.219,0.313,0.116,3.196,0.719,0.716,0.732,0.196,2.14,0.981,0.739,0.659,0.252,2.053,0.818,0.96,0.626,0.194
1761327889,2025-10-24,neutral,3.001,1.037,0.227,0.329,0.156,0.747,0.303,0.24,0.271,0.219,1.612,0.841,0.324,0.286,0.139,1.425,0.461,0.412,0.517,0.229,1.03,0.21,0.274,0.21,0.133,0.259,0.35,0.075,0.084,0.044,0.721,0.461,0.439,0.233,0.129,1.784,0.566,0.488,0.529,0.09,0.032,0.056,0.029,0.024,0.029,8.215,5.878,1.258,0.662,0.27,0.455,0.326,0.193,0.318,0.113,3.654,0.65,0.732,0.766,0.215,2.563,0.954,0.803,0.689,0.259,2.33,0.779,1.011,0.694,0.214
1761327889,2025-10-24,neutral,2.685,0.903,0.278,0.329,0.161,0.825,0.297,0.242,0.266,0.237,1.696,0.785,0.325,0.286,0.14,1.671,0.414,0.377,0.472,0.219,0.914,0.177,0.246,0.203,0.123,0.253,0.315,0.077,0.072,0.044,0.791,0.465,0.37,0.217,0.129,1.904,0.594,0.515,0.538,0.102,0.036,0.051,0.02,0.025,0.028,6.094,5.556,1.136,0.566,0.258,0.616,0.358,0.179,0.303,0.107,3.959,0.55,0.742,0.744,0.229,2.779,0.879,0.828,0.66,0.254,2.458,0.74,1.009,0.708,0.23
1761327889,2025-10-24,neutral,2.207,0.764,0.377,0.315,0.164,0.836,0.292,0.257,0.248,0.249,1.705,0.692,0.352,0.268,0.138,1.786,0.348,0.328,0.401,0.212,0.754,0.163,0.22,0.191,0.124,0.214,0.257,0.083,0.063,0.046,0.861,0.444,0.316,0.192,0.124,1.932,0.586,0.528,0.516,0.12,0.043,0.06,0.024,0.03,0.029,4.848,4.92,1.068,0.478,0.26,0.793,0.42,0.183,0.278,0.102,4.082,0.49,0.775,0.679,0.233,2.788,0.85,0.838,0.586,0.244,2.474,0.761,0.986,0.676,0.239
1761327889,2025-10-24,neutral,1.693,0.672,0.502,0.293,0.164,0.769,0.295,0.281,0.222,0.256,1.635,0.607,0.406,0.242,0.136,1.747,0.297,0.285,0.328,0.213,0.7,0.18,0.21,0.184,0.137,0.203,0.197,0.091,0.058,0.05,0.926,0.401,0.286,0.17,0.117,1.826,0.565,0.527,0.479,0.145,0.053,0.084,0.041,0.039,0.03,4.257,4.129,1.007,0.418,0.274,0.95,0.512,0.202,0.255,0.103,3.962,0.516,0.837,0.604,0.232,2.591,0.942,0.848,0.501,0.241,2.388,0.871,0.965,0.622,0.244
1761327890,2025-10-24,neutral,1.258,0.651,0.618,0.266,0.164,0.658,0.306,0.308,0.195,0.267,1.531,0.57,0.48,0.221,0.136,1.601,0.282,0.271,0.277,0.224,0.633,0.231,0.231,0.19,0.161,0.174,0.151,0.103,0.062,0.056,0.997,0.348,0.286,0.158,0.111,1.62,0.554,0.518,0.447,0.172,0.068,0.117,0.071,0.053,0.033,4.043,3.365,0.978,0.404,0.297,1.039,0.618,0.227,0.247,0.113,3.676,0.627,0.909,0.549,0.231,2.313,1.174,0.858,0.443,0.254,2.254,1.051,0.955,0.572,0.252
1761327890,2025-10-24,neutral,1.06,0.691,0.696,0.239,0.166,0.555,0.328,0.332,0.176,0.288,1.434,0.594,0.558,0.21,0.14,1.439,0.314,0.304,0.258,0.244,0.641,0.3,0.295,0.21,0.19,0.177,0.124,0.121,0.072,0.062,1.066,0.301,0.311,0.16,0.107,1.364,0.569,0.514,0.429,0.197,0.087,0.15,0.105,0.068,0.035,3.993,2.727,1.003,0.447,0.324,1.039,0.709,0.248,0.258,0.13,3.3,0.799,0.967,0.528,0.237,2.023,1.516,0.869,0.437,0.285,2.113,1.251,0.946,0.545,0.269
1761327890,2025-10-24,neutral,1.187,0.846,0.76,0.234,0.176,0.639,0.415,0.378,0.194,0.321,1.463,0.745,0.658,0.219,0.149,1.531,0.467,0.442,0.282,0.275,0.77,0.443,0.437,0.255,0.219,0.215,0.131,0.151,0.091,0.069,1.169,0.304,0.369,0.188,0.11,1.229,0.675,0.553,0.437,0.218,0.11,0.176,0.135,0.083,0.037,4.028,2.316,1.153,0.562,0.351,0.999,0.806,0.288,0.293,0.149,3.132,1.112,1.053,0.56,0.256,2.011,1.984,0.942,0.512,0.326,2.231,1.587,0.973,0.572,0.299
1761327890,2025-10-24,neutral,2.088,1.306,0.939,0.314,0.213,1.411,0.74,0.545,0.315,0.373,2.023,1.202,0.856,0.285,0.177,2.669,1.043,0.861,0.406,0.337,1.543,0.934,0.78,0.382,0.261,0.396,0.225,0.226,0.127,0.08,1.725,0.596,0.557,0.306,0.14,1.792,1.094,0.793,0.529,0.253,0.135,0.189,0.151,0.095,0.038,4.621,2.418,1.598,0.822,0.392,1.175,1.001,0.417,0.38,0.173,4.114,1.916,1.386,0.733,0.316,3.068,2.799,1.28,0.746,0.384,3.617,2.436,1.235,0.751,0.367
1761327890,2025-10-24,neutral,4.321,2.361,1.409,0.56,0.298,3.47,1.537,0.964,0.612,0.444,3.701,2.223,1.264,0.454,0.246,5.852,2.495,1.77,0.715,0.458,3.737,2.175,1.475,0.667,0.341,0.875,0.486,0.383,0.194,0.103,3.432,1.51,1.005,0.598,0.225,3.884,2.156,1.421,0.784,0.336,0.154,0.188,0.15,0.101,0.039,6.589,3.415,2.513,1.316,0.476,1.992,1.438,0.718,0.554,0.21,7.66,3.724,2.235,1.164,0.456,6.291,4.347,2.131,1.242,0.475,7.622,4.33,2.001,1.211,0.508
1761327890,2025-10-24,neutral,8.266,4.141,2.251,1.004,0.442,7.17,2.905,1.692,1.099,0.529,6.827,3.903,1.939,0.75,0.365,11.704,5.047,3.224,1.252,0.645,7.907,4.34,2.54,1.144,0.47,1.781,0.941,0.624,0.295,0.141,6.67,3.217,1.764,1.097,0.377,8.061,4.047,2.481,1.24,0.486,0.166,0.172,0.132,0.102,0.041,10.522,5.463,3.877,2.081,0.618,3.63,2.196,1.212,0.825,0.27,14.519,6.792,3.691,1.913,0.694,12.264,6.861,3.557,2.044,0.609,15.148,7.495,3.389,2.009,0.735
1761327890,2025-10-24,neutral,13.247,6.48,3.362,1.594,0.622,11.958,4.72,2.63,1.697,0.612,10.974,6.055,2.807,1.145,0.522,19.4,8.476,5.021,1.973,0.872,13.312,7.193,3.816,1.76,0.633,2.895,1.539,0.912,0.418,0.192,11.111,5.518,2.718,1.742,0.575,13.835,6.613,3.788,1.845,0.686,0.163,0.145,0.104,0.097,0.043,16.3,8.305,5.432,3.039,0.805,5.939,3.236,1.824,1.156,0.346,23.811,10.865,5.534,2.894,0.997,20.24,10.212,5.334,3.061,0.778,25.2,11.623,5.213,3.051,1.017
1761327890,2025-10-24,neutral,18.401,8.898,4.449,2.184,0.793,17.011,6.629,3.531,2.25,0.673,15.344,8.209,3.648,1.548,0.677,27.566,12.067,6.714,2.722,1.082,19.331,10.056,4.957,2.367,0.787,4.191,2.133,1.166,0.533,0.242,15.815,7.848,3.603,2.372,0.768,20.049,9.306,4.97,2.454,0.886,0.15,0.113,0.075,0.088,0.045,22.664,11.234,6.733,3.987,0.998,8.388,4.368,2.387,1.463,0.422,33.631,15.128,7.265,3.873,1.29,28.636,13.814,6.975,4.06,0.945,35.782,15.868,6.988,4.085,1.285
1761327891,2025-10-24,neutral,21.904,10.743,5.164,2.598,0.899,20.75,8.16,4.109,2.582,0.691,18.457,9.756,4.193,1.84,0.784,33.596,14.854,7.804,3.288,1.207,23.37,12.132,5.626,2.782,0.879,4.947,2.558,1.309,0.604,0.277,19.203,9.533,4.133,2.795,0.897,24.625,11.366,5.616,2.879,1.019,0.125,0.083,0.054,0.076,0.046,27.653,13.299,7.346,4.665,1.142,10.158,5.288,2.718,1.647,0.474,40.708,18.424,8.304,4.553,1.479,34.742,16.724,7.941,4.756,1.057,43.442,19.064,8.129,4.797,1.45
1761327891,2025-10-24,neutral,23.146,11.432,5.235,2.702,0.901,22.554,8.876,4.151,2.578,0.656,19.73,10.193,4.238,1.928,0.807,36.341,15.992,7.932,3.493,1.203,25.461,12.774,5.575,2.859,0.871,5.438,2.674,1.287,0.606,0.284,20.58,10.06,4.114,2.866,0.916,26.538,12.142,5.47,2.973,1.032,0.099,0.059,0.044,0.063,0.044,29.503,13.781,7.051,4.86,1.189,10.821,5.696,2.698,1.639,0.481,43.488,19.717,8.25,4.705,1.493,37.268,18.014,7.872,4.929,1.069,46.485,20.209,8.205,4.952,1.447
1761327891,2025-10-24,neutral,21.316,10.752,4.632,2.468,0.795,21.536,8.589,3.644,2.242,0.571,18.35,9.395,3.763,1.786,0.738,34.449,15.179,7.089,3.275,1.067,23.6,11.852,4.845,2.573,0.761,4.928,2.461,1.121,0.537,0.26,19.085,9.349,3.567,2.566,0.819,24.735,11.43,4.578,2.708,0.915,0.073,0.044,0.042,0.051,0.039,27.728,12.635,5.909,4.519,1.124,9.949,5.457,2.334,1.437,0.436,40.351,18.645,7.115,4.285,1.323,34.824,17.257,6.804,4.527,0.969,43.281,18.972,7.186,4.504,1.268
1761327891,2025-10-24,neutral,17.548,8.953,3.565,1.985,0.612,18.544,7.419,2.763,1.694,0.455,15.303,7.647,2.93,1.47,0.603,29.25,12.74,5.571,2.719,0.843,19.836,9.739,3.672,2.023,0.582,4.226,1.996,0.86,0.419,0.214,15.762,7.733,2.686,2.003,0.64,20.386,9.539,3.254,2.18,0.705,0.055,0.038,0.045,0.041,0.031,23.293,10.544,4.305,3.79,0.973,8.104,4.652,1.744,1.107,0.353,33.298,15.628,5.29,3.451,1.024,29.001,14.709,5.109,3.697,0.783,35.754,15.823,5.42,3.62,0.968
1761327891,2025-10-24,neutral,12.786,6.657,2.38,1.416,0.412,14.219,5.754,1.791,1.113,0.338,11.247,5.535,1.995,1.085,0.446,22.01,9.506,3.848,2.011,0.6,14.212,7.157,2.434,1.389,0.394,2.967,1.434,0.589,0.288,0.159,11.274,5.81,1.759,1.364,0.439,14.654,7.157,1.922,1.568,0.47,0.045,0.039,0.047,0.033,0.024,18.104,8.517,2.723,2.949,0.788,5.752,3.559,1.153,0.747,0.258,24.152,11.717,3.354,2.487,0.689,21.237,11.22,3.322,2.712,0.573,25.971,11.835,3.471,2.598,0.64
1761327891,2025-10-24,neutral,8.637,4.56,1.393,0.917,0.249,10.016,4.07,0.988,0.652,0.247,7.661,3.668,1.195,0.74,0.311,15.1,6.44,2.356,1.36,0.404,9.403,4.828,1.436,0.848,0.249,2.06,0.93,0.363,0.177,0.11,7.411,4.14,1.023,0.826,0.274,9.618,4.988,0.913,1.043,0.279,0.046,0.043,0.048,0.028,0.017,14.272,7.342,1.508,2.264,0.625,4.098,2.57,0.772,0.45,0.179,16.089,8.057,1.789,1.67,0.415,14.244,7.83,1.883,1.848,0.401,17.138,8.155,1.848,1.727,0.376
1761327891,2025-10-24,neutral,6.508,3.216,0.935,0.633,0.165,7.196,2.835,0.628,0.422,0.21,5.709,2.465,0.79,0.538,0.235,10.84,4.365,1.55,0.976,0.305,6.428,3.347,1.011,0.553,0.19,1.393,0.62,0.253,0.113,0.078,5.351,3.134,0.723,0.531,0.188,6.985,3.504,0.513,0.743,0.182,0.055,0.05,0.045,0.026,0.013,13.46,7.228,0.944,1.896,0.536,4.012,2.061,0.769,0.281,0.141,11.693,5.512,1.085,1.235,0.276,10.234,5.406,1.246,1.331,0.326,12.124,5.641,1.058,1.251,0.247
1761327891,2025-10-24,neutral,7.236,3.078,1.298,0.687,0.187,6.702,2.522,0.977,0.496,0.254,6.17,2.181,1.004,0.573,0.24,10.652,3.948,1.814,1.051,0.347,7.042,3.196,1.464,0.635,0.245,1.632,0.615,0.325,0.124,0.073,6.262,3.116,1.054,0.582,0.21,7.669,3.038,0.927,0.762,0.211,0.075,0.062,0.042,0.024,0.011,17.113,8.17,1.228,1.875,0.573,6.019,2.291,1.217,0.274,0.159,12.477,4.824,1.652,1.375,0.325,11.14,4.685,1.801,1.309,0.395,12.76,4.939,1.533,1.353,0.299
1761327892,2025-10-24,neutral,12.025,4.394,2.565,1.109,0.312,9.914,3.431,2.129,0.863,0.385,10.27,2.919,1.891,0.878,0.324,16.855,5.549,3.26,1.644,0.538,12.631,4.662,2.867,1.12,0.412,2.801,0.98,0.601,0.219,0.098,11.244,4.291,2.041,0.994,0.34,13.108,3.779,2.143,1.105,0.365,0.109,0.084,0.04,0.025,0.011,27.558,10.106,2.381,2.099,0.757,10.282,3.3,2.039,0.417,0.234,20.924,6.509,3.559,2.117,0.567,19.267,6.071,3.648,1.778,0.617,21.7,6.417,3.368,2.046,0.527
1761327892,2025-10-24,neutral,19.842,7.025,4.509,1.809,0.508,15.902,5.494,3.902,1.432,0.58,16.996,4.561,3.272,1.393,0.466,27.884,8.962,5.607,2.63,0.845,22.311,7.61,4.952,1.906,0.657,4.906,1.678,1.034,0.379,0.147,19.466,6.571,3.485,1.675,0.547,22,5.652,3.917,1.679,0.606,0.152,0.118,0.04,0.026,0.012,43.466,12.772,4.232,2.408,1.068,15.741,4.846,3.024,0.663,0.349,35.014,10.468,6.458,3.289,0.949,33.179,9.357,6.459,2.581,0.95,37,9.915,6.205,3.155,0.876
1761327892,2025-10-24,neutral,29.478,10.22,6.666,2.614,0.725,23.774,8.086,5.897,2.064,0.795,25.431,6.625,4.803,1.988,0.628,42.074,13.147,8.269,3.75,1.193,34.476,11.236,7.208,2.798,0.924,7.446,2.517,1.518,0.567,0.21,29.508,9.345,5.014,2.46,0.779,33.015,8.104,5.818,2.338,0.875,0.202,0.158,0.043,0.029,0.014,62.723,15.583,6.426,2.677,1.443,21.165,6.39,3.929,0.948,0.473,52.678,15.592,9.663,4.594,1.378,50.64,13.451,9.573,3.488,1.315,56.169,14.338,9.366,4.395,1.26
1761327892,2025-10-24,neutral,36.989,12.927,8.392,3.273,0.898,29.956,10.295,7.531,2.57,0.965,32.03,8.425,6.02,2.479,0.756,53.361,16.671,10.425,4.647,1.477,44.14,14.308,8.964,3.532,1.137,9.461,3.213,1.907,0.726,0.265,37.476,11.675,6.149,3.11,0.966,41.712,10.291,7.272,2.879,1.094,0.236,0.193,0.045,0.032,0.017,78.417,17.753,8.357,2.808,1.772,24.517,7.358,4.489,1.19,0.571,66.691,20.172,12.216,5.624,1.722,64.635,16.922,12.077,4.214,1.601,71.495,18.153,11.912,5.384,1.564
1761327892,2025-10-24,neutral,40.332,14.118,9.11,3.558,0.968,32.777,11.258,8.27,2.781,1.033,35.127,9.267,6.517,2.698,0.803,58.581,18.182,11.338,5.003,1.595,48.356,15.826,9.818,3.889,1.228,10.284,3.544,2.102,0.811,0.296,40.669,12.659,6.481,3.403,1.042,45.785,11.329,7.785,3.112,1.19,0.252,0.207,0.045,0.034,0.02,86.251,18.421,9.4,2.738,1.944,24.663,7.353,4.529,1.31,0.611,73.383,22.448,13.267,6.017,1.865,71.332,18.414,13.148,4.508,1.711,78.679,19.881,13.001,5.779,1.684
1761327892,2025-10-24,neutral,38.237,13.466,8.578,3.367,0.91,30.983,10.673,7.856,2.625,0.975,33.138,8.881,6.133,2.567,0.749,55.296,17.178,10.678,4.683,1.504,46.561,15.891,9.807,3.79,1.172,9.821,3.525,2.104,0.803,0.292,37.519,11.884,5.886,3.233,0.978,43.135,10.812,7.188,2.945,1.128,0.236,0.197,0.043,0.035,0.024,82.647,17.126,9.19,2.465,1.898,21.688,6.398,4.035,1.269,0.582,69.521,21.635,12.472,5.617,1.755,67.86,17.515,12.444,4.258,1.605,75.213,19.138,12.281,5.429,1.581
1761327892,2025-10-24,neutral,32.601,11.287,7.018,2.767,0.746,25.827,8.823,6.447,2.161,0.811,27.059,7.425,5.023,2.134,0.612,45.025,14.067,8.685,3.8,1.235,42.247,15.508,9.423,3.342,1,8.845,3.364,2.011,0.719,0.256,29.666,9.646,4.589,2.663,0.796,34.843,8.914,5.715,2.432,0.933,0.195,0.166,0.042,0.036,0.027,69.083,14.077,7.824,2.04,1.649,16.514,4.834,3.169,1.082,0.498,57.031,18.055,10.153,4.557,1.434,56.767,14.66,10.263,3.54,1.32,64.955,16.468,10.09,4.447,1.295
1761327892,2025-10-24,neutral,26.727,8.383,4.971,1.965,0.537,19.633,6.373,4.517,1.551,0.6,19.033,5.376,3.567,1.549,0.437,31.56,9.891,6.031,2.657,0.882,40.477,15.776,9.213,2.772,0.781,8.439,3.306,1.946,0.608,0.204,20.445,6.714,3.057,1.896,0.558,23.782,6.269,3.898,1.744,0.67,0.143,0.127,0.048,0.039,0.032,49.847,10.071,5.781,1.563,1.292,11.032,3.13,2.179,0.817,0.388,40.398,12.927,7.118,3.193,1.015,42.941,10.865,7.357,2.588,0.954,54.682,13.051,7.224,3.158,0.928
1761327893,2025-10-24,neutral,23.899,5.746,3.075,1.208,0.346,14.885,4.131,2.669,0.981,0.406,11.684,3.367,2.206,0.994,0.28,19.176,5.948,3.536,1.606,0.555,43.027,17.208,9.468,2.306,0.59,8.995,3.483,1.975,0.514,0.155,12.997,4.014,1.761,1.169,0.337,13.377,3.72,2.303,1.094,0.42,0.093,0.096,0.064,0.044,0.037,31.152,6.359,3.702,1.134,0.956,6.6,1.743,1.316,0.556,0.287,25.119,7.885,4.313,1.939,0.626,31.929,7.392,4.628,1.682,0.621,51.398,10.266,4.605,1.95,0.595
1761327893,2025-10-24,neutral,25.051,4.058,1.768,0.68,0.22,12.777,2.635,1.359,0.59,0.277,6.762,1.877,1.245,0.604,0.177,10.814,3.18,1.791,0.897,0.332,50.029,19.26,9.987,2.058,0.47,10.561,3.815,2.063,0.462,0.124,9.499,2.18,0.98,0.651,0.185,6.123,1.898,1.304,0.642,0.242,0.063,0.085,0.091,0.051,0.041,17.792,4.022,2.114,0.838,0.748,4.095,0.902,0.727,0.366,0.218,14.737,4.178,2.388,1.086,0.36,26.409,5.101,2.714,1.037,0.399,56.8,8.925,2.844,1.113,0.378
1761327893,2025-10-24,neutral,28.195,3.505,1.134,0.447,0.174,12.549,2.021,0.728,0.422,0.232,4.169,1.114,0.743,0.419,0.142,6.333,1.877,0.932,0.602,0.233,55.791,20.67,10.233,1.999,0.427,11.812,4.061,2.103,0.446,0.117,9.311,1.327,0.707,0.388,0.119,2.179,1.003,0.933,0.439,0.156,0.051,0.098,0.122,0.059,0.045,11.651,3.246,1.214,0.708,0.707,3.058,0.586,0.428,0.27,0.186,9.182,2.278,1.46,0.707,0.245,25.033,4.209,1.75,0.729,0.311,66.615,9.027,2.036,0.751,0.298
1761327893,2025-10-24,neutral,31.768,3.692,0.976,0.455,0.189,13.608,1.996,0.624,0.438,0.251,3.876,0.92,0.57,0.388,0.159,5.635,1.622,0.719,0.626,0.226,57.012,20.108,9.65,2.001,0.43,12.138,3.953,1.978,0.442,0.131,10.812,1.11,0.729,0.314,0.118,1.552,0.79,0.972,0.428,0.143,0.071,0.132,0.148,0.066,0.048,11.85,3.483,0.898,0.718,0.799,3.127,0.583,0.336,0.247,0.179,8.377,1.747,1.221,0.67,0.245,26.608,4.214,1.471,0.699,0.321,76.149,9.732,1.87,0.778,0.319
1761327893,2025-10-24,neutral,31.696,3.992,0.992,0.586,0.232,13.51,2.125,0.755,0.55,0.299,3.822,0.968,0.524,0.419,0.198,5.513,1.749,0.752,0.798,0.261,50.217,17.139,8.083,1.933,0.439,10.686,3.399,1.655,0.421,0.155,11.721,1.08,0.799,0.32,0.148,1.822,0.828,1.128,0.504,0.169,0.105,0.175,0.161,0.069,0.049,15.469,4.107,0.935,0.811,0.95,3.171,0.687,0.329,0.256,0.18,8.185,1.759,1.215,0.767,0.299,26.091,4.371,1.456,0.81,0.371,76.821,10.004,1.909,1.008,0.38
1761327893,2025-10-24,neutral,28.576,3.973,0.995,0.738,0.28,12.403,2.129,0.913,0.686,0.346,3.987,1.028,0.489,0.451,0.238,5.705,1.859,0.792,0.985,0.299,37.511,12.492,5.822,1.743,0.432,8.002,2.521,1.193,0.376,0.181,10.732,1.03,0.792,0.341,0.183,2.625,0.858,1.223,0.583,0.207,0.158,0.212,0.155,0.07,0.051,20.405,4.756,1.157,0.965,1.095,3.183,0.773,0.329,0.267,0.18,8.504,1.764,1.173,0.859,0.363,23.906,4.206,1.426,0.946,0.417,68.849,9.265,1.876,1.275,0.437
1761327893,2025-10-24,neutral,22.331,3.586,0.948,0.85,0.319,9.956,1.999,1.025,0.795,0.375,3.862,1.063,0.455,0.459,0.266,5.714,1.92,0.802,1.116,0.33,24.323,7.765,3.517,1.466,0.407,5.189,1.63,0.725,0.312,0.199,8.825,0.993,0.708,0.36,0.211,3.528,0.863,1.2,0.629,0.246,0.204,0.231,0.134,0.069,0.053,25.774,5.387,1.621,1.184,1.194,2.938,0.826,0.312,0.269,0.178,8.535,1.711,1.067,0.899,0.415,19.522,3.728,1.317,1.04,0.445,52.795,7.672,1.731,1.472,0.471
1761327893,2025-10-24,neutral,15.179,2.927,0.851,0.876,0.336,7.144,1.769,1.046,0.837,0.376,3.649,1.039,0.421,0.436,0.273,5.499,1.878,0.773,1.145,0.345,13.755,4.177,1.768,1.168,0.368,2.861,0.959,0.373,0.247,0.205,6.539,1.003,0.583,0.363,0.224,4.316,0.839,1.085,0.616,0.276,0.243,0.231,0.106,0.067,0.055,30.18,5.944,2.381,1.45,1.224,2.661,0.837,0.276,0.257,0.172,8.349,1.567,0.938,0.868,0.441,14.508,3.039,1.159,1.047,0.446,34.26,5.692,1.486,1.519,0.475
1761327894,2025-10-24,neutral,10.342,2.224,0.725,0.802,0.329,5.438,1.541,0.972,0.793,0.35,3.415,0.959,0.397,0.382,0.259,5.431,1.735,0.717,1.059,0.346,7.448,2.225,0.813,0.894,0.323,1.467,0.606,0.182,0.188,0.197,4.48,1.05,0.464,0.341,0.219,4.744,0.79,0.933,0.543,0.29,0.254,0.214,0.083,0.066,0.057,32.416,6.399,3.428,1.728,1.189,2.337,0.819,0.233,0.232,0.166,8.061,1.352,0.847,0.767,0.438,10.844,2.383,1.022,0.969,0.423,21.021,4.02,1.198,1.391,0.452
1761327894,2025-10-24,neutral,9.895,1.697,0.602,0.65,0.3,6.183,1.387,0.829,0.673,0.307,3.366,0.868,0.393,0.313,0.234,5.787,1.55,0.655,0.885,0.339,5.863,1.594,0.516,0.656,0.275,1.051,0.503,0.124,0.14,0.177,3.001,1.091,0.383,0.299,0.198,4.633,0.737,0.803,0.433,0.286,0.243,0.185,0.072,0.067,0.057,31.42,6.815,4.745,1.971,1.109,2.11,0.805,0.2,0.206,0.161,7.647,1.171,0.841,0.62,0.414,9.771,1.997,0.985,0.85,0.39,18.246,3.141,0.954,1.133,0.418
1761327894,2025-10-24,neutral,14.08,1.478,0.492,0.473,0.263,9.947,1.34,0.636,0.518,0.264,3.618,0.841,0.398,0.253,0.213,6.885,1.431,0.575,0.688,0.335,6.754,1.619,0.51,0.461,0.235,1.195,0.521,0.123,0.101,0.151,2.078,1.118,0.341,0.253,0.174,4.067,0.752,0.721,0.327,0.27,0.214,0.153,0.073,0.066,0.054,27.772,7.258,6.375,2.133,1.017,1.999,0.833,0.183,0.197,0.161,7.34,1.169,0.898,0.475,0.392,11.6,2.035,1.072,0.749,0.37,26.774,3.172,0.793,0.842,0.396
1761327894,2025-10-24,neutral,22.158,2.068,0.49,0.382,0.26,16.677,1.773,0.502,0.425,0.258,4.717,1.326,0.495,0.265,0.227,9.652,2.197,0.619,0.611,0.378,9.156,2.367,0.611,0.391,0.247,1.669,0.685,0.147,0.088,0.133,1.931,1.603,0.421,0.283,0.18,3.842,1.409,0.779,0.327,0.278,0.181,0.128,0.083,0.063,0.048,23.521,8.168,8.304,2.239,0.974,2.254,1.114,0.216,0.245,0.183,8.443,2.284,1.114,0.47,0.426,16.313,3.091,1.396,0.789,0.418,43.9,4.623,0.902,0.722,0.447
1761327894,2025-10-24,neutral,34.065,4.263,0.898,0.519,0.364,25.863,3.394,0.712,0.53,0.348,8.05,3.168,0.965,0.437,0.324,16.274,5.366,1.251,0.862,0.554,13.766,4.821,1.072,0.612,0.401,2.683,1.194,0.256,0.133,0.149,4.065,3.553,0.905,0.532,0.286,6.098,3.78,1.233,0.585,0.382,0.162,0.114,0.095,0.058,0.039,24.743,10.387,10.449,2.391,1.072,3.661,2.021,0.41,0.406,0.258,14.223,6.215,1.924,0.821,0.616,25.343,6.171,2.327,1.134,0.625,66.172,8.462,1.857,1.053,0.688
1761327894,2025-10-24,neutral,50.193,8.601,1.989,0.962,0.627,37.544,6.718,1.518,0.918,0.58,15.216,6.957,2.082,0.82,0.539,29.463,12.005,2.923,1.567,0.932,21.755,9.811,2.22,1.233,0.767,4.475,2.211,0.513,0.255,0.217,10.169,7.695,2.08,1.099,0.542,13.317,8.609,2.319,1.193,0.637,0.166,0.115,0.105,0.053,0.032,37.625,14.455,12.642,2.707,1.376,6.99,3.813,0.862,0.708,0.41,29.07,14.128,3.787,1.674,1.031,41.331,11.965,4.177,1.872,1.05,92.272,15.418,4.162,1.999,1.201
1761327894,2025-10-24,neutral,68.585,14.68,3.758,1.657,1.033,49.407,11.497,2.923,1.554,0.939,25.691,12.431,3.866,1.376,0.853,48.067,21.663,5.667,2.653,1.495,33.171,17.036,4.128,2.195,1.325,7.122,3.668,0.926,0.442,0.332,20.244,13.767,3.987,1.944,0.939,25.25,15.562,4.019,2.097,1.035,0.192,0.127,0.113,0.054,0.028,61.986,19.953,14.438,3.205,1.868,12.2,6.362,1.566,1.116,0.63,51.945,25.428,6.725,2.965,1.645,62.699,19.957,6.87,2.924,1.66,117.746,24.81,7.766,3.465,1.953
1761327894,2025-10-24,neutral,86.605,21.083,5.841,2.412,1.488,60.086,16.643,4.633,2.27,1.343,37.955,18.376,5.986,1.968,1.194,69.572,32.172,8.967,3.84,2.119,46.137,24.861,6.457,3.251,1.948,10.145,5.23,1.417,0.648,0.466,32.811,20.325,6.298,2.866,1.389,40.14,23.036,6.024,3.075,1.486,0.231,0.144,0.119,0.059,0.027,93.809,25.474,15.449,3.753,2.425,18.444,9.088,2.388,1.53,0.872,80.129,37.52,10.21,4.384,2.318,86.977,28.332,9.897,4.028,2.316,139.923,34.442,11.953,5.078,2.779
1761327895,2025-10-24,neutral,97.62,25.801,7.612,2.979,1.852,65.18,20.549,6.125,2.833,1.671,47.427,22.972,7.826,2.409,1.458,86.09,40.286,11.849,4.747,2.616,56.715,30.838,8.54,4.065,2.447,12.675,6.4,1.844,0.809,0.576,43.363,25.262,8.389,3.578,1.759,52.459,28.674,7.763,3.82,1.851,0.26,0.157,0.125,0.069,0.03,119.135,28.991,15.293,4.13,2.86,23.479,11.128,3.089,1.819,1.065,102.936,46.611,13.232,5.487,2.845,104.485,34.452,12.366,4.838,2.816,149.337,41.241,15.47,6.329,3.431
1761327895,2025-10-24,neutral,100.699,27.164,8.512,3.168,2,65.327,21.813,6.927,3.052,1.811,52.452,24.625,8.793,2.548,1.554,95.036,43.156,13.385,5.066,2.816,62.724,32.81,9.685,4.364,2.649,14.197,6.751,2.065,0.87,0.62,49.787,26.792,9.625,3.845,1.923,59.649,30.454,8.683,4.082,2.002,0.279,0.161,0.129,0.079,0.033,133.193,29.06,13.897,4.122,3.006,26.424,11.748,3.449,1.884,1.143,116.595,49.481,14.832,5.896,3.047,113.521,36.127,13.5,5.078,2.989,148.023,42.736,17.207,6.804,3.686
1761327895,2025-10-24,neutral,91.122,24.668,8.221,2.911,1.879,57.524,19.96,6.758,2.849,1.714,49.448,22.729,8.523,2.336,1.446,89.916,39.761,13.018,4.684,2.645,59.432,30.038,9.474,4.051,2.483,13.53,6.142,2,0.813,0.582,48.274,24.375,9.599,3.576,1.825,57.3,27.739,8.439,3.771,1.883,0.269,0.153,0.129,0.084,0.035,127.311,25.457,11.531,3.671,2.795,25.324,10.728,3.347,1.701,1.076,112.18,45.071,14.406,5.466,2.852,105.899,32.731,12.855,4.658,2.765,129.625,38.331,16.53,6.339,3.452
1761327895,2025-10-24,neutral,73.549,19.234,6.883,2.311,1.535,45.663,15.677,5.734,2.302,1.418,40.76,17.99,7.127,1.849,1.172,74.803,31.407,10.931,3.747,2.164,49.702,23.551,8.02,3.255,2.011,11.417,4.793,1.68,0.66,0.475,40.723,18.969,8.376,2.877,1.501,47.944,21.605,7.143,3.01,1.535,0.241,0.134,0.123,0.082,0.034,107.553,19.46,8.831,2.915,2.291,21.511,8.475,2.842,1.335,0.885,94.848,35.05,12.138,4.37,2.328,87.617,25.535,10.67,3.727,2.22,102.47,29.579,13.717,5.115,2.814
1761327895,2025-10-24,neutral,51.461,12.651,4.959,1.58,1.089,31.548,10.38,4.216,1.599,1.026,28.627,11.978,5.072,1.259,0.825,53.299,20.908,7.838,2.584,1.539,35.36,15.521,5.825,2.257,1.401,8.154,3.152,1.214,0.464,0.334,29.153,12.441,6.401,1.994,1.067,34.094,14.154,5.238,2.065,1.079,0.202,0.11,0.111,0.074,0.03,79.517,12.84,6.363,2.098,1.663,15.69,5.749,2.105,0.907,0.632,68.633,22.788,8.793,3.006,1.653,62.176,16.865,7.629,2.596,1.533,70.718,19.239,9.7,3.561,1.994
1761327895,2025-10-24,neutral,30.96,6.846,3.058,0.944,0.678,19.004,5.641,2.7,0.952,0.662,17.069,6.501,3.017,0.743,0.505,32.454,11.427,4.748,1.548,0.959,21.333,8.336,3.611,1.357,0.844,5.001,1.704,0.753,0.282,0.204,17.72,6.77,4.315,1.197,0.655,20.626,7.639,3.341,1.226,0.654,0.155,0.088,0.095,0.061,0.024,53.47,7.384,4.588,1.453,1.115,10.077,3.353,1.372,0.539,0.393,42.902,11.949,5.448,1.804,1.028,37.939,9.243,4.662,1.598,0.906,42.304,10.266,5.735,2.153,1.241
1761327895,2025-10-24,neutral,15.982,3.05,1.658,0.542,0.393,9.856,2.481,1.566,0.505,0.407,8.7,2.761,1.48,0.412,0.281,16.789,5.043,2.465,0.866,0.552,10.929,3.544,1.958,0.746,0.468,2.624,0.746,0.415,0.155,0.114,9.187,3.13,2.647,0.659,0.362,10.734,3.422,1.93,0.674,0.356,0.117,0.071,0.077,0.047,0.019,35.005,4.067,3.608,1.093,0.786,5.716,1.772,0.826,0.301,0.22,23.207,4.812,2.955,1.034,0.586,19.94,4.244,2.488,0.938,0.472,21.879,4.483,2.808,1.203,0.722
1761327895,2025-10-24,neutral,7.627,1.315,0.883,0.378,0.252,4.72,0.982,0.918,0.287,0.279,4.159,0.949,0.621,0.272,0.165,7.925,2.001,1.232,0.565,0.343,4.91,1.313,1.05,0.445,0.295,1.242,0.303,0.231,0.092,0.071,4.451,1.54,1.6,0.403,0.209,5.296,1.545,1.141,0.427,0.202,0.083,0.059,0.061,0.036,0.014,25.96,2.835,3.166,0.982,0.697,3.227,1.025,0.512,0.191,0.126,11.821,1.556,1.569,0.711,0.352,9.89,1.98,1.275,0.633,0.257,10.624,1.934,1.192,0.754,0.465
1761327896,2025-10-24,neutral,4.216,0.89,0.577,0.354,0.208,2.552,0.547,0.645,0.226,0.239,2.464,0.419,0.3,0.249,0.123,4.239,1.127,0.808,0.508,0.272,2.592,0.744,0.718,0.345,0.257,0.717,0.185,0.166,0.074,0.06,2.639,1.16,1.056,0.328,0.158,3.212,1.055,0.833,0.38,0.147,0.063,0.053,0.047,0.029,0.012,23.163,2.894,2.966,0.994,0.766,2.043,0.775,0.375,0.155,0.091,6.691,0.715,1.038,0.661,0.261,5.79,1.399,0.793,0.555,0.195,6.104,1.352,0.595,0.636,0.381
1761327896,2025-10-24,neutral,3.008,0.931,0.486,0.363,0.199,1.886,0.483,0.553,0.221,0.232,1.951,0.371,0.239,0.259,0.111,3.073,1.028,0.755,0.526,0.25,1.935,0.727,0.651,0.311,0.261,0.581,0.173,0.151,0.074,0.06,2.042,1.081,0.757,0.307,0.148,2.418,0.936,0.75,0.402,0.127,0.047,0.052,0.038,0.025,0.011,23.314,3.508,2.823,1.037,0.87,1.587,0.676,0.329,0.135,0.081,4.626,0.656,0.888,0.679,0.223,4.38,1.387,0.669,0.561,0.195,4.522,1.406,0.492,0.636,0.35
1761327896,2025-10-24,neutral,2.098,1.095,0.467,0.365,0.194,1.541,0.518,0.524,0.219,0.229,1.539,0.439,0.266,0.271,0.102,2.354,1.099,0.791,0.543,0.232,1.433,0.765,0.643,0.282,0.257,0.471,0.173,0.146,0.078,0.06,1.793,1.001,0.553,0.283,0.147,1.745,0.905,0.737,0.436,0.112,0.04,0.057,0.032,0.024,0.011,23.039,4.434,2.632,1.119,0.929,1.187,0.623,0.321,0.112,0.078,3.101,0.783,0.824,0.688,0.191,3.342,1.579,0.666,0.603,0.205,3.346,1.633,0.548,0.672,0.312
1761327896,2025-10-24,neutral,1.437,1.379,0.526,0.369,0.19,1.383,0.683,0.556,0.217,0.229,1.285,0.589,0.36,0.292,0.098,1.993,1.311,0.885,0.552,0.217,1.438,0.84,0.658,0.267,0.243,0.478,0.185,0.146,0.086,0.057,1.811,0.956,0.433,0.254,0.151,1.22,1.096,0.777,0.478,0.105,0.04,0.068,0.029,0.026,0.013,22.001,5.487,2.401,1.262,0.922,0.994,0.646,0.356,0.091,0.08,2.065,1.149,0.816,0.701,0.171,2.64,2.036,0.757,0.682,0.219,2.476,2.087,0.73,0.746,0.272
1761327896,2025-10-24,neutral,1.037,1.797,0.655,0.383,0.189,1.357,1.001,0.637,0.22,0.233,1.137,0.822,0.503,0.328,0.098,1.892,1.694,1.021,0.566,0.207,2.947,1.024,0.691,0.293,0.221,0.778,0.221,0.153,0.099,0.054,2.203,0.958,0.39,0.231,0.161,0.912,1.588,0.825,0.521,0.112,0.045,0.082,0.027,0.03,0.017,20.423,6.464,2.148,1.446,0.854,0.882,0.757,0.424,0.079,0.086,1.546,1.751,0.856,0.726,0.164,2.308,2.702,0.918,0.782,0.234,2.045,2.756,1.001,0.854,0.239
1761327896,2025-10-24,neutral,1.512,2.362,0.801,0.412,0.187,1.503,1.443,0.718,0.24,0.235,1.216,1.12,0.646,0.381,0.1,2.04,2.203,1.151,0.6,0.2,7.186,1.397,0.73,0.389,0.196,1.628,0.293,0.168,0.122,0.05,2.97,0.985,0.418,0.227,0.174,0.878,2.415,0.833,0.555,0.134,0.054,0.095,0.027,0.036,0.022,18.289,7.206,1.875,1.598,0.745,0.988,0.945,0.497,0.077,0.094,1.676,2.522,0.917,0.761,0.17,2.848,3.461,1.074,0.875,0.247,3.354,3.647,1.271,0.977,0.216
1761327896,2025-10-24,neutral,4.066,3.06,0.888,0.455,0.179,2.151,1.922,0.749,0.288,0.231,1.671,1.429,0.728,0.442,0.102,2.548,2.708,1.213,0.667,0.191,16.101,2.052,0.753,0.566,0.174,3.562,0.414,0.182,0.154,0.048,3.629,0.996,0.526,0.25,0.186,1.162,3.516,0.789,0.57,0.167,0.063,0.102,0.027,0.04,0.027,17.178,7.65,1.597,1.637,0.621,1.334,1.177,0.539,0.079,0.103,2.874,3.309,0.958,0.789,0.182,5.457,4.19,1.137,0.931,0.251,9.59,4.792,1.434,1.086,0.201
1761327896,2025-10-24,neutral,9.845,3.838,0.864,0.504,0.165,3.741,2.322,0.702,0.371,0.222,2.712,1.696,0.711,0.497,0.101,3.459,3.044,1.17,0.76,0.183,29.053,2.998,0.747,0.805,0.158,6.282,0.583,0.188,0.194,0.048,4.384,0.98,0.714,0.307,0.193,1.712,4.704,0.713,0.567,0.205,0.073,0.099,0.027,0.043,0.031,16.357,7.823,1.342,1.522,0.506,2.045,1.401,0.526,0.08,0.112,5.346,3.943,0.938,0.794,0.198,11.171,4.805,1.065,0.939,0.246,23.712,6.184,1.419,1.151,0.189
1761327897,2025-10-24,neutral,19.022,4.617,0.738,0.55,0.147,6.505,2.575,0.595,0.488,0.213,4.435,1.901,0.608,0.533,0.098,4.987,3.129,1.027,0.854,0.18,42.433,4.043,0.703,1.049,0.156,9.264,0.763,0.179,0.232,0.052,4.238,0.956,0.96,0.391,0.196,2.561,5.718,0.634,0.55,0.242,0.081,0.087,0.026,0.043,0.034,17.056,7.798,1.143,1.274,0.413,3.099,1.577,0.465,0.078,0.12,9.328,4.354,0.859,0.769,0.218,20.288,5.281,0.883,0.909,0.236,46.316,7.762,1.247,1.162,0.183
1761327897,2025-10-24,neutral,29.673,5.266,0.571,0.581,0.132,9.922,2.657,0.477,0.621,0.208,6.517,2.026,0.475,0.543,0.096,6.768,2.986,0.83,0.915,0.189,50.614,4.992,0.639,1.227,0.172,11.018,0.927,0.156,0.26,0.062,4.15,0.966,1.208,0.483,0.195,3.498,6.275,0.59,0.528,0.275,0.088,0.07,0.024,0.041,0.035,18.252,7.611,1.054,0.975,0.346,4.317,1.673,0.387,0.076,0.127,13.87,4.524,0.757,0.724,0.244,30.947,5.599,0.67,0.867,0.229,72.708,9.294,1.01,1.121,0.189
1761327897,2025-10-24,neutral,39.088,5.632,0.465,0.587,0.129,13.36,2.59,0.409,0.741,0.214,8.461,2.066,0.395,0.526,0.099,8.484,2.703,0.641,0.912,0.212,55.526,5.728,0.564,1.28,0.207,12.2,1.063,0.122,0.269,0.077,3.133,1.009,1.414,0.557,0.194,4.365,6.19,0.599,0.51,0.3,0.098,0.053,0.021,0.039,0.034,20.341,7.285,1.124,0.71,0.303,5.358,1.682,0.344,0.08,0.137,18.046,4.515,0.704,0.672,0.276,40.55,5.743,0.554,0.828,0.232,96.017,10.425,0.857,1.044,0.216
1761327897,2025-10-24,neutral,43.724,5.616,0.506,0.564,0.142,15.505,2.425,0.416,0.819,0.228,9.556,2.053,0.433,0.489,0.107,9.404,2.415,0.516,0.837,0.248,57.402,6.273,0.496,1.204,0.257,12.548,1.178,0.088,0.258,0.097,2.593,1.069,1.528,0.59,0.193,4.859,5.484,0.661,0.497,0.312,0.111,0.04,0.019,0.039,0.032,22.267,6.903,1.367,0.534,0.283,5.848,1.638,0.378,0.094,0.151,20.222,4.442,0.763,0.623,0.31,45.594,5.725,0.63,0.795,0.248,107.864,10.851,0.902,0.945,0.261
1761327897,2025-10-24,neutral,42.47,5.237,0.705,0.517,0.167,15.952,2.225,0.489,0.842,0.243,9.553,2.056,0.598,0.44,0.116,9.379,2.248,0.493,0.712,0.287,58.701,6.819,0.46,1.056,0.314,12.801,1.312,0.066,0.237,0.118,1.666,1.115,1.545,0.575,0.191,4.999,4.406,0.753,0.489,0.309,0.125,0.032,0.017,0.04,0.03,23.629,6.668,1.722,0.455,0.28,5.656,1.593,0.492,0.119,0.169,20.157,4.466,0.959,0.583,0.337,44.785,5.592,0.905,0.76,0.27,104.813,10.498,1.164,0.843,0.314
1761327897,2025-10-24,neutral,35.082,4.6,1.001,0.458,0.197,14.096,2.033,0.583,0.815,0.254,8.243,2.126,0.833,0.388,0.125,8.085,2.257,0.557,0.57,0.321,62.966,7.578,0.477,0.92,0.368,13.598,1.5,0.064,0.218,0.136,1.282,1.113,1.47,0.52,0.187,4.637,3.317,0.856,0.482,0.29,0.137,0.028,0.017,0.042,0.028,23.05,6.7,2.096,0.449,0.29,4.727,1.592,0.643,0.152,0.186,17.393,4.689,1.254,0.545,0.346,37.58,5.386,1.281,0.712,0.286,86.679,9.507,1.539,0.747,0.358
1761327897,2025-10-24,neutral,24.717,3.873,1.289,0.403,0.22,10.959,1.874,0.651,0.754,0.258,6.313,2.267,1.043,0.336,0.129,6.208,2.41,0.662,0.445,0.347,70.095,8.583,0.546,0.861,0.407,15.058,1.742,0.079,0.211,0.146,0.862,1.068,1.347,0.445,0.179,4.106,2.509,0.984,0.47,0.26,0.145,0.027,0.018,0.044,0.027,20.872,6.982,2.449,0.485,0.307,3.475,1.635,0.765,0.187,0.199,13.47,5.06,1.576,0.505,0.333,27.251,5.125,1.608,0.649,0.288,60.861,8.186,1.858,0.662,0.376
1761327897,2025-10-24,neutral,14.237,3.232,1.479,0.364,0.231,7.203,1.75,0.667,0.678,0.257,4.159,2.447,1.152,0.288,0.13,4.078,2.623,0.761,0.361,0.37,79.27,9.569,0.653,0.885,0.425,16.989,1.98,0.104,0.214,0.147,0.702,0.993,1.228,0.372,0.169,3.403,2.114,1.162,0.455,0.225,0.143,0.028,0.018,0.043,0.026,16.905,7.369,2.787,0.545,0.324,2.177,1.691,0.808,0.214,0.204,9.151,5.444,1.862,0.464,0.299,16.309,4.858,1.77,0.581,0.273,34.595,6.905,1.988,0.589,0.363
1761327898,2025-10-24,neutral,6.511,2.754,1.537,0.344,0.227,4.094,1.637,0.638,0.598,0.254,2.474,2.584,1.13,0.248,0.129,2.435,2.787,0.828,0.323,0.398,84.671,10.09,0.748,0.944,0.418,18.137,2.122,0.128,0.22,0.138,0.561,0.917,1.133,0.313,0.158,2.818,2.054,1.387,0.442,0.193,0.135,0.029,0.019,0.04,0.025,12.676,7.657,3.128,0.619,0.337,1.27,1.698,0.765,0.228,0.202,5.835,5.626,2.074,0.43,0.255,8.233,4.57,1.738,0.523,0.248,15.272,5.855,1.906,0.531,0.326
1761327898,2025-10-24,neutral,2.446,2.566,1.547,0.357,0.224,2.355,1.634,0.614,0.536,0.263,1.572,2.69,1.057,0.235,0.136,1.826,2.959,0.915,0.349,0.444,83.377,9.941,0.81,0.998,0.395,17.917,2.13,0.151,0.224,0.124,0.744,0.926,1.091,0.299,0.155,2.595,2.268,1.652,0.467,0.176,0.125,0.031,0.021,0.036,0.024,8.88,7.8,3.462,0.715,0.36,0.966,1.667,0.696,0.245,0.199,4.244,5.744,2.314,0.447,0.229,3.954,4.472,1.686,0.521,0.237,4.797,5.296,1.8,0.53,0.295
1761327898,2025-10-24,neutral,3.804,2.736,1.71,0.503,0.273,4.003,1.886,0.727,0.585,0.332,3.191,2.858,1.12,0.346,0.184,5.208,3.412,1.246,0.579,0.552,70.993,9.357,1.016,1.115,0.402,15.248,2.056,0.217,0.242,0.118,2.865,1.257,1.228,0.439,0.197,5.127,2.728,2.006,0.648,0.212,0.131,0.038,0.024,0.032,0.025,10.013,7.699,3.835,0.965,0.432,2.033,1.689,0.717,0.331,0.214,8.305,6.054,2.827,0.716,0.296,6.822,4.822,2.052,0.745,0.305,5.561,5.331,2.068,0.786,0.354
1761327898,2025-10-24,neutral,11.504,3.485,2.254,0.917,0.436,11.082,2.655,1.126,0.863,0.519,9.334,3.368,1.548,0.701,0.314,16.557,4.677,2.096,1.201,0.776,60.408,9.009,1.609,1.444,0.501,13.206,2.033,0.381,0.307,0.137,9.37,2.242,1.71,0.868,0.326,13.193,3.645,2.555,1.134,0.343,0.148,0.052,0.03,0.032,0.026,20.305,7.631,4.361,1.562,0.602,5.031,1.996,0.955,0.565,0.27,22.486,7.209,3.92,1.492,0.54,18.894,6.179,3.325,1.396,0.527,18.084,6.381,3.152,1.551,0.603
1761327898,2025-10-24,neutral,25.555,4.963,3.231,1.653,0.735,24.606,4.092,1.843,1.424,0.846,20.687,4.439,2.413,1.351,0.543,37.621,7.055,3.546,2.292,1.132,53.723,9.469,2.727,2.079,0.725,11.858,2.175,0.671,0.439,0.186,21.36,3.957,2.599,1.638,0.561,28.183,5.183,3.351,1.978,0.584,0.191,0.073,0.036,0.037,0.03,41.459,8.007,5.136,2.595,0.887,10.368,2.768,1.443,0.977,0.377,48.642,9.671,5.652,2.878,0.992,41.236,8.915,5.639,2.547,0.926,41.638,8.816,5.158,2.928,1.078
1761327898,2025-10-24,neutral,43.774,6.964,4.449,2.618,1.128,42.568,5.999,2.74,2.194,1.267,35.519,5.988,3.561,2.204,0.838,65.646,10.261,5.353,3.711,1.569,59.634,10.879,4.206,2.959,1.044,13.41,2.503,1.045,0.626,0.257,37.306,6.16,3.754,2.637,0.867,47.961,7.197,4.311,3.056,0.899,0.233,0.095,0.042,0.047,0.035,69.351,8.965,6.083,3.947,1.242,17.125,3.935,2.079,1.506,0.519,83.023,13.199,7.728,4.686,1.581,70.525,12.662,8.58,4.041,1.439,72.86,12.329,7.696,4.74,1.704
1761327898,2025-10-24,push,61.917,8.971,5.518,3.568,1.506,60.929,7.896,3.552,2.967,1.672,50.32,7.614,4.631,3.041,1.122,94.219,13.454,7.018,5.099,1.974,74.046,12.665,5.641,3.854,1.368,16.681,2.891,1.405,0.823,0.329,54.624,8.228,4.824,3.603,1.164,68.072,9.167,5.182,4.08,1.207,0.279,0.114,0.044,0.059,0.042,97.288,10.204,6.958,5.286,1.577,24.015,5.18,2.649,2.011,0.654,117.567,16.855,9.526,6.455,2.15,100.042,16.394,11.276,5.501,1.929,104.366,16.033,9.99,6.541,2.312
1761327898,2025-10-24,push,73.704,10.392,6.083,4.206,1.749,72.813,9.233,4.013,3.487,1.932,59.721,8.821,5.271,3.6,1.304,113.372,15.713,8.03,6.024,2.219,88.521,13.963,6.554,4.457,1.581,19.755,3.156,1.636,0.966,0.375,65.416,9.572,5.486,4.235,1.359,81.348,10.49,5.683,4.721,1.412,0.295,0.128,0.043,0.069,0.053,115.639,11.239,7.481,6.182,1.791,28.38,6.104,2.963,2.332,0.739,140.23,19.492,10.471,7.635,2.516,119.818,18.955,12.876,6.478,2.241,125.408,18.786,11.292,7.786,2.705
1761327899,2025-10-24,push,76.351,10.813,5.92,4.32,1.78,75.672,9.615,3.957,3.567,1.963,61.672,9.239,5.239,3.701,1.326,118.347,16.42,8.027,6.185,2.23,93.453,14.135,6.592,4.533,1.606,20.872,3.156,1.651,1.003,0.377,70.383,9.799,5.467,4.326,1.392,84.511,10.754,5.589,4.763,1.455,0.299,0.144,0.041,0.077,0.069,119.677,11.674,7.417,6.323,1.832,29.534,6.404,2.906,2.363,0.745,145.339,20.263,10.192,7.839,2.573,125.142,19.557,12.82,6.66,2.287,130.799,19.705,11.152,8.086,2.766
1761327899,2025-10-24,push,68.916,10.365,5.08,3.886,1.612,67.731,9.081,3.417,3.183,1.772,54.71,8.884,4.582,3.329,1.201,106.163,15.627,7.057,5.56,2.03,81.814,13.068,5.794,4.051,1.449,17.914,2.866,1.462,0.924,0.336,62.72,9.035,4.849,3.867,1.27,75.286,9.994,4.907,4.204,1.352,0.267,0.167,0.042,0.082,0.09,107.398,11.468,6.763,5.664,1.718,26.341,6.074,2.511,2.098,0.682,130.027,19.186,8.791,7.037,2.349,114.315,18.493,11.139,6.024,2.095,119.271,18.926,9.66,7.386,2.516
1761327899,2025-10-24,neutral,55.604,9.63,3.866,3.086,1.339,52.335,8.081,2.613,2.49,1.456,42.305,8.113,3.585,2.652,1.006,82.55,13.975,5.525,4.423,1.739,63.399,11.119,4.524,3.212,1.203,13.924,2.369,1.154,0.764,0.273,50.637,7.721,3.896,3.053,1.071,57.932,8.663,3.868,3.265,1.192,0.249,0.201,0.05,0.088,0.111,83.902,10.947,5.746,4.479,1.544,20.732,5.383,1.937,1.643,0.592,101.107,17.075,6.794,5.578,2.006,94.214,17.028,8.466,4.878,1.81,97.992,17.511,7.413,6.002,2.117
1761327899,2025-10-24,neutral,41.097,9.261,2.665,2.217,1.09,34.599,7.189,1.83,1.748,1.15,27.907,7.365,2.615,1.928,0.845,54.776,12.273,3.99,3.204,1.504,41.515,9.107,3.265,2.336,0.999,8.817,1.848,0.845,0.587,0.218,32.694,6.414,3.024,2.179,0.9,37.472,7.309,2.825,2.278,1.091,0.243,0.25,0.071,0.096,0.131,56.482,10.529,4.784,3.235,1.42,13.952,4.718,1.393,1.166,0.528,67.598,14.973,4.887,4.013,1.745,71.969,16.636,5.687,3.706,1.609,75.235,16.828,5.17,4.461,1.776
1761327899,2025-10-24,neutral,30.165,9.579,1.788,1.545,0.956,19.565,6.783,1.286,1.187,0.958,15.923,6.932,1.948,1.387,0.789,31.143,11.091,2.909,2.274,1.42,22.265,7.65,2.386,1.698,0.933,4.675,1.449,0.626,0.451,0.19,18.946,5.46,2.506,1.502,0.832,20.016,6.347,2.132,1.536,1.118,0.291,0.318,0.109,0.107,0.143,33.211,10.502,4.34,2.355,1.406,8.339,4.37,1.049,0.814,0.523,39.171,13.612,3.64,2.831,1.692,56.204,18.059,3.574,2.913,1.604,59.306,17.67,3.544,3.232,1.632
1761327899,2025-10-24,neutral,25.231,10.391,1.361,1.185,0.947,10.884,6.875,1.055,0.907,0.901,8.711,6.811,1.675,1.12,0.837,17.086,10.579,2.465,1.783,1.481,11.067,6.958,2.018,1.396,1.011,2.181,1.213,0.534,0.382,0.193,8.513,4.969,2.463,1.126,0.871,9.238,5.921,1.951,1.156,1.258,0.416,0.428,0.158,0.122,0.148,19.159,10.837,4.607,2,1.481,4.861,4.372,0.962,0.649,0.572,22.011,13.102,3.246,2.224,1.83,49.967,20.797,2.464,2.625,1.778,53.995,19.764,2.759,2.517,1.685
1761327899,2025-10-24,neutral,24.295,11.11,1.294,1.075,0.997,7.582,7.159,1.054,0.852,0.924,5.742,6.753,1.667,1.066,0.923,11.491,10.574,2.49,1.63,1.585,6.041,6.947,2.004,1.335,1.153,1.276,1.104,0.534,0.367,0.215,5.083,4.801,2.724,0.988,0.957,4.465,5.945,2.175,1.059,1.42,0.698,0.628,0.208,0.138,0.144,12.876,11.229,5.362,2.048,1.559,3.426,4.535,1.063,0.637,0.635,14.807,13.026,3.445,2.061,2.016,50.541,23.367,2.15,2.676,1.999,55.532,21.886,2.603,2.216,1.81
1761327899,2025-10-24,neutral,25.266,11.168,1.385,1.065,1.017,7.92,7.245,1.119,0.891,0.937,5.39,6.466,1.707,1.083,0.958,11.319,10.804,2.638,1.593,1.604,5.425,7.425,2.039,1.329,1.247,1.449,1.064,0.561,0.376,0.233,3.834,4.781,3.047,0.937,1.003,3.532,6.208,2.522,1.07,1.491,1.195,0.986,0.245,0.155,0.136,11.395,11.328,6.125,2.212,1.547,3.288,4.605,1.205,0.687,0.663,13.9,12.81,3.751,2.044,2.075,53.439,24.255,2.157,2.766,2.104,59.819,22.701,2.675,2.076,1.846
1761327900,2025-10-24,neutral,25.634,10.488,1.46,1.041,0.957,9.723,7.005,1.129,0.918,0.887,5.664,5.918,1.657,1.066,0.894,12.465,11.147,2.665,1.516,1.474,5.904,8.273,1.929,1.243,1.225,1.97,1.098,0.562,0.382,0.233,4.527,4.877,3.194,0.864,0.956,3.629,6.567,2.736,1.058,1.407,1.899,1.524,0.259,0.171,0.126,10.702,11.019,6.494,2.261,1.414,3.53,4.506,1.277,0.722,0.631,14.389,12.291,3.808,1.957,1.916,53.577,22.831,2.137,2.699,2.007,61.998,21.724,2.686,1.919,1.707
1761327900,2025-10-24,neutral,24.709,9.834,1.559,1.021,0.857,11.594,6.92,1.155,0.948,0.811,6.201,5.549,1.595,1.037,0.767,13.724,11.881,2.683,1.444,1.264,7.46,9.543,1.786,1.134,1.118,2.805,1.357,0.549,0.391,0.22,6.312,5.358,3.196,0.815,0.843,4.843,7.181,2.812,1.06,1.212,2.695,2.178,0.249,0.186,0.118,10.573,10.61,6.439,2.206,1.239,4.231,4.55,1.295,0.732,0.557,15.273,12.069,3.723,1.857,1.615,49.583,19.959,2.153,2.535,1.773,60.667,20.017,2.752,1.797,1.468
1761327900,2025-10-24,neutral,23.304,10.7,1.974,1.125,0.826,14.6,8.099,1.553,1.093,0.813,7.954,6.249,1.832,1.11,0.671,17.152,14.102,3.228,1.574,1.136,12.113,11.798,2.063,1.212,1.042,4.323,2.034,0.61,0.432,0.217,11.678,6.912,3.419,0.966,0.763,8.99,8.834,3.14,1.249,1.032,3.371,2.791,0.221,0.197,0.112,13.671,10.902,6.383,2.257,1.176,6.069,5.285,1.436,0.765,0.492,19.233,13.828,4.126,2.003,1.376,42.89,18.568,2.524,2.536,1.585,58.111,20.374,3.407,1.92,1.31
1761327900,2025-10-24,neutral,25.749,14.133,3.057,1.477,0.962,19.052,11.349,2.728,1.458,0.984,13.089,8.644,2.696,1.404,0.702,26.661,18.642,4.876,2.089,1.243,22.847,15.485,3.221,1.676,1.116,7.009,3.22,0.847,0.532,0.244,21.706,10.029,4.298,1.479,0.813,18.83,12.144,4.228,1.797,0.998,3.727,3.17,0.186,0.2,0.104,24.765,12.549,6.932,2.628,1.356,10.535,7.039,1.915,0.886,0.488,32.19,18.842,5.737,2.646,1.392,43.426,21.357,3.597,2.99,1.634,63.214,25.075,5.257,2.492,1.408
1761327900,2025-10-24,neutral,31.718,19.908,4.906,2.1,1.284,24.528,16.529,4.774,2.053,1.337,21.047,12.597,4.261,1.945,0.892,41.376,25.336,7.747,3.015,1.623,38.404,20.434,5.356,2.558,1.378,10.526,4.775,1.288,0.69,0.306,36.388,14.573,6.015,2.364,1.03,33.504,17.012,6.276,2.726,1.166,3.636,3.179,0.155,0.193,0.094,43.063,15.495,8.409,3.376,1.8,17.055,9.621,2.818,1.123,0.566,53.17,26.947,8.787,3.824,1.735,50.136,29.059,5.455,3.992,1.997,75.817,34.203,8.472,3.536,1.812
1761327900,2025-10-24,neutral,41.207,26.37,7.199,2.866,1.706,29.985,22.332,7.319,2.749,1.782,31.1,17.072,6.218,2.625,1.186,59.781,32.693,11.276,4.153,2.164,56.475,25.593,8.042,3.659,1.759,14.345,6.304,1.853,0.869,0.389,52.916,19.548,8.265,3.428,1.358,50.868,22.38,8.96,3.847,1.483,3.117,2.801,0.138,0.174,0.081,65.904,18.878,10.569,4.33,2.386,24.839,12.305,3.993,1.435,0.7,79.659,36.187,12.711,5.282,2.297,63.691,39.682,7.755,5.338,2.584,95.13,45.142,12.492,4.827,2.406
1761327900,2025-10-24,neutral,49.479,31.102,9.216,3.535,2.074,33.39,26.779,9.574,3.323,2.159,39.55,20.522,7.933,3.227,1.463,75.119,38.378,14.314,5.145,2.653,69.589,29.417,10.405,4.616,2.102,16.872,7.327,2.355,1.011,0.462,65.957,23.424,10.33,4.335,1.668,65.224,26.574,11.452,4.818,1.805,2.334,2.145,0.132,0.146,0.066,85.749,21.404,12.627,5.149,2.895,31.121,14.108,5.064,1.719,0.829,102.327,43.474,16.224,6.546,2.839,75.859,49.25,9.76,6.584,3.173,111.612,53.648,16.067,5.953,2.953
1761327900,2025-10-24,neutral,53.292,32.009,10.195,3.861,2.235,33.309,28.056,10.738,3.556,2.316,43.586,21.53,8.755,3.52,1.603,82.125,40.034,15.713,5.638,2.881,73.632,30.732,11.641,5.08,2.251,17.05,7.513,2.622,1.063,0.495,71.433,24.757,11.409,4.755,1.824,71.792,27.96,12.824,5.29,1.979,1.493,1.401,0.131,0.114,0.051,95.575,21.861,13.663,5.489,3.116,33.841,14.263,5.609,1.86,0.893,113.237,45.863,17.963,7.14,3.113,81.225,53.712,10.707,7.256,3.527,118.019,55.819,17.866,6.503,3.219
1761327901,2025-10-24,neutral,50.211,28.616,9.746,3.715,2.119,29.449,25.564,10.374,3.347,2.183,41.502,19.61,8.358,3.377,1.542,77.695,36.722,14.902,5.454,2.746,70.322,29.059,11.34,4.878,2.13,15.752,6.869,2.559,1.002,0.474,66.926,22.939,11.028,4.527,1.751,68.114,25.823,12.538,5.078,1.92,0.821,0.758,0.127,0.083,0.038,91.771,19.814,13.124,5.189,2.956,31.941,12.844,5.442,1.801,0.871,108.023,42.223,17.213,6.812,2.996,76.623,51.351,10.272,7.09,3.523,109.631,50.481,17.196,6.259,3.097
1761327901,2025-10-24,neutral,41.085,22.053,7.984,3.14,1.762,22.764,20.093,8.594,2.751,1.798,33.81,15.369,6.858,2.827,1.301,62.985,29.271,12.101,4.658,2.293,63.809,25.018,9.65,4.086,1.768,13.693,5.688,2.184,0.843,0.405,53.796,18.434,9.241,3.723,1.466,55.125,20.702,10.668,4.233,1.645,0.38,0.325,0.116,0.057,0.028,75.595,15.812,11.074,4.329,2.478,26.662,10.625,4.722,1.599,0.803,87.995,33.635,14.179,5.646,2.528,63.475,43.09,8.605,6.139,3.193,88.511,39.345,14.216,5.292,2.638
1761327901,2025-10-24,neutral,28.737,14.405,5.511,2.334,1.285,15.261,13.408,6.015,1.96,1.288,23.349,10.195,4.771,2.05,0.966,43.154,19.881,8.26,3.525,1.681,60.76,19.923,7.214,2.988,1.282,12.742,4.396,1.635,0.637,0.311,36.421,12.592,6.625,2.617,1.065,37.581,14.139,7.883,3.038,1.253,0.171,0.102,0.096,0.037,0.02,53.21,11.027,8.25,3.202,1.868,21.929,8.735,3.922,1.394,0.762,60.368,22.812,9.915,4.031,1.881,46.237,31.754,6.317,4.734,2.69,60.925,25.936,9.954,3.929,2.014
1761327901,2025-10-24,neutral,16.619,7.824,3.138,1.541,0.834,8.56,7.43,3.471,1.206,0.803,13.063,5.595,2.768,1.281,0.646,23.906,11.157,4.593,2.398,1.106,64.726,15.204,4.841,1.936,0.819,13.413,3.332,1.091,0.441,0.221,20.027,7.053,4.001,1.553,0.671,20.607,8.023,5.109,1.855,0.874,0.08,0.024,0.073,0.023,0.014,31.851,6.767,5.605,2.144,1.343,20.127,8.058,3.535,1.319,0.805,33.39,12.894,5.819,2.46,1.271,29.508,20.753,4.138,3.305,2.197,34.461,14.091,5.802,2.578,1.429
1761327901,2025-10-24,neutral,7.628,3.597,1.46,0.948,0.512,3.886,3.417,1.608,0.661,0.454,5.731,2.543,1.353,0.706,0.42,10.014,5.034,2.003,1.537,0.708,73.898,11.796,3.119,1.184,0.489,15.31,2.625,0.694,0.3,0.156,8.512,3.08,2.051,0.781,0.382,8.482,3.773,3.076,0.969,0.605,0.04,0.008,0.049,0.014,0.01,17.319,3.905,3.773,1.377,1.044,22.755,8.687,3.759,1.413,0.933,13.961,6.074,2.946,1.307,0.854,17.12,12.531,2.559,2.184,1.84,15.149,6.253,2.805,1.549,1.023
